seed,delta_e,tau_arf
2684470948,0.1,158
4091952314,0.1,720
233227757,0.1,1131
3276785861,0.1,712
3644269654,0.1,31
1206282609,0.1,171
3543069911,0.1,1094
3479688010,0.1,258
877132087,0.1,387
1244265337,0.1,426
2740186692,0.1,820
3884972972,0.1,186
829139639,0.1,266
2545567356,0.1,468
2718398101,0.1,436
176092387,0.1,360
3528048386,0.1,355
569531098,0.1,713
1337295874,0.1,976
612016888,0.1,352
232150720,0.1,617
2324106676,0.1,203
1658700540,0.1,1342
609942288,0.1,122
3405943863,0.1,1054
2257503667,0.1,389
4018327298,0.1,607
2224437599,0.1,383
168388230,0.1,938
911875363,0.1,351
3699796293,0.1,658
3195154224,0.1,442
3621210587,0.1,19
1945778437,0.1,508
2384190687,0.1,968
3249086786,0.1,50
439485575,0.1,576
2217192537,0.1,74
3412522237,0.1,281
555567425,0.1,242
3399977417,0.1,38
2903099886,0.1,847
151712926,0.1,446
1207582415,0.1,583
2486821540,0.1,246
1259821421,0.1,545
597594931,0.1,670
2865206418,0.1,19
3003750881,0.1,228
3312495928,0.1,646
3078168926,0.1,554
1005097259,0.1,584
1646080115,0.1,359
2175304393,0.1,400
3907648593,0.1,900
1971688097,0.1,891
268300483,0.1,777
3139098279,0.1,250
3174456534,0.1,40
997026310,0.1,741
4280428995,0.1,48
345698675,0.1,410
2296661869,0.1,12
1808063307,0.1,264
3884888703,0.1,246
2494461129,0.1,135
3862701690,0.1,688
1989052338,0.1,685
2910179760,0.1,766
1983180500,0.1,651
2796940620,0.1,562
2835193311,0.1,476
1671370085,0.1,654
3953588250,0.1,652
358542842,0.1,284
3497188667,0.1,750
253549709,0.1,296
1953331372,0.1,357
890775398,0.1,414
642810498,0.1,707
1233062494,0.1,251
908446902,0.1,224
3109591194,0.1,409
2446198906,0.1,8
3358664237,0.1,289
896344283,0.1,664
1869944201,0.1,376
3190319407,0.1,294
987968938,0.1,522
48960437,0.1,529
2405484524,0.1,729
3763400334,0.1,680
4209925572,0.1,440
4172993659,0.1,938
2147595062,0.1,234
3425188374,0.1,506
3309235867,0.1,1389
3869940862,0.1,82
3445858407,0.1,157
683688611,0.1,1044
3671515462,0.1,314
3027130951,0.1,449
3369736057,0.1,1076
1655287705,0.1,205
3004971955,0.1,302
1256815592,0.1,557
267482411,0.1,547
2210323869,0.1,779
3218958405,0.1,727
3163371865,0.1,38
1394697297,0.1,433
4178031102,0.1,57
643453088,0.1,48
3249835323,0.1,202
349764347,0.1,533
317791015,0.1,769
4067508317,0.1,230
2385507088,0.1,280
1526028037,0.1,383
297824171,0.1,763
1353143832,0.1,213
1739382006,0.1,518
580680804,0.1,632
2823014988,0.1,393
3517474495,0.1,26
1323262800,0.1,554
975802718,0.1,572
2199045525,0.1,734
1193102617,0.1,146
884894373,0.1,246
3411013638,0.1,27
805745625,0.1,186
3780170430,0.1,180
3127142703,0.1,9
2145807442,0.1,682
7356014,0.1,385
1854214563,0.1,356
3246756741,0.1,504
4269520782,0.1,104
3093880402,0.1,247
721312908,0.1,53
2185234596,0.1,359
1811372632,0.1,1
158871473,0.1,136
3933942357,0.1,1
2247311752,0.1,312
2639539135,0.1,658
588020478,0.1,382
2481404281,0.1,5
3605935409,0.1,368
1724216363,0.1,475
3705963873,0.1,4
3077038052,0.1,495
3012538924,0.1,1185
339579960,0.1,462
3595527923,0.1,325
863450078,0.1,801
1293846983,0.1,756
297175216,0.1,945
1619853330,0.1,315
1315304267,0.1,216
3174143715,0.1,323
1039824701,0.1,702
721441559,0.1,109
4105799406,0.1,452
1633137197,0.1,151
1521883525,0.1,503
3988848284,0.1,607
2356674901,0.1,273
3622559309,0.1,312
855568988,0.1,345
2610361744,0.1,209
3797455899,0.1,79
3701701166,0.1,120
1820757617,0.1,237
3255375637,0.1,676
1973362254,0.1,317
817567550,0.1,558
3034277235,0.1,324
422340604,0.1,872
2537213971,0.1,1032
2777209301,0.1,362
3393578195,0.1,132
968986378,0.1,248
688328363,0.1,224
4152859901,0.1,328
1795468969,0.1,778
2590496957,0.1,447
3299187091,0.1,1675
1977285233,0.1,270
2229299064,0.1,897
621973311,0.1,30
3137073118,0.1,282
1722482046,0.1,206
2843863878,0.1,335
3220027874,0.1,285
2854411774,0.1,386
656915034,0.1,20
3284494407,0.1,352
1067328885,0.1,460
2684470948,0.12000000000000001,312
4091952314,0.12000000000000001,933
233227757,0.12000000000000001,990
3276785861,0.12000000000000001,652
3644269654,0.12000000000000001,31
1206282609,0.12000000000000001,327
3543069911,0.12000000000000001,958
3479688010,0.12000000000000001,453
877132087,0.12000000000000001,590
1244265337,0.12000000000000001,320
2740186692,0.12000000000000001,1408
3884972972,0.12000000000000001,186
829139639,0.12000000000000001,279
2545567356,0.12000000000000001,235
2718398101,0.12000000000000001,507
176092387,0.12000000000000001,1056
3528048386,0.12000000000000001,644
569531098,0.12000000000000001,932
1337295874,0.12000000000000001,154
612016888,0.12000000000000001,352
232150720,0.12000000000000001,485
2324106676,0.12000000000000001,875
1658700540,0.12000000000000001,506
609942288,0.12000000000000001,508
3405943863,0.12000000000000001,1000
2257503667,0.12000000000000001,469
4018327298,0.12000000000000001,590
2224437599,0.12000000000000001,462
168388230,0.12000000000000001,950
911875363,0.12000000000000001,286
3699796293,0.12000000000000001,247
3195154224,0.12000000000000001,597
3621210587,0.12000000000000001,19
1945778437,0.12000000000000001,312
2384190687,0.12000000000000001,357
3249086786,0.12000000000000001,50
439485575,0.12000000000000001,555
2217192537,0.12000000000000001,113
3412522237,0.12000000000000001,257
555567425,0.12000000000000001,491
3399977417,0.12000000000000001,641
2903099886,0.12000000000000001,375
151712926,0.12000000000000001,500
1207582415,0.12000000000000001,689
2486821540,0.12000000000000001,290
1259821421,0.12000000000000001,612
597594931,0.12000000000000001,777
2865206418,0.12000000000000001,353
3003750881,0.12000000000000001,327
3312495928,0.12000000000000001,556
3078168926,0.12000000000000001,567
1005097259,0.12000000000000001,540
1646080115,0.12000000000000001,388
2175304393,0.12000000000000001,229
3907648593,0.12000000000000001,824
1971688097,0.12000000000000001,695
268300483,0.12000000000000001,762
3139098279,0.12000000000000001,344
3174456534,0.12000000000000001,566
997026310,0.12000000000000001,389
4280428995,0.12000000000000001,48
345698675,0.12000000000000001,216
2296661869,0.12000000000000001,12
1808063307,0.12000000000000001,205
3884888703,0.12000000000000001,242
2494461129,0.12000000000000001,177
3862701690,0.12000000000000001,702
1989052338,0.12000000000000001,295
2910179760,0.12000000000000001,629
1983180500,0.12000000000000001,357
2796940620,0.12000000000000001,338
2835193311,0.12000000000000001,529
1671370085,0.12000000000000001,987
3953588250,0.12000000000000001,693
358542842,0.12000000000000001,146
3497188667,0.12000000000000001,428
253549709,0.12000000000000001,320
1953331372,0.12000000000000001,849
890775398,0.12000000000000001,662
642810498,0.12000000000000001,601
1233062494,0.12000000000000001,273
908446902,0.12000000000000001,235
3109591194,0.12000000000000001,458
2446198906,0.12000000000000001,8
3358664237,0.12000000000000001,310
896344283,0.12000000000000001,661
1869944201,0.12000000000000001,356
3190319407,0.12000000000000001,358
987968938,0.12000000000000001,362
48960437,0.12000000000000001,302
2405484524,0.12000000000000001,255
3763400334,0.12000000000000001,529
4209925572,0.12000000000000001,148
4172993659,0.12000000000000001,1002
2147595062,0.12000000000000001,324
3425188374,0.12000000000000001,650
3309235867,0.12000000000000001,1313
3869940862,0.12000000000000001,143
3445858407,0.12000000000000001,191
683688611,0.12000000000000001,829
3671515462,0.12000000000000001,290
3027130951,0.12000000000000001,72
3369736057,0.12000000000000001,991
1655287705,0.12000000000000001,318
3004971955,0.12000000000000001,263
1256815592,0.12000000000000001,285
267482411,0.12000000000000001,532
2210323869,0.12000000000000001,669
3218958405,0.12000000000000001,403
3163371865,0.12000000000000001,346
1394697297,0.12000000000000001,922
4178031102,0.12000000000000001,57
643453088,0.12000000000000001,56
3249835323,0.12000000000000001,195
349764347,0.12000000000000001,425
317791015,0.12000000000000001,524
4067508317,0.12000000000000001,381
2385507088,0.12000000000000001,540
1526028037,0.12000000000000001,235
297824171,0.12000000000000001,920
1353143832,0.12000000000000001,270
1739382006,0.12000000000000001,216
580680804,0.12000000000000001,889
2823014988,0.12000000000000001,501
3517474495,0.12000000000000001,26
1323262800,0.12000000000000001,755
975802718,0.12000000000000001,546
2199045525,0.12000000000000001,873
1193102617,0.12000000000000001,138
884894373,0.12000000000000001,434
3411013638,0.12000000000000001,304
805745625,0.12000000000000001,186
3780170430,0.12000000000000001,218
3127142703,0.12000000000000001,9
2145807442,0.12000000000000001,684
7356014,0.12000000000000001,398
1854214563,0.12000000000000001,374
3246756741,0.12000000000000001,478
4269520782,0.12000000000000001,83
3093880402,0.12000000000000001,290
721312908,0.12000000000000001,206
2185234596,0.12000000000000001,355
1811372632,0.12000000000000001,1
158871473,0.12000000000000001,124
3933942357,0.12000000000000001,1
2247311752,0.12000000000000001,316
2639539135,0.12000000000000001,579
588020478,0.12000000000000001,488
2481404281,0.12000000000000001,5
3605935409,0.12000000000000001,423
1724216363,0.12000000000000001,711
3705963873,0.12000000000000001,4
3077038052,0.12000000000000001,545
3012538924,0.12000000000000001,273
339579960,0.12000000000000001,441
3595527923,0.12000000000000001,378
863450078,0.12000000000000001,640
1293846983,0.12000000000000001,989
297175216,0.12000000000000001,1171
1619853330,0.12000000000000001,288
1315304267,0.12000000000000001,201
3174143715,0.12000000000000001,358
1039824701,0.12000000000000001,526
721441559,0.12000000000000001,117
4105799406,0.12000000000000001,378
1633137197,0.12000000000000001,157
1521883525,0.12000000000000001,738
3988848284,0.12000000000000001,583
2356674901,0.12000000000000001,246
3622559309,0.12000000000000001,196
855568988,0.12000000000000001,319
2610361744,0.12000000000000001,237
3797455899,0.12000000000000001,1521
3701701166,0.12000000000000001,131
1820757617,0.12000000000000001,252
3255375637,0.12000000000000001,893
1973362254,0.12000000000000001,325
817567550,0.12000000000000001,528
3034277235,0.12000000000000001,100
422340604,0.12000000000000001,671
2537213971,0.12000000000000001,1181
2777209301,0.12000000000000001,339
3393578195,0.12000000000000001,253
968986378,0.12000000000000001,415
688328363,0.12000000000000001,314
4152859901,0.12000000000000001,495
1795468969,0.12000000000000001,584
2590496957,0.12000000000000001,464
3299187091,0.12000000000000001,1624
1977285233,0.12000000000000001,407
2229299064,0.12000000000000001,797
621973311,0.12000000000000001,30
3137073118,0.12000000000000001,282
1722482046,0.12000000000000001,246
2843863878,0.12000000000000001,376
3220027874,0.12000000000000001,388
2854411774,0.12000000000000001,302
656915034,0.12000000000000001,483
3284494407,0.12000000000000001,370
1067328885,0.12000000000000001,200
2684470948,0.14,304
4091952314,0.14,957
233227757,0.14,850
3276785861,0.14,671
3644269654,0.14,326
1206282609,0.14,340
3543069911,0.14,994
3479688010,0.14,818
877132087,0.14,301
1244265337,0.14,288
2740186692,0.14,953
3884972972,0.14,219
829139639,0.14,292
2545567356,0.14,157
2718398101,0.14,732
176092387,0.14,972
3528048386,0.14,294
569531098,0.14,1019
1337295874,0.14,131
612016888,0.14,233
232150720,0.14,629
2324106676,0.14,1238
1658700540,0.14,452
609942288,0.14,424
3405943863,0.14,786
2257503667,0.14,480
4018327298,0.14,631
2224437599,0.14,556
168388230,0.14,408
911875363,0.14,85
3699796293,0.14,1076
3195154224,0.14,435
3621210587,0.14,19
1945778437,0.14,721
2384190687,0.14,346
3249086786,0.14,482
439485575,0.14,367
2217192537,0.14,218
3412522237,0.14,256
555567425,0.14,407
3399977417,0.14,440
2903099886,0.14,237
151712926,0.14,302
1207582415,0.14,521
2486821540,0.14,277
1259821421,0.14,714
597594931,0.14,698
2865206418,0.14,213
3003750881,0.14,363
3312495928,0.14,281
3078168926,0.14,436
1005097259,0.14,514
1646080115,0.14,812
2175304393,0.14,207
3907648593,0.14,291
1971688097,0.14,768
268300483,0.14,247
3139098279,0.14,403
3174456534,0.14,698
997026310,0.14,229
4280428995,0.14,314
345698675,0.14,196
2296661869,0.14,12
1808063307,0.14,148
3884888703,0.14,242
2494461129,0.14,177
3862701690,0.14,651
1989052338,0.14,216
2910179760,0.14,640
1983180500,0.14,332
2796940620,0.14,215
2835193311,0.14,540
1671370085,0.14,791
3953588250,0.14,720
358542842,0.14,99
3497188667,0.14,158
253549709,0.14,302
1953331372,0.14,776
890775398,0.14,519
642810498,0.14,854
1233062494,0.14,149
908446902,0.14,437
3109591194,0.14,379
2446198906,0.14,8
3358664237,0.14,144
896344283,0.14,276
1869944201,0.14,373
3190319407,0.14,198
987968938,0.14,111
48960437,0.14,199
2405484524,0.14,216
3763400334,0.14,330
4209925572,0.14,141
4172993659,0.14,280
2147595062,0.14,366
3425188374,0.14,280
3309235867,0.14,210
3869940862,0.14,252
3445858407,0.14,189
683688611,0.14,609
3671515462,0.14,241
3027130951,0.14,72
3369736057,0.14,415
1655287705,0.14,319
3004971955,0.14,348
1256815592,0.14,110
267482411,0.14,382
2210323869,0.14,297
3218958405,0.14,398
3163371865,0.14,255
1394697297,0.14,977
4178031102,0.14,243
643453088,0.14,56
3249835323,0.14,179
349764347,0.14,310
317791015,0.14,133
4067508317,0.14,153
2385507088,0.14,391
1526028037,0.14,156
297824171,0.14,789
1353143832,0.14,290
1739382006,0.14,171
580680804,0.14,314
2823014988,0.14,500
3517474495,0.14,26
1323262800,0.14,426
975802718,0.14,190
2199045525,0.14,1434
1193102617,0.14,206
884894373,0.14,323
3411013638,0.14,332
805745625,0.14,280
3780170430,0.14,308
3127142703,0.14,9
2145807442,0.14,715
7356014,0.14,350
1854214563,0.14,389
3246756741,0.14,967
4269520782,0.14,83
3093880402,0.14,348
721312908,0.14,345
2185234596,0.14,270
1811372632,0.14,1
158871473,0.14,124
3933942357,0.14,1
2247311752,0.14,233
2639539135,0.14,536
588020478,0.14,694
2481404281,0.14,5
3605935409,0.14,394
1724216363,0.14,521
3705963873,0.14,4
3077038052,0.14,170
3012538924,0.14,181
339579960,0.14,347
3595527923,0.14,224
863450078,0.14,170
1293846983,0.14,717
297175216,0.14,375
1619853330,0.14,304
1315304267,0.14,260
3174143715,0.14,516
1039824701,0.14,318
721441559,0.14,144
4105799406,0.14,285
1633137197,0.14,163
1521883525,0.14,406
3988848284,0.14,536
2356674901,0.14,516
3622559309,0.14,183
855568988,0.14,275
2610361744,0.14,768
3797455899,0.14,999
3701701166,0.14,423
1820757617,0.14,471
3255375637,0.14,825
1973362254,0.14,346
817567550,0.14,666
3034277235,0.14,548
422340604,0.14,348
2537213971,0.14,914
2777209301,0.14,248
3393578195,0.14,195
968986378,0.14,159
688328363,0.14,231
4152859901,0.14,113
1795468969,0.14,606
2590496957,0.14,561
3299187091,0.14,869
1977285233,0.14,244
2229299064,0.14,560
621973311,0.14,30
3137073118,0.14,255
1722482046,0.14,250
2843863878,0.14,326
3220027874,0.14,473
2854411774,0.14,381
656915034,0.14,578
3284494407,0.14,498
1067328885,0.14,119
2684470948,0.16,553
4091952314,0.16,1169
233227757,0.16,1030
3276785861,0.16,665
3644269654,0.16,233
1206282609,0.16,287
3543069911,0.16,892
3479688010,0.16,309
877132087,0.16,233
1244265337,0.16,304
2740186692,0.16,930
3884972972,0.16,160
829139639,0.16,285
2545567356,0.16,154
2718398101,0.16,840
176092387,0.16,676
3528048386,0.16,156
569531098,0.16,888
1337295874,0.16,121
612016888,0.16,157
232150720,0.16,279
2324106676,0.16,670
1658700540,0.16,310
609942288,0.16,153
3405943863,0.16,603
2257503667,0.16,475
4018327298,0.16,194
2224437599,0.16,703
168388230,0.16,276
911875363,0.16,85
3699796293,0.16,1088
3195154224,0.16,574
3621210587,0.16,19
1945778437,0.16,893
2384190687,0.16,282
3249086786,0.16,116
439485575,0.16,184
2217192537,0.16,137
3412522237,0.16,207
555567425,0.16,299
3399977417,0.16,306
2903099886,0.16,145
151712926,0.16,297
1207582415,0.16,578
2486821540,0.16,277
1259821421,0.16,197
597594931,0.16,1073
2865206418,0.16,113
3003750881,0.16,377
3312495928,0.16,188
3078168926,0.16,213
1005097259,0.16,568
1646080115,0.16,475
2175304393,0.16,186
3907648593,0.16,344
1971688097,0.16,473
268300483,0.16,135
3139098279,0.16,565
3174456534,0.16,765
997026310,0.16,188
4280428995,0.16,171
345698675,0.16,141
2296661869,0.16,12
1808063307,0.16,135
3884888703,0.16,138
2494461129,0.16,204
3862701690,0.16,418
1989052338,0.16,104
2910179760,0.16,306
1983180500,0.16,207
2796940620,0.16,213
2835193311,0.16,361
1671370085,0.16,313
3953588250,0.16,612
358542842,0.16,67
3497188667,0.16,120
253549709,0.16,210
1953331372,0.16,142
890775398,0.16,801
642810498,0.16,863
1233062494,0.16,139
908446902,0.16,456
3109591194,0.16,300
2446198906,0.16,8
3358664237,0.16,143
896344283,0.16,221
1869944201,0.16,358
3190319407,0.16,141
987968938,0.16,82
48960437,0.16,123
2405484524,0.16,168
3763400334,0.16,231
4209925572,0.16,135
4172993659,0.16,253
2147595062,0.16,713
3425188374,0.16,234
3309235867,0.16,167
3869940862,0.16,199
3445858407,0.16,348
683688611,0.16,484
3671515462,0.16,219
3027130951,0.16,72
3369736057,0.16,336
1655287705,0.16,333
3004971955,0.16,316
1256815592,0.16,110
267482411,0.16,218
2210323869,0.16,211
3218958405,0.16,113
3163371865,0.16,194
1394697297,0.16,745
4178031102,0.16,220
643453088,0.16,56
3249835323,0.16,130
349764347,0.16,85
317791015,0.16,129
4067508317,0.16,146
2385507088,0.16,572
1526028037,0.16,154
297824171,0.16,617
1353143832,0.16,341
1739382006,0.16,144
580680804,0.16,281
2823014988,0.16,914
3517474495,0.16,373
1323262800,0.16,318
975802718,0.16,169
2199045525,0.16,151
1193102617,0.16,221
884894373,0.16,299
3411013638,0.16,397
805745625,0.16,270
3780170430,0.16,338
3127142703,0.16,9
2145807442,0.16,998
7356014,0.16,190
1854214563,0.16,325
3246756741,0.16,452
4269520782,0.16,90
3093880402,0.16,303
721312908,0.16,301
2185234596,0.16,315
1811372632,0.16,1
158871473,0.16,119
3933942357,0.16,1
2247311752,0.16,150
2639539135,0.16,580
588020478,0.16,567
2481404281,0.16,5
3605935409,0.16,497
1724216363,0.16,347
3705963873,0.16,4
3077038052,0.16,132
3012538924,0.16,172
339579960,0.16,356
3595527923,0.16,146
863450078,0.16,106
1293846983,0.16,456
297175216,0.16,239
1619853330,0.16,234
1315304267,0.16,430
3174143715,0.16,297
1039824701,0.16,205
721441559,0.16,132
4105799406,0.16,259
1633137197,0.16,192
1521883525,0.16,246
3988848284,0.16,392
2356674901,0.16,272
3622559309,0.16,126
855568988,0.16,116
2610361744,0.16,632
3797455899,0.16,25
3701701166,0.16,207
1820757617,0.16,187
3255375637,0.16,789
1973362254,0.16,601
817567550,0.16,613
3034277235,0.16,689
422340604,0.16,298
2537213971,0.16,318
2777209301,0.16,127
3393578195,0.16,173
968986378,0.16,257
688328363,0.16,100
4152859901,0.16,101
1795468969,0.16,516
2590496957,0.16,404
3299187091,0.16,411
1977285233,0.16,219
2229299064,0.16,419
621973311,0.16,30
3137073118,0.16,206
1722482046,0.16,133
2843863878,0.16,137
3220027874,0.16,299
2854411774,0.16,211
656915034,0.16,358
3284494407,0.16,203
1067328885,0.16,125
2684470948,0.18,199
4091952314,0.18,397
233227757,0.18,947
3276785861,0.18,506
3644269654,0.18,133
1206282609,0.18,192
3543069911,0.18,560
3479688010,0.18,123
877132087,0.18,141
1244265337,0.18,137
2740186692,0.18,264
3884972972,0.18,139
829139639,0.18,192
2545567356,0.18,131
2718398101,0.18,407
176092387,0.18,983
3528048386,0.18,126
569531098,0.18,835
1337295874,0.18,89
612016888,0.18,122
232150720,0.18,235
2324106676,0.18,891
1658700540,0.18,189
609942288,0.18,128
3405943863,0.18,580
2257503667,0.18,315
4018327298,0.18,97
2224437599,0.18,129
168388230,0.18,221
911875363,0.18,78
3699796293,0.18,247
3195154224,0.18,527
3621210587,0.18,19
1945778437,0.18,819
2384190687,0.18,139
3249086786,0.18,116
439485575,0.18,134
2217192537,0.18,128
3412522237,0.18,156
555567425,0.18,185
3399977417,0.18,202
2903099886,0.18,113
151712926,0.18,189
1207582415,0.18,241
2486821540,0.18,300
1259821421,0.18,190
597594931,0.18,309
2865206418,0.18,104
3003750881,0.18,83
3312495928,0.18,163
3078168926,0.18,187
1005097259,0.18,216
1646080115,0.18,405
2175304393,0.18,181
3907648593,0.18,344
1971688097,0.18,280
268300483,0.18,92
3139098279,0.18,317
3174456534,0.18,220
997026310,0.18,181
4280428995,0.18,156
345698675,0.18,138
2296661869,0.18,12
1808063307,0.18,115
3884888703,0.18,130
2494461129,0.18,118
3862701690,0.18,1027
1989052338,0.18,115
2910179760,0.18,109
1983180500,0.18,199
2796940620,0.18,122
2835193311,0.18,119
1671370085,0.18,268
3953588250,0.18,383
358542842,0.18,58
3497188667,0.18,93
253549709,0.18,146
1953331372,0.18,168
890775398,0.18,182
642810498,0.18,260
1233062494,0.18,142
908446902,0.18,492
3109591194,0.18,127
2446198906,0.18,8
3358664237,0.18,143
896344283,0.18,166
1869944201,0.18,565
3190319407,0.18,127
987968938,0.18,73
48960437,0.18,83
2405484524,0.18,121
3763400334,0.18,212
4209925572,0.18,111
4172993659,0.18,189
2147595062,0.18,225
3425188374,0.18,153
3309235867,0.18,112
3869940862,0.18,179
3445858407,0.18,208
683688611,0.18,385
3671515462,0.18,165
3027130951,0.18,56
3369736057,0.18,198
1655287705,0.18,157
3004971955,0.18,394
1256815592,0.18,101
267482411,0.18,194
2210323869,0.18,187
3218958405,0.18,70
3163371865,0.18,116
1394697297,0.18,902
4178031102,0.18,112
643453088,0.18,169
3249835323,0.18,117
349764347,0.18,81
317791015,0.18,118
4067508317,0.18,120
2385507088,0.18,365
1526028037,0.18,109
297824171,0.18,227
1353143832,0.18,374
1739382006,0.18,103
580680804,0.18,149
2823014988,0.18,1134
3517474495,0.18,234
1323262800,0.18,237
975802718,0.18,165
2199045525,0.18,125
1193102617,0.18,130
884894373,0.18,249
3411013638,0.18,279
805745625,0.18,221
3780170430,0.18,382
3127142703,0.18,9
2145807442,0.18,857
7356014,0.18,177
1854214563,0.18,386
3246756741,0.18,443
4269520782,0.18,152
3093880402,0.18,141
721312908,0.18,200
2185234596,0.18,265
1811372632,0.18,1
158871473,0.18,95
3933942357,0.18,1
2247311752,0.18,150
2639539135,0.18,325
588020478,0.18,803
2481404281,0.18,5
3605935409,0.18,339
1724216363,0.18,372
3705963873,0.18,4
3077038052,0.18,155
3012538924,0.18,115
339579960,0.18,261
3595527923,0.18,146
863450078,0.18,95
1293846983,0.18,708
297175216,0.18,144
1619853330,0.18,226
1315304267,0.18,444
3174143715,0.18,365
1039824701,0.18,146
721441559,0.18,87
4105799406,0.18,212
1633137197,0.18,284
1521883525,0.18,285
3988848284,0.18,341
2356674901,0.18,175
3622559309,0.18,125
855568988,0.18,116
2610361744,0.18,229
3797455899,0.18,25
3701701166,0.18,185
1820757617,0.18,170
3255375637,0.18,245
1973362254,0.18,794
817567550,0.18,658
3034277235,0.18,693
422340604,0.18,225
2537213971,0.18,207
2777209301,0.18,120
3393578195,0.18,94
968986378,0.18,159
688328363,0.18,42
4152859901,0.18,101
1795468969,0.18,637
2590496957,0.18,241
3299187091,0.18,284
1977285233,0.18,191
2229299064,0.18,329
621973311,0.18,30
3137073118,0.18,94
1722482046,0.18,126
2843863878,0.18,114
3220027874,0.18,370
2854411774,0.18,169
656915034,0.18,886
3284494407,0.18,172
1067328885,0.18,125
2684470948,0.2,132
4091952314,0.2,297
233227757,0.2,1213
3276785861,0.2,631
3644269654,0.2,133
1206282609,0.2,122
3543069911,0.2,291
3479688010,0.2,87
877132087,0.2,75
1244265337,0.2,124
2740186692,0.2,231
3884972972,0.2,118
829139639,0.2,170
2545567356,0.2,131
2718398101,0.2,353
176092387,0.2,174
3528048386,0.2,92
569531098,0.2,195
1337295874,0.2,60
612016888,0.2,118
232150720,0.2,200
2324106676,0.2,260
1658700540,0.2,170
609942288,0.2,93
3405943863,0.2,531
2257503667,0.2,241
4018327298,0.2,67
2224437599,0.2,114
168388230,0.2,163
911875363,0.2,78
3699796293,0.2,192
3195154224,0.2,650
3621210587,0.2,19
1945778437,0.2,981
2384190687,0.2,109
3249086786,0.2,108
439485575,0.2,126
2217192537,0.2,112
3412522237,0.2,109
555567425,0.2,163
3399977417,0.2,198
2903099886,0.2,113
151712926,0.2,181
1207582415,0.2,243
2486821540,0.2,168
1259821421,0.2,172
597594931,0.2,174
2865206418,0.2,94
3003750881,0.2,75
3312495928,0.2,101
3078168926,0.2,337
1005097259,0.2,148
1646080115,0.2,201
2175304393,0.2,174
3907648593,0.2,271
1971688097,0.2,259
268300483,0.2,88
3139098279,0.2,243
3174456534,0.2,239
997026310,0.2,178
4280428995,0.2,156
345698675,0.2,47
2296661869,0.2,12
1808063307,0.2,62
3884888703,0.2,130
2494461129,0.2,110
3862701690,0.2,942
1989052338,0.2,84
2910179760,0.2,192
1983180500,0.2,103
2796940620,0.2,82
2835193311,0.2,119
1671370085,0.2,207
3953588250,0.2,340
358542842,0.2,58
3497188667,0.2,78
253549709,0.2,146
1953331372,0.2,148
890775398,0.2,140
642810498,0.2,231
1233062494,0.2,136
908446902,0.2,113
3109591194,0.2,127
2446198906,0.2,8
3358664237,0.2,144
896344283,0.2,130
1869944201,0.2,327
3190319407,0.2,127
987968938,0.2,71
48960437,0.2,83
2405484524,0.2,123
3763400334,0.2,181
4209925572,0.2,79
4172993659,0.2,153
2147595062,0.2,187
3425188374,0.2,45
3309235867,0.2,102
3869940862,0.2,187
3445858407,0.2,119
683688611,0.2,202
3671515462,0.2,105
3027130951,0.2,53
3369736057,0.2,174
1655287705,0.2,148
3004971955,0.2,386
1256815592,0.2,96
267482411,0.2,194
2210323869,0.2,111
3218958405,0.2,70
3163371865,0.2,124
1394697297,0.2,63
4178031102,0.2,111
643453088,0.2,146
3249835323,0.2,100
349764347,0.2,81
317791015,0.2,80
4067508317,0.2,114
2385507088,0.2,326
1526028037,0.2,107
297824171,0.2,151
1353143832,0.2,227
1739382006,0.2,103
580680804,0.2,131
2823014988,0.2,561
3517474495,0.2,172
1323262800,0.2,225
975802718,0.2,150
2199045525,0.2,108
1193102617,0.2,121
884894373,0.2,230
3411013638,0.2,115
805745625,0.2,73
3780170430,0.2,359
3127142703,0.2,9
2145807442,0.2,1006
7356014,0.2,169
1854214563,0.2,306
3246756741,0.2,427
4269520782,0.2,235
3093880402,0.2,123
721312908,0.2,163
2185234596,0.2,256
1811372632,0.2,1
158871473,0.2,83
3933942357,0.2,1
2247311752,0.2,147
2639539135,0.2,206
588020478,0.2,432
2481404281,0.2,87
3605935409,0.2,149
1724216363,0.2,105
3705963873,0.2,4
3077038052,0.2,152
3012538924,0.2,114
339579960,0.2,269
3595527923,0.2,124
863450078,0.2,95
1293846983,0.2,399
297175216,0.2,123
1619853330,0.2,87
1315304267,0.2,445
3174143715,0.2,355
1039824701,0.2,113
721441559,0.2,81
4105799406,0.2,117
1633137197,0.2,363
1521883525,0.2,218
3988848284,0.2,327
2356674901,0.2,156
3622559309,0.2,113
855568988,0.2,97
2610361744,0.2,224
3797455899,0.2,25
3701701166,0.2,107
1820757617,0.2,117
3255375637,0.2,146
1973362254,0.2,289
817567550,0.2,189
3034277235,0.2,139
422340604,0.2,190
2537213971,0.2,194
2777209301,0.2,113
3393578195,0.2,103
968986378,0.2,253
688328363,0.2,42
4152859901,0.2,101
1795468969,0.2,620
2590496957,0.2,195
3299187091,0.2,253
1977285233,0.2,149
2229299064,0.2,311
621973311,0.2,162
3137073118,0.2,89
1722482046,0.2,118
2843863878,0.2,101
3220027874,0.2,134
2854411774,0.2,114
656915034,0.2,160
3284494407,0.2,172
1067328885,0.2,93
2684470948,0.22,132
4091952314,0.22,265
233227757,0.22,916
3276785861,0.22,323
3644269654,0.22,125
1206282609,0.22,105
3543069911,0.22,281
3479688010,0.22,76
877132087,0.22,70
1244265337,0.22,121
2740186692,0.22,218
3884972972,0.22,101
829139639,0.22,127
2545567356,0.22,98
2718398101,0.22,268
176092387,0.22,117
3528048386,0.22,77
569531098,0.22,196
1337295874,0.22,50
612016888,0.22,101
232150720,0.22,182
2324106676,0.22,92
1658700540,0.22,156
609942288,0.22,72
3405943863,0.22,656
2257503667,0.22,221
4018327298,0.22,66
2224437599,0.22,106
168388230,0.22,157
911875363,0.22,78
3699796293,0.22,189
3195154224,0.22,696
3621210587,0.22,19
1945778437,0.22,1028
2384190687,0.22,80
3249086786,0.22,98
439485575,0.22,51
2217192537,0.22,102
3412522237,0.22,74
555567425,0.22,68
3399977417,0.22,126
2903099886,0.22,99
151712926,0.22,167
1207582415,0.22,66
2486821540,0.22,141
1259821421,0.22,107
597594931,0.22,171
2865206418,0.22,94
3003750881,0.22,75
3312495928,0.22,90
3078168926,0.22,185
1005097259,0.22,147
1646080115,0.22,130
2175304393,0.22,129
3907648593,0.22,207
1971688097,0.22,141
268300483,0.22,88
3139098279,0.22,194
3174456534,0.22,264
997026310,0.22,114
4280428995,0.22,142
345698675,0.22,43
2296661869,0.22,12
1808063307,0.22,52
3884888703,0.22,118
2494461129,0.22,96
3862701690,0.22,709
1989052338,0.22,62
2910179760,0.22,115
1983180500,0.22,103
2796940620,0.22,62
2835193311,0.22,99
1671370085,0.22,135
3953588250,0.22,120
358542842,0.22,53
3497188667,0.22,72
253549709,0.22,117
1953331372,0.22,126
890775398,0.22,574
642810498,0.22,152
1233062494,0.22,76
908446902,0.22,112
3109591194,0.22,126
2446198906,0.22,8
3358664237,0.22,102
896344283,0.22,124
1869944201,0.22,105
3190319407,0.22,95
987968938,0.22,70
48960437,0.22,54
2405484524,0.22,70
3763400334,0.22,153
4209925572,0.22,76
4172993659,0.22,119
2147595062,0.22,170
3425188374,0.22,45
3309235867,0.22,99
3869940862,0.22,187
3445858407,0.22,119
683688611,0.22,204
3671515462,0.22,88
3027130951,0.22,50
3369736057,0.22,164
1655287705,0.22,118
3004971955,0.22,309
1256815592,0.22,91
267482411,0.22,114
2210323869,0.22,108
3218958405,0.22,70
3163371865,0.22,92
1394697297,0.22,61
4178031102,0.22,107
643453088,0.22,139
3249835323,0.22,80
349764347,0.22,68
317791015,0.22,79
4067508317,0.22,90
2385507088,0.22,452
1526028037,0.22,107
297824171,0.22,129
1353143832,0.22,246
1739382006,0.22,78
580680804,0.22,89
2823014988,0.22,84
3517474495,0.22,87
1323262800,0.22,164
975802718,0.22,53
2199045525,0.22,95
1193102617,0.22,81
884894373,0.22,161
3411013638,0.22,78
805745625,0.22,71
3780170430,0.22,236
3127142703,0.22,9
2145807442,0.22,622
7356014,0.22,125
1854214563,0.22,394
3246756741,0.22,163
4269520782,0.22,163
3093880402,0.22,103
721312908,0.22,154
2185234596,0.22,222
1811372632,0.22,1
158871473,0.22,83
3933942357,0.22,1
2247311752,0.22,97
2639539135,0.22,131
588020478,0.22,727
2481404281,0.22,87
3605935409,0.22,147
1724216363,0.22,103
3705963873,0.22,4
3077038052,0.22,115
3012538924,0.22,102
339579960,0.22,107
3595527923,0.22,68
863450078,0.22,95
1293846983,0.22,262
297175216,0.22,122
1619853330,0.22,86
1315304267,0.22,245
3174143715,0.22,292
1039824701,0.22,100
721441559,0.22,81
4105799406,0.22,49
1633137197,0.22,284
1521883525,0.22,193
3988848284,0.22,308
2356674901,0.22,98
3622559309,0.22,98
855568988,0.22,84
2610361744,0.22,152
3797455899,0.22,137
3701701166,0.22,99
1820757617,0.22,107
3255375637,0.22,100
1973362254,0.22,135
817567550,0.22,651
3034277235,0.22,196
422340604,0.22,124
2537213971,0.22,186
2777209301,0.22,73
3393578195,0.22,94
968986378,0.22,151
688328363,0.22,31
4152859901,0.22,90
1795468969,0.22,707
2590496957,0.22,122
3299187091,0.22,100
1977285233,0.22,69
2229299064,0.22,310
621973311,0.22,131
3137073118,0.22,77
1722482046,0.22,117
2843863878,0.22,72
3220027874,0.22,100
2854411774,0.22,98
656915034,0.22,111
3284494407,0.22,142
1067328885,0.22,86
2684470948,0.24000000000000002,135
4091952314,0.24000000000000002,111
233227757,0.24000000000000002,218
3276785861,0.24000000000000002,241
3644269654,0.24000000000000002,120
1206282609,0.24000000000000002,97
3543069911,0.24000000000000002,217
3479688010,0.24000000000000002,56
877132087,0.24000000000000002,70
1244265337,0.24000000000000002,121
2740186692,0.24000000000000002,133
3884972972,0.24000000000000002,99
829139639,0.24000000000000002,125
2545567356,0.24000000000000002,80
2718398101,0.24000000000000002,295
176092387,0.24000000000000002,130
3528048386,0.24000000000000002,73
569531098,0.24000000000000002,168
1337295874,0.24000000000000002,50
612016888,0.24000000000000002,101
232150720,0.24000000000000002,130
2324106676,0.24000000000000002,79
1658700540,0.24000000000000002,127
609942288,0.24000000000000002,72
3405943863,0.24000000000000002,65
2257503667,0.24000000000000002,190
4018327298,0.24000000000000002,63
2224437599,0.24000000000000002,66
168388230,0.24000000000000002,157
911875363,0.24000000000000002,72
3699796293,0.24000000000000002,114
3195154224,0.24000000000000002,516
3621210587,0.24000000000000002,19
1945778437,0.24000000000000002,192
2384190687,0.24000000000000002,49
3249086786,0.24000000000000002,94
439485575,0.24000000000000002,51
2217192537,0.24000000000000002,96
3412522237,0.24000000000000002,74
555567425,0.24000000000000002,67
3399977417,0.24000000000000002,104
2903099886,0.24000000000000002,99
151712926,0.24000000000000002,156
1207582415,0.24000000000000002,66
2486821540,0.24000000000000002,141
1259821421,0.24000000000000002,96
597594931,0.24000000000000002,82
2865206418,0.24000000000000002,66
3003750881,0.24000000000000002,63
3312495928,0.24000000000000002,79
3078168926,0.24000000000000002,63
1005097259,0.24000000000000002,133
1646080115,0.24000000000000002,130
2175304393,0.24000000000000002,113
3907648593,0.24000000000000002,198
1971688097,0.24000000000000002,128
268300483,0.24000000000000002,85
3139098279,0.24000000000000002,81
3174456534,0.24000000000000002,147
997026310,0.24000000000000002,114
4280428995,0.24000000000000002,128
345698675,0.24000000000000002,41
2296661869,0.24000000000000002,12
1808063307,0.24000000000000002,51
3884888703,0.24000000000000002,108
2494461129,0.24000000000000002,96
3862701690,0.24000000000000002,187
1989052338,0.24000000000000002,62
2910179760,0.24000000000000002,70
1983180500,0.24000000000000002,42
2796940620,0.24000000000000002,60
2835193311,0.24000000000000002,89
1671370085,0.24000000000000002,125
3953588250,0.24000000000000002,120
358542842,0.24000000000000002,52
3497188667,0.24000000000000002,62
253549709,0.24000000000000002,109
1953331372,0.24000000000000002,88
890775398,0.24000000000000002,593
642810498,0.24000000000000002,111
1233062494,0.24000000000000002,73
908446902,0.24000000000000002,91
3109591194,0.24000000000000002,106
2446198906,0.24000000000000002,8
3358664237,0.24000000000000002,97
896344283,0.24000000000000002,71
1869944201,0.24000000000000002,97
3190319407,0.24000000000000002,92
987968938,0.24000000000000002,62
48960437,0.24000000000000002,54
2405484524,0.24000000000000002,51
3763400334,0.24000000000000002,130
4209925572,0.24000000000000002,63
4172993659,0.24000000000000002,108
2147595062,0.24000000000000002,147
3425188374,0.24000000000000002,45
3309235867,0.24000000000000002,87
3869940862,0.24000000000000002,117
3445858407,0.24000000000000002,76
683688611,0.24000000000000002,155
3671515462,0.24000000000000002,71
3027130951,0.24000000000000002,48
3369736057,0.24000000000000002,139
1655287705,0.24000000000000002,90
3004971955,0.24000000000000002,270
1256815592,0.24000000000000002,83
267482411,0.24000000000000002,95
2210323869,0.24000000000000002,101
3218958405,0.24000000000000002,58
3163371865,0.24000000000000002,67
1394697297,0.24000000000000002,61
4178031102,0.24000000000000002,95
643453088,0.24000000000000002,130
3249835323,0.24000000000000002,38
349764347,0.24000000000000002,68
317791015,0.24000000000000002,78
4067508317,0.24000000000000002,59
2385507088,0.24000000000000002,163
1526028037,0.24000000000000002,89
297824171,0.24000000000000002,126
1353143832,0.24000000000000002,213
1739382006,0.24000000000000002,77
580680804,0.24000000000000002,80
2823014988,0.24000000000000002,89
3517474495,0.24000000000000002,81
1323262800,0.24000000000000002,156
975802718,0.24000000000000002,53
2199045525,0.24000000000000002,54
1193102617,0.24000000000000002,61
884894373,0.24000000000000002,147
3411013638,0.24000000000000002,67
805745625,0.24000000000000002,70
3780170430,0.24000000000000002,281
3127142703,0.24000000000000002,9
2145807442,0.24000000000000002,185
7356014,0.24000000000000002,124
1854214563,0.24000000000000002,66
3246756741,0.24000000000000002,143
4269520782,0.24000000000000002,157
3093880402,0.24000000000000002,93
721312908,0.24000000000000002,150
2185234596,0.24000000000000002,77
1811372632,0.24000000000000002,1
158871473,0.24000000000000002,80
3933942357,0.24000000000000002,1
2247311752,0.24000000000000002,85
2639539135,0.24000000000000002,91
588020478,0.24000000000000002,147
2481404281,0.24000000000000002,73
3605935409,0.24000000000000002,121
1724216363,0.24000000000000002,103
3705963873,0.24000000000000002,4
3077038052,0.24000000000000002,102
3012538924,0.24000000000000002,88
339579960,0.24000000000000002,92
3595527923,0.24000000000000002,68
863450078,0.24000000000000002,82
1293846983,0.24000000000000002,206
297175216,0.24000000000000002,122
1619853330,0.24000000000000002,75
1315304267,0.24000000000000002,243
3174143715,0.24000000000000002,209
1039824701,0.24000000000000002,72
721441559,0.24000000000000002,77
4105799406,0.24000000000000002,49
1633137197,0.24000000000000002,324
1521883525,0.24000000000000002,173
3988848284,0.24000000000000002,97
2356674901,0.24000000000000002,83
3622559309,0.24000000000000002,98
855568988,0.24000000000000002,84
2610361744,0.24000000000000002,223
3797455899,0.24000000000000002,137
3701701166,0.24000000000000002,86
1820757617,0.24000000000000002,68
3255375637,0.24000000000000002,82
1973362254,0.24000000000000002,103
817567550,0.24000000000000002,433
3034277235,0.24000000000000002,117
422340604,0.24000000000000002,85
2537213971,0.24000000000000002,168
2777209301,0.24000000000000002,73
3393578195,0.24000000000000002,38
968986378,0.24000000000000002,115
688328363,0.24000000000000002,30
4152859901,0.24000000000000002,87
1795468969,0.24000000000000002,202
2590496957,0.24000000000000002,122
3299187091,0.24000000000000002,92
1977285233,0.24000000000000002,54
2229299064,0.24000000000000002,201
621973311,0.24000000000000002,131
3137073118,0.24000000000000002,51
1722482046,0.24000000000000002,118
2843863878,0.24000000000000002,65
3220027874,0.24000000000000002,99
2854411774,0.24000000000000002,101
656915034,0.24000000000000002,105
3284494407,0.24000000000000002,128
1067328885,0.24000000000000002,86
2684470948,0.26,135
4091952314,0.26,63
233227757,0.26,118
3276785861,0.26,242
3644269654,0.26,104
1206282609,0.26,84
3543069911,0.26,113
3479688010,0.26,49
877132087,0.26,60
1244265337,0.26,88
2740186692,0.26,133
3884972972,0.26,99
829139639,0.26,100
2545567356,0.26,77
2718398101,0.26,328
176092387,0.26,122
3528048386,0.26,59
569531098,0.26,138
1337295874,0.26,50
612016888,0.26,84
232150720,0.26,127
2324106676,0.26,79
1658700540,0.26,118
609942288,0.26,57
3405943863,0.26,57
2257503667,0.26,158
4018327298,0.26,53
2224437599,0.26,66
168388230,0.26,117
911875363,0.26,66
3699796293,0.26,107
3195154224,0.26,611
3621210587,0.26,19
1945778437,0.26,139
2384190687,0.26,31
3249086786,0.26,94
439485575,0.26,51
2217192537,0.26,51
3412522237,0.26,74
555567425,0.26,67
3399977417,0.26,88
2903099886,0.26,99
151712926,0.26,146
1207582415,0.26,49
2486821540,0.26,137
1259821421,0.26,87
597594931,0.26,82
2865206418,0.26,66
3003750881,0.26,57
3312495928,0.26,79
3078168926,0.26,63
1005097259,0.26,121
1646080115,0.26,128
2175304393,0.26,106
3907648593,0.26,157
1971688097,0.26,109
268300483,0.26,81
3139098279,0.26,84
3174456534,0.26,119
997026310,0.26,105
4280428995,0.26,119
345698675,0.26,41
2296661869,0.26,67
1808063307,0.26,51
3884888703,0.26,86
2494461129,0.26,82
3862701690,0.26,129
1989052338,0.26,62
2910179760,0.26,67
1983180500,0.26,39
2796940620,0.26,58
2835193311,0.26,46
1671370085,0.26,121
3953588250,0.26,101
358542842,0.26,52
3497188667,0.26,52
253549709,0.26,100
1953331372,0.26,87
890775398,0.26,218
642810498,0.26,111
1233062494,0.26,58
908446902,0.26,52
3109591194,0.26,64
2446198906,0.26,8
3358664237,0.26,97
896344283,0.26,70
1869944201,0.26,90
3190319407,0.26,91
987968938,0.26,58
48960437,0.26,43
2405484524,0.26,67
3763400334,0.26,117
4209925572,0.26,61
4172993659,0.26,87
2147595062,0.26,139
3425188374,0.26,44
3309235867,0.26,86
3869940862,0.26,105
3445858407,0.26,76
683688611,0.26,153
3671515462,0.26,59
3027130951,0.26,48
3369736057,0.26,133
1655287705,0.26,90
3004971955,0.26,126
1256815592,0.26,68
267482411,0.26,90
2210323869,0.26,86
3218958405,0.26,56
3163371865,0.26,53
1394697297,0.26,61
4178031102,0.26,67
643453088,0.26,114
3249835323,0.26,37
349764347,0.26,67
317791015,0.26,74
4067508317,0.26,59
2385507088,0.26,135
1526028037,0.26,90
297824171,0.26,86
1353143832,0.26,172
1739382006,0.26,70
580680804,0.26,70
2823014988,0.26,80
3517474495,0.26,69
1323262800,0.26,153
975802718,0.26,51
2199045525,0.26,52
1193102617,0.26,53
884894373,0.26,124
3411013638,0.26,60
805745625,0.26,51
3780170430,0.26,323
3127142703,0.26,9
2145807442,0.26,149
7356014,0.26,103
1854214563,0.26,66
3246756741,0.26,141
4269520782,0.26,163
3093880402,0.26,90
721312908,0.26,147
2185234596,0.26,76
1811372632,0.26,1
158871473,0.26,58
3933942357,0.26,1
2247311752,0.26,84
2639539135,0.26,91
588020478,0.26,139
2481404281,0.26,55
3605935409,0.26,86
1724216363,0.26,103
3705963873,0.26,4
3077038052,0.26,76
3012538924,0.26,73
339579960,0.26,92
3595527923,0.26,67
863450078,0.26,81
1293846983,0.26,177
297175216,0.26,93
1619853330,0.26,79
1315304267,0.26,120
3174143715,0.26,153
1039824701,0.26,72
721441559,0.26,75
4105799406,0.26,47
1633137197,0.26,358
1521883525,0.26,162
3988848284,0.26,97
2356674901,0.26,83
3622559309,0.26,89
855568988,0.26,80
2610361744,0.26,107
3797455899,0.26,136
3701701166,0.26,80
1820757617,0.26,64
3255375637,0.26,64
1973362254,0.26,86
817567550,0.26,169
3034277235,0.26,111
422340604,0.26,76
2537213971,0.26,149
2777209301,0.26,73
3393578195,0.26,38
968986378,0.26,108
688328363,0.26,30
4152859901,0.26,67
1795468969,0.26,231
2590496957,0.26,102
3299187091,0.26,90
1977285233,0.26,51
2229299064,0.26,174
621973311,0.26,158
3137073118,0.26,51
1722482046,0.26,94
2843863878,0.26,57
3220027874,0.26,72
2854411774,0.26,72
656915034,0.26,104
3284494407,0.26,97
1067328885,0.26,67
2684470948,0.28,90
4091952314,0.28,63
233227757,0.28,100
3276785861,0.28,231
3644269654,0.28,67
1206282609,0.28,64
3543069911,0.28,113
3479688010,0.28,49
877132087,0.28,50
1244265337,0.28,88
2740186692,0.28,100
3884972972,0.28,98
829139639,0.28,51
2545567356,0.28,60
2718398101,0.28,209
176092387,0.28,122
3528048386,0.28,58
569531098,0.28,82
1337295874,0.28,50
612016888,0.28,73
232150720,0.28,91
2324106676,0.28,79
1658700540,0.28,77
609942288,0.28,56
3405943863,0.28,47
2257503667,0.28,109
4018327298,0.28,53
2224437599,0.28,65
168388230,0.28,92
911875363,0.28,63
3699796293,0.28,107
3195154224,0.28,489
3621210587,0.28,19
1945778437,0.28,60
2384190687,0.28,31
3249086786,0.28,82
439485575,0.28,45
2217192537,0.28,51
3412522237,0.28,59
555567425,0.28,67
3399977417,0.28,71
2903099886,0.28,79
151712926,0.28,132
1207582415,0.28,48
2486821540,0.28,120
1259821421,0.28,70
597594931,0.28,55
2865206418,0.28,65
3003750881,0.28,57
3312495928,0.28,38
3078168926,0.28,63
1005097259,0.28,121
1646080115,0.28,72
2175304393,0.28,64
3907648593,0.28,120
1971688097,0.28,70
268300483,0.28,69
3139098279,0.28,79
3174456534,0.28,115
997026310,0.28,98
4280428995,0.28,90
345698675,0.28,40
2296661869,0.28,67
1808063307,0.28,50
3884888703,0.28,85
2494461129,0.28,62
3862701690,0.28,108
1989052338,0.28,62
2910179760,0.28,53
1983180500,0.28,38
2796940620,0.28,52
2835193311,0.28,39
1671370085,0.28,77
3953588250,0.28,101
358542842,0.28,52
3497188667,0.28,51
253549709,0.28,102
1953331372,0.28,83
890775398,0.28,183
642810498,0.28,94
1233062494,0.28,58
908446902,0.28,49
3109591194,0.28,98
2446198906,0.28,8
3358664237,0.28,76
896344283,0.28,65
1869944201,0.28,90
3190319407,0.28,83
987968938,0.28,49
48960437,0.28,43
2405484524,0.28,46
3763400334,0.28,99
4209925572,0.28,47
4172993659,0.28,87
2147595062,0.28,135
3425188374,0.28,44
3309235867,0.28,70
3869940862,0.28,93
3445858407,0.28,76
683688611,0.28,116
3671515462,0.28,59
3027130951,0.28,48
3369736057,0.28,133
1655287705,0.28,88
3004971955,0.28,117
1256815592,0.28,66
267482411,0.28,90
2210323869,0.28,83
3218958405,0.28,56
3163371865,0.28,53
1394697297,0.28,61
4178031102,0.28,52
643453088,0.28,111
3249835323,0.28,29
349764347,0.28,59
317791015,0.28,66
4067508317,0.28,59
2385507088,0.28,86
1526028037,0.28,88
297824171,0.28,78
1353143832,0.28,112
1739382006,0.28,62
580680804,0.28,70
2823014988,0.28,64
3517474495,0.28,53
1323262800,0.28,69
975802718,0.28,47
2199045525,0.28,52
1193102617,0.28,53
884894373,0.28,110
3411013638,0.28,54
805745625,0.28,51
3780170430,0.28,174
3127142703,0.28,9
2145807442,0.28,149
7356014,0.28,92
1854214563,0.28,125
3246756741,0.28,163
4269520782,0.28,105
3093880402,0.28,76
721312908,0.28,125
2185234596,0.28,60
1811372632,0.28,1
158871473,0.28,58
3933942357,0.28,1
2247311752,0.28,69
2639539135,0.28,87
588020478,0.28,105
2481404281,0.28,46
3605935409,0.28,66
1724216363,0.28,102
3705963873,0.28,4
3077038052,0.28,72
3012538924,0.28,60
339579960,0.28,101
3595527923,0.28,63
863450078,0.28,73
1293846983,0.28,117
297175216,0.28,71
1619853330,0.28,57
1315304267,0.28,108
3174143715,0.28,79
1039824701,0.28,72
721441559,0.28,74
4105799406,0.28,38
1633137197,0.28,297
1521883525,0.28,145
3988848284,0.28,59
2356674901,0.28,66
3622559309,0.28,89
855568988,0.28,76
2610361744,0.28,107
3797455899,0.28,127
3701701166,0.28,76
1820757617,0.28,64
3255375637,0.28,64
1973362254,0.28,50
817567550,0.28,157
3034277235,0.28,91
422340604,0.28,69
2537213971,0.28,96
2777209301,0.28,63
3393578195,0.28,38
968986378,0.28,73
688328363,0.28,30
4152859901,0.28,66
1795468969,0.28,136
2590496957,0.28,97
3299187091,0.28,70
1977285233,0.28,50
2229299064,0.28,172
621973311,0.28,122
3137073118,0.28,48
1722482046,0.28,93
2843863878,0.28,57
3220027874,0.28,52
2854411774,0.28,57
656915034,0.28,90
3284494407,0.28,105
1067328885,0.28,67
2684470948,0.30000000000000004,64
4091952314,0.30000000000000004,53
233227757,0.30000000000000004,100
3276785861,0.30000000000000004,208
3644269654,0.30000000000000004,64
1206282609,0.30000000000000004,62
3543069911,0.30000000000000004,96
3479688010,0.30000000000000004,42
877132087,0.30000000000000004,49
1244265337,0.30000000000000004,86
2740186692,0.30000000000000004,100
3884972972,0.30000000000000004,92
829139639,0.30000000000000004,49
2545567356,0.30000000000000004,42
2718398101,0.30000000000000004,199
176092387,0.30000000000000004,104
3528048386,0.30000000000000004,54
569531098,0.30000000000000004,72
1337295874,0.30000000000000004,50
612016888,0.30000000000000004,72
232150720,0.30000000000000004,71
2324106676,0.30000000000000004,89
1658700540,0.30000000000000004,69
609942288,0.30000000000000004,56
3405943863,0.30000000000000004,47
2257503667,0.30000000000000004,103
4018327298,0.30000000000000004,53
2224437599,0.30000000000000004,50
168388230,0.30000000000000004,89
911875363,0.30000000000000004,61
3699796293,0.30000000000000004,93
3195154224,0.30000000000000004,360
3621210587,0.30000000000000004,19
1945778437,0.30000000000000004,59
2384190687,0.30000000000000004,26
3249086786,0.30000000000000004,51
439485575,0.30000000000000004,44
2217192537,0.30000000000000004,48
3412522237,0.30000000000000004,43
555567425,0.30000000000000004,48
3399977417,0.30000000000000004,71
2903099886,0.30000000000000004,79
151712926,0.30000000000000004,82
1207582415,0.30000000000000004,47
2486821540,0.30000000000000004,90
1259821421,0.30000000000000004,70
597594931,0.30000000000000004,46
2865206418,0.30000000000000004,64
3003750881,0.30000000000000004,54
3312495928,0.30000000000000004,38
3078168926,0.30000000000000004,59
1005097259,0.30000000000000004,66
1646080115,0.30000000000000004,57
2175304393,0.30000000000000004,62
3907648593,0.30000000000000004,92
1971688097,0.30000000000000004,66
268300483,0.30000000000000004,69
3139098279,0.30000000000000004,59
3174456534,0.30000000000000004,75
997026310,0.30000000000000004,92
4280428995,0.30000000000000004,90
345698675,0.30000000000000004,34
2296661869,0.30000000000000004,56
1808063307,0.30000000000000004,42
3884888703,0.30000000000000004,78
2494461129,0.30000000000000004,56
3862701690,0.30000000000000004,99
1989052338,0.30000000000000004,53
2910179760,0.30000000000000004,53
1983180500,0.30000000000000004,38
2796940620,0.30000000000000004,52
2835193311,0.30000000000000004,39
1671370085,0.30000000000000004,72
3953588250,0.30000000000000004,76
358542842,0.30000000000000004,47
3497188667,0.30000000000000004,51
253549709,0.30000000000000004,89
1953331372,0.30000000000000004,63
890775398,0.30000000000000004,182
642810498,0.30000000000000004,87
1233062494,0.30000000000000004,55
908446902,0.30000000000000004,44
3109591194,0.30000000000000004,62
2446198906,0.30000000000000004,8
3358664237,0.30000000000000004,76
896344283,0.30000000000000004,58
1869944201,0.30000000000000004,60
3190319407,0.30000000000000004,66
987968938,0.30000000000000004,31
48960437,0.30000000000000004,42
2405484524,0.30000000000000004,42
3763400334,0.30000000000000004,98
4209925572,0.30000000000000004,38
4172993659,0.30000000000000004,69
2147595062,0.30000000000000004,70
3425188374,0.30000000000000004,40
3309235867,0.30000000000000004,69
3869940862,0.30000000000000004,93
3445858407,0.30000000000000004,70
683688611,0.30000000000000004,102
3671515462,0.30000000000000004,62
3027130951,0.30000000000000004,48
3369736057,0.30000000000000004,109
1655287705,0.30000000000000004,72
3004971955,0.30000000000000004,103
1256815592,0.30000000000000004,76
267482411,0.30000000000000004,79
2210323869,0.30000000000000004,78
3218958405,0.30000000000000004,51
3163371865,0.30000000000000004,47
1394697297,0.30000000000000004,61
4178031102,0.30000000000000004,52
643453088,0.30000000000000004,56
3249835323,0.30000000000000004,29
349764347,0.30000000000000004,48
317791015,0.30000000000000004,66
4067508317,0.30000000000000004,52
2385507088,0.30000000000000004,68
1526028037,0.30000000000000004,86
297824171,0.30000000000000004,77
1353143832,0.30000000000000004,108
1739382006,0.30000000000000004,56
580680804,0.30000000000000004,60
2823014988,0.30000000000000004,62
3517474495,0.30000000000000004,49
1323262800,0.30000000000000004,69
975802718,0.30000000000000004,47
2199045525,0.30000000000000004,47
1193102617,0.30000000000000004,43
884894373,0.30000000000000004,93
3411013638,0.30000000000000004,46
805745625,0.30000000000000004,51
3780170430,0.30000000000000004,202
3127142703,0.30000000000000004,9
2145807442,0.30000000000000004,102
7356014,0.30000000000000004,78
1854214563,0.30000000000000004,104
3246756741,0.30000000000000004,128
4269520782,0.30000000000000004,73
3093880402,0.30000000000000004,91
721312908,0.30000000000000004,122
2185234596,0.30000000000000004,47
1811372632,0.30000000000000004,1
158871473,0.30000000000000004,56
3933942357,0.30000000000000004,1
2247311752,0.30000000000000004,69
2639539135,0.30000000000000004,87
588020478,0.30000000000000004,68
2481404281,0.30000000000000004,46
3605935409,0.30000000000000004,66
1724216363,0.30000000000000004,95
3705963873,0.30000000000000004,4
3077038052,0.30000000000000004,66
3012538924,0.30000000000000004,60
339579960,0.30000000000000004,66
3595527923,0.30000000000000004,40
863450078,0.30000000000000004,62
1293846983,0.30000000000000004,108
297175216,0.30000000000000004,71
1619853330,0.30000000000000004,48
1315304267,0.30000000000000004,82
3174143715,0.30000000000000004,46
1039824701,0.30000000000000004,70
721441559,0.30000000000000004,74
4105799406,0.30000000000000004,35
1633137197,0.30000000000000004,297
1521883525,0.30000000000000004,78
3988848284,0.30000000000000004,50
2356674901,0.30000000000000004,46
3622559309,0.30000000000000004,79
855568988,0.30000000000000004,76
2610361744,0.30000000000000004,97
3797455899,0.30000000000000004,110
3701701166,0.30000000000000004,75
1820757617,0.30000000000000004,49
3255375637,0.30000000000000004,64
1973362254,0.30000000000000004,42
817567550,0.30000000000000004,101
3034277235,0.30000000000000004,89
422340604,0.30000000000000004,55
2537213971,0.30000000000000004,79
2777209301,0.30000000000000004,59
3393578195,0.30000000000000004,38
968986378,0.30000000000000004,59
688328363,0.30000000000000004,30
4152859901,0.30000000000000004,58
1795468969,0.30000000000000004,91
2590496957,0.30000000000000004,95
3299187091,0.30000000000000004,66
1977285233,0.30000000000000004,49
2229299064,0.30000000000000004,157
621973311,0.30000000000000004,115
3137073118,0.30000000000000004,48
1722482046,0.30000000000000004,85
2843863878,0.30000000000000004,54
3220027874,0.30000000000000004,52
2854411774,0.30000000000000004,57
656915034,0.30000000000000004,57
3284494407,0.30000000000000004,98
1067328885,0.30000000000000004,67
2684470948,0.32,48
4091952314,0.32,48
233227757,0.32,75
3276785861,0.32,117
3644269654,0.32,64
1206282609,0.32,54
3543069911,0.32,83
3479688010,0.32,42
877132087,0.32,49
1244265337,0.32,83
2740186692,0.32,100
3884972972,0.32,90
829139639,0.32,49
2545567356,0.32,34
2718398101,0.32,113
176092387,0.32,80
3528048386,0.32,48
569531098,0.32,62
1337295874,0.32,50
612016888,0.32,51
232150720,0.32,91
2324106676,0.32,89
1658700540,0.32,68
609942288,0.32,54
3405943863,0.32,34
2257503667,0.32,80
4018327298,0.32,53
2224437599,0.32,50
168388230,0.32,82
911875363,0.32,59
3699796293,0.32,92
3195154224,0.32,482
3621210587,0.32,76
1945778437,0.32,59
2384190687,0.32,26
3249086786,0.32,44
439485575,0.32,42
2217192537,0.32,48
3412522237,0.32,43
555567425,0.32,48
3399977417,0.32,67
2903099886,0.32,79
151712926,0.32,74
1207582415,0.32,44
2486821540,0.32,83
1259821421,0.32,67
597594931,0.32,46
2865206418,0.32,54
3003750881,0.32,54
3312495928,0.32,30
3078168926,0.32,59
1005097259,0.32,63
1646080115,0.32,56
2175304393,0.32,57
3907648593,0.32,89
1971688097,0.32,66
268300483,0.32,55
3139098279,0.32,59
3174456534,0.32,75
997026310,0.32,80
4280428995,0.32,55
345698675,0.32,34
2296661869,0.32,52
1808063307,0.32,42
3884888703,0.32,78
2494461129,0.32,54
3862701690,0.32,90
1989052338,0.32,53
2910179760,0.32,36
1983180500,0.32,33
2796940620,0.32,52
2835193311,0.32,29
1671370085,0.32,72
3953588250,0.32,56
358542842,0.32,43
3497188667,0.32,42
253549709,0.32,89
1953331372,0.32,77
890775398,0.32,84
642810498,0.32,44
1233062494,0.32,54
908446902,0.32,44
3109591194,0.32,49
2446198906,0.32,8
3358664237,0.32,74
896344283,0.32,41
1869944201,0.32,60
3190319407,0.32,53
987968938,0.32,31
48960437,0.32,40
2405484524,0.32,41
3763400334,0.32,54
4209925572,0.32,37
4172993659,0.32,59
2147595062,0.32,69
3425188374,0.32,40
3309235867,0.32,64
3869940862,0.32,40
3445858407,0.32,51
683688611,0.32,102
3671515462,0.32,61
3027130951,0.32,48
3369736057,0.32,96
1655287705,0.32,72
3004971955,0.32,91
1256815592,0.32,57
267482411,0.32,75
2210323869,0.32,62
3218958405,0.32,50
3163371865,0.32,47
1394697297,0.32,50
4178031102,0.32,51
643453088,0.32,56
3249835323,0.32,29
349764347,0.32,40
317791015,0.32,57
4067508317,0.32,42
2385507088,0.32,68
1526028037,0.32,79
297824171,0.32,77
1353143832,0.32,92
1739382006,0.32,55
580680804,0.32,43
2823014988,0.32,44
3517474495,0.32,48
1323262800,0.32,56
975802718,0.32,47
2199045525,0.32,45
1193102617,0.32,38
884894373,0.32,93
3411013638,0.32,46
805745625,0.32,43
3780170430,0.32,165
3127142703,0.32,9
2145807442,0.32,89
7356014,0.32,60
1854214563,0.32,100
3246756741,0.32,88
4269520782,0.32,69
3093880402,0.32,69
721312908,0.32,122
2185234596,0.32,33
1811372632,0.32,1
158871473,0.32,53
3933942357,0.32,1
2247311752,0.32,60
2639539135,0.32,86
588020478,0.32,67
2481404281,0.32,34
3605935409,0.32,62
1724216363,0.32,88
3705963873,0.32,4
3077038052,0.32,60
3012538924,0.32,60
339579960,0.32,65
3595527923,0.32,40
863450078,0.32,45
1293846983,0.32,105
297175216,0.32,57
1619853330,0.32,45
1315304267,0.32,82
3174143715,0.32,46
1039824701,0.32,70
721441559,0.32,72
4105799406,0.32,35
1633137197,0.32,159
1521883525,0.32,55
3988848284,0.32,50
2356674901,0.32,42
3622559309,0.32,75
855568988,0.32,49
2610361744,0.32,77
3797455899,0.32,102
3701701166,0.32,72
1820757617,0.32,49
3255375637,0.32,58
1973362254,0.32,42
817567550,0.32,60
3034277235,0.32,78
422340604,0.32,53
2537213971,0.32,79
2777209301,0.32,54
3393578195,0.32,33
968986378,0.32,54
688328363,0.32,30
4152859901,0.32,58
1795468969,0.32,91
2590496957,0.32,78
3299187091,0.32,63
1977285233,0.32,42
2229299064,0.32,95
621973311,0.32,108
3137073118,0.32,45
1722482046,0.32,85
2843863878,0.32,54
3220027874,0.32,49
2854411774,0.32,56
656915034,0.32,45
3284494407,0.32,97
1067328885,0.32,60
2684470948,0.33999999999999997,48
4091952314,0.33999999999999997,42
233227757,0.33999999999999997,56
3276785861,0.33999999999999997,90
3644269654,0.33999999999999997,64
1206282609,0.33999999999999997,48
3543069911,0.33999999999999997,93
3479688010,0.33999999999999997,42
877132087,0.33999999999999997,49
1244265337,0.33999999999999997,47
2740186692,0.33999999999999997,99
3884972972,0.33999999999999997,62
829139639,0.33999999999999997,38
2545567356,0.33999999999999997,33
2718398101,0.33999999999999997,104
176092387,0.33999999999999997,58
3528048386,0.33999999999999997,41
569531098,0.33999999999999997,39
1337295874,0.33999999999999997,50
612016888,0.33999999999999997,51
232150720,0.33999999999999997,84
2324106676,0.33999999999999997,86
1658700540,0.33999999999999997,68
609942288,0.33999999999999997,32
3405943863,0.33999999999999997,32
2257503667,0.33999999999999997,79
4018327298,0.33999999999999997,53
2224437599,0.33999999999999997,50
168388230,0.33999999999999997,82
911875363,0.33999999999999997,59
3699796293,0.33999999999999997,78
3195154224,0.33999999999999997,433
3621210587,0.33999999999999997,76
1945778437,0.33999999999999997,59
2384190687,0.33999999999999997,22
3249086786,0.33999999999999997,40
439485575,0.33999999999999997,42
2217192537,0.33999999999999997,43
3412522237,0.33999999999999997,42
555567425,0.33999999999999997,54
3399977417,0.33999999999999997,62
2903099886,0.33999999999999997,78
151712926,0.33999999999999997,62
1207582415,0.33999999999999997,44
2486821540,0.33999999999999997,79
1259821421,0.33999999999999997,64
597594931,0.33999999999999997,46
2865206418,0.33999999999999997,47
3003750881,0.33999999999999997,51
3312495928,0.33999999999999997,30
3078168926,0.33999999999999997,59
1005097259,0.33999999999999997,63
1646080115,0.33999999999999997,70
2175304393,0.33999999999999997,54
3907648593,0.33999999999999997,89
1971688097,0.33999999999999997,62
268300483,0.33999999999999997,55
3139098279,0.33999999999999997,60
3174456534,0.33999999999999997,74
997026310,0.33999999999999997,80
4280428995,0.33999999999999997,54
345698675,0.33999999999999997,31
2296661869,0.33999999999999997,52
1808063307,0.33999999999999997,41
3884888703,0.33999999999999997,65
2494461129,0.33999999999999997,49
3862701690,0.33999999999999997,90
1989052338,0.33999999999999997,47
2910179760,0.33999999999999997,34
1983180500,0.33999999999999997,33
2796940620,0.33999999999999997,51
2835193311,0.33999999999999997,29
1671370085,0.33999999999999997,63
3953588250,0.33999999999999997,62
358542842,0.33999999999999997,41
3497188667,0.33999999999999997,33
253549709,0.33999999999999997,81
1953331372,0.33999999999999997,77
890775398,0.33999999999999997,83
642810498,0.33999999999999997,44
1233062494,0.33999999999999997,54
908446902,0.33999999999999997,30
3109591194,0.33999999999999997,47
2446198906,0.33999999999999997,8
3358664237,0.33999999999999997,62
896344283,0.33999999999999997,39
1869944201,0.33999999999999997,53
3190319407,0.33999999999999997,38
987968938,0.33999999999999997,31
48960437,0.33999999999999997,40
2405484524,0.33999999999999997,41
3763400334,0.33999999999999997,50
4209925572,0.33999999999999997,37
4172993659,0.33999999999999997,56
2147595062,0.33999999999999997,69
3425188374,0.33999999999999997,40
3309235867,0.33999999999999997,64
3869940862,0.33999999999999997,40
3445858407,0.33999999999999997,36
683688611,0.33999999999999997,63
3671515462,0.33999999999999997,59
3027130951,0.33999999999999997,36
3369736057,0.33999999999999997,74
1655287705,0.33999999999999997,64
3004971955,0.33999999999999997,88
1256815592,0.33999999999999997,54
267482411,0.33999999999999997,58
2210323869,0.33999999999999997,59
3218958405,0.33999999999999997,49
3163371865,0.33999999999999997,44
1394697297,0.33999999999999997,50
4178031102,0.33999999999999997,50
643453088,0.33999999999999997,56
3249835323,0.33999999999999997,27
349764347,0.33999999999999997,37
317791015,0.33999999999999997,44
4067508317,0.33999999999999997,42
2385507088,0.33999999999999997,62
1526028037,0.33999999999999997,78
297824171,0.33999999999999997,77
1353143832,0.33999999999999997,86
1739382006,0.33999999999999997,55
580680804,0.33999999999999997,34
2823014988,0.33999999999999997,44
3517474495,0.33999999999999997,47
1323262800,0.33999999999999997,49
975802718,0.33999999999999997,47
2199045525,0.33999999999999997,45
1193102617,0.33999999999999997,38
884894373,0.33999999999999997,93
3411013638,0.33999999999999997,43
805745625,0.33999999999999997,36
3780170430,0.33999999999999997,137
3127142703,0.33999999999999997,535
2145807442,0.33999999999999997,68
7356014,0.33999999999999997,60
1854214563,0.33999999999999997,90
3246756741,0.33999999999999997,85
4269520782,0.33999999999999997,66
3093880402,0.33999999999999997,68
721312908,0.33999999999999997,122
2185234596,0.33999999999999997,33
1811372632,0.33999999999999997,1
158871473,0.33999999999999997,53
3933942357,0.33999999999999997,1
2247311752,0.33999999999999997,60
2639539135,0.33999999999999997,86
588020478,0.33999999999999997,62
2481404281,0.33999999999999997,30
3605935409,0.33999999999999997,53
1724216363,0.33999999999999997,81
3705963873,0.33999999999999997,4
3077038052,0.33999999999999997,59
3012538924,0.33999999999999997,60
339579960,0.33999999999999997,60
3595527923,0.33999999999999997,40
863450078,0.33999999999999997,45
1293846983,0.33999999999999997,105
297175216,0.33999999999999997,54
1619853330,0.33999999999999997,45
1315304267,0.33999999999999997,73
3174143715,0.33999999999999997,44
1039824701,0.33999999999999997,64
721441559,0.33999999999999997,69
4105799406,0.33999999999999997,34
1633137197,0.33999999999999997,151
1521883525,0.33999999999999997,46
3988848284,0.33999999999999997,50
2356674901,0.33999999999999997,42
3622559309,0.33999999999999997,75
855568988,0.33999999999999997,49
2610361744,0.33999999999999997,70
3797455899,0.33999999999999997,98
3701701166,0.33999999999999997,60
1820757617,0.33999999999999997,48
3255375637,0.33999999999999997,58
1973362254,0.33999999999999997,41
817567550,0.33999999999999997,57
3034277235,0.33999999999999997,60
422340604,0.33999999999999997,53
2537213971,0.33999999999999997,80
2777209301,0.33999999999999997,47
3393578195,0.33999999999999997,28
968986378,0.33999999999999997,51
688328363,0.33999999999999997,30
4152859901,0.33999999999999997,49
1795468969,0.33999999999999997,81
2590496957,0.33999999999999997,84
3299187091,0.33999999999999997,62
1977285233,0.33999999999999997,42
2229299064,0.33999999999999997,87
621973311,0.33999999999999997,100
3137073118,0.33999999999999997,45
1722482046,0.33999999999999997,72
2843863878,0.33999999999999997,52
3220027874,0.33999999999999997,49
2854411774,0.33999999999999997,56
656915034,0.33999999999999997,43
3284494407,0.33999999999999997,86
1067328885,0.33999999999999997,51
2684470948,0.36,35
4091952314,0.36,42
233227757,0.36,56
3276785861,0.36,90
3644269654,0.36,64
1206282609,0.36,50
3543069911,0.36,81
3479688010,0.36,39
877132087,0.36,39
1244265337,0.36,46
2740186692,0.36,54
3884972972,0.36,47
829139639,0.36,37
2545567356,0.36,28
2718398101,0.36,91
176092387,0.36,44
3528048386,0.36,41
569531098,0.36,39
1337295874,0.36,46
612016888,0.36,51
232150720,0.36,59
2324106676,0.36,86
1658700540,0.36,58
609942288,0.36,32
3405943863,0.36,29
2257503667,0.36,56
4018327298,0.36,52
2224437599,0.36,47
168388230,0.36,73
911875363,0.36,59
3699796293,0.36,52
3195154224,0.36,332
3621210587,0.36,76
1945778437,0.36,59
2384190687,0.36,19
3249086786,0.36,40
439485575,0.36,42
2217192537,0.36,41
3412522237,0.36,38
555567425,0.36,52
3399977417,0.36,61
2903099886,0.36,49
151712926,0.36,61
1207582415,0.36,44
2486821540,0.36,79
1259821421,0.36,56
597594931,0.36,46
2865206418,0.36,36
3003750881,0.36,51
3312495928,0.36,30
3078168926,0.36,57
1005097259,0.36,62
1646080115,0.36,57
2175304393,0.36,54
3907648593,0.36,87
1971688097,0.36,42
268300483,0.36,45
3139098279,0.36,53
3174456534,0.36,72
997026310,0.36,81
4280428995,0.36,47
345698675,0.36,29
2296661869,0.36,51
1808063307,0.36,40
3884888703,0.36,65
2494461129,0.36,44
3862701690,0.36,90
1989052338,0.36,52
2910179760,0.36,34
1983180500,0.36,33
2796940620,0.36,41
2835193311,0.36,25
1671370085,0.36,58
3953588250,0.36,55
358542842,0.36,35
3497188667,0.36,33
253549709,0.36,81
1953331372,0.36,77
890775398,0.36,189
642810498,0.36,43
1233062494,0.36,53
908446902,0.36,30
3109591194,0.36,47
2446198906,0.36,44
3358664237,0.36,52
896344283,0.36,39
1869944201,0.36,49
3190319407,0.36,38
987968938,0.36,31
48960437,0.36,36
2405484524,0.36,37
3763400334,0.36,39
4209925572,0.36,36
4172993659,0.36,50
2147595062,0.36,67
3425188374,0.36,39
3309235867,0.36,56
3869940862,0.36,24
3445858407,0.36,30
683688611,0.36,63
3671515462,0.36,45
3027130951,0.36,36
3369736057,0.36,69
1655287705,0.36,52
3004971955,0.36,73
1256815592,0.36,42
267482411,0.36,58
2210323869,0.36,59
3218958405,0.36,41
3163371865,0.36,39
1394697297,0.36,50
4178031102,0.36,50
643453088,0.36,55
3249835323,0.36,27
349764347,0.36,33
317791015,0.36,36
4067508317,0.36,40
2385507088,0.36,56
1526028037,0.36,62
297824171,0.36,76
1353143832,0.36,86
1739382006,0.36,48
580680804,0.36,34
2823014988,0.36,44
3517474495,0.36,47
1323262800,0.36,49
975802718,0.36,46
2199045525,0.36,40
1193102617,0.36,38
884894373,0.36,90
3411013638,0.36,42
805745625,0.36,30
3780170430,0.36,93
3127142703,0.36,560
2145807442,0.36,66
7356014,0.36,48
1854214563,0.36,72
3246756741,0.36,48
4269520782,0.36,49
3093880402,0.36,68
721312908,0.36,104
2185234596,0.36,40
1811372632,0.36,1
158871473,0.36,53
3933942357,0.36,1
2247311752,0.36,60
2639539135,0.36,71
588020478,0.36,52
2481404281,0.36,28
3605935409,0.36,53
1724216363,0.36,77
3705963873,0.36,4
3077038052,0.36,66
3012538924,0.36,60
339579960,0.36,50
3595527923,0.36,40
863450078,0.36,45
1293846983,0.36,70
297175216,0.36,37
1619853330,0.36,37
1315304267,0.36,73
3174143715,0.36,30
1039824701,0.36,62
721441559,0.36,69
4105799406,0.36,29
1633137197,0.36,151
1521883525,0.36,39
3988848284,0.36,49
2356674901,0.36,40
3622559309,0.36,71
855568988,0.36,49
2610361744,0.36,70
3797455899,0.36,94
3701701166,0.36,27
1820757617,0.36,43
3255375637,0.36,58
1973362254,0.36,41
817567550,0.36,56
3034277235,0.36,60
422340604,0.36,36
2537213971,0.36,82
2777209301,0.36,47
3393578195,0.36,28
968986378,0.36,51
688328363,0.36,27
4152859901,0.36,47
1795468969,0.36,82
2590496957,0.36,78
3299187091,0.36,57
1977285233,0.36,42
2229299064,0.36,87
621973311,0.36,70
3137073118,0.36,44
1722482046,0.36,67
2843863878,0.36,51
3220027874,0.36,45
2854411774,0.36,46
656915034,0.36,40
3284494407,0.36,73
1067328885,0.36,46
2684470948,0.38,35
4091952314,0.38,39
233227757,0.38,50
3276785861,0.38,68
3644269654,0.38,51
1206282609,0.38,45
3543069911,0.38,81
3479688010,0.38,38
877132087,0.38,39
1244265337,0.38,34
2740186692,0.38,47
3884972972,0.38,47
829139639,0.38,37
2545567356,0.38,26
2718398101,0.38,74
176092387,0.38,39
3528048386,0.38,31
569531098,0.38,39
1337295874,0.38,45
612016888,0.38,51
232150720,0.38,59
2324106676,0.38,68
1658700540,0.38,59
609942288,0.38,32
3405943863,0.38,29
2257503667,0.38,55
4018327298,0.38,34
2224437599,0.38,47
168388230,0.38,53
911875363,0.38,59
3699796293,0.38,43
3195154224,0.38,202
3621210587,0.38,70
1945778437,0.38,46
2384190687,0.38,18
3249086786,0.38,36
439485575,0.38,42
2217192537,0.38,41
3412522237,0.38,38
555567425,0.38,52
3399977417,0.38,61
2903099886,0.38,49
151712926,0.38,61
1207582415,0.38,43
2486821540,0.38,79
1259821421,0.38,51
597594931,0.38,46
2865206418,0.38,34
3003750881,0.38,51
3312495928,0.38,30
3078168926,0.38,46
1005097259,0.38,62
1646080115,0.38,57
2175304393,0.38,46
3907648593,0.38,87
1971688097,0.38,34
268300483,0.38,45
3139098279,0.38,59
3174456534,0.38,66
997026310,0.38,80
4280428995,0.38,44
345698675,0.38,29
2296661869,0.38,51
1808063307,0.38,38
3884888703,0.38,65
2494461129,0.38,44
3862701690,0.38,67
1989052338,0.38,54
2910179760,0.38,30
1983180500,0.38,33
2796940620,0.38,27
2835193311,0.38,25
1671370085,0.38,48
3953588250,0.38,50
358542842,0.38,34
3497188667,0.38,33
253549709,0.38,81
1953331372,0.38,56
890775398,0.38,104
642810498,0.38,43
1233062494,0.38,44
908446902,0.38,30
3109591194,0.38,47
2446198906,0.38,37
3358664237,0.38,40
896344283,0.38,39
1869944201,0.38,49
3190319407,0.38,30
987968938,0.38,31
48960437,0.38,34
2405484524,0.38,32
3763400334,0.38,38
4209925572,0.38,36
4172993659,0.38,50
2147595062,0.38,53
3425188374,0.38,37
3309235867,0.38,55
3869940862,0.38,23
3445858407,0.38,29
683688611,0.38,62
3671515462,0.38,37
3027130951,0.38,34
3369736057,0.38,61
1655287705,0.38,44
3004971955,0.38,67
1256815592,0.38,34
267482411,0.38,57
2210323869,0.38,56
3218958405,0.38,41
3163371865,0.38,37
1394697297,0.38,50
4178031102,0.38,33
643453088,0.38,50
3249835323,0.38,27
349764347,0.38,33
317791015,0.38,36
4067508317,0.38,31
2385507088,0.38,52
1526028037,0.38,43
297824171,0.38,64
1353143832,0.38,86
1739382006,0.38,47
580680804,0.38,34
2823014988,0.38,34
3517474495,0.38,46
1323262800,0.38,49
975802718,0.38,33
2199045525,0.38,40
1193102617,0.38,38
884894373,0.38,112
3411013638,0.38,42
805745625,0.38,30
3780170430,0.38,79
3127142703,0.38,160
2145807442,0.38,65
7356014,0.38,42
1854214563,0.38,66
3246756741,0.38,48
4269520782,0.38,44
3093880402,0.38,55
721312908,0.38,96
2185234596,0.38,28
1811372632,0.38,1
158871473,0.38,46
3933942357,0.38,1
2247311752,0.38,57
2639539135,0.38,62
588020478,0.38,48
2481404281,0.38,28
3605935409,0.38,46
1724216363,0.38,53
3705963873,0.38,4
3077038052,0.38,59
3012538924,0.38,60
339579960,0.38,45
3595527923,0.38,40
863450078,0.38,44
1293846983,0.38,57
297175216,0.38,37
1619853330,0.38,37
1315304267,0.38,60
3174143715,0.38,30
1039824701,0.38,62
721441559,0.38,62
4105799406,0.38,29
1633137197,0.38,121
1521883525,0.38,37
3988848284,0.38,48
2356674901,0.38,39
3622559309,0.38,67
855568988,0.38,45
2610361744,0.38,51
3797455899,0.38,55
3701701166,0.38,24
1820757617,0.38,39
3255375637,0.38,64
1973362254,0.38,41
817567550,0.38,48
3034277235,0.38,60
422340604,0.38,31
2537213971,0.38,82
2777209301,0.38,44
3393578195,0.38,28
968986378,0.38,41
688328363,0.38,27
4152859901,0.38,43
1795468969,0.38,77
2590496957,0.38,74
3299187091,0.38,55
1977285233,0.38,42
2229299064,0.38,83
621973311,0.38,64
3137073118,0.38,41
1722482046,0.38,32
2843863878,0.38,51
3220027874,0.38,40
2854411774,0.38,45
656915034,0.38,40
3284494407,0.38,71
1067328885,0.38,45
2684470948,0.4,30
4091952314,0.4,39
233227757,0.4,39
3276785861,0.4,66
3644269654,0.4,51
1206282609,0.4,41
3543069911,0.4,75
3479688010,0.4,38
877132087,0.4,32
1244265337,0.4,27
2740186692,0.4,41
3884972972,0.4,47
829139639,0.4,37
2545567356,0.4,26
2718398101,0.4,59
176092387,0.4,42
3528048386,0.4,31
569531098,0.4,34
1337295874,0.4,45
612016888,0.4,45
232150720,0.4,53
2324106676,0.4,71
1658700540,0.4,59
609942288,0.4,32
3405943863,0.4,28
2257503667,0.4,54
4018327298,0.4,34
2224437599,0.4,41
168388230,0.4,53
911875363,0.4,54
3699796293,0.4,40
3195154224,0.4,121
3621210587,0.4,66
1945778437,0.4,46
2384190687,0.4,18
3249086786,0.4,36
439485575,0.4,38
2217192537,0.4,41
3412522237,0.4,38
555567425,0.4,47
3399977417,0.4,57
2903099886,0.4,49
151712926,0.4,48
1207582415,0.4,33
2486821540,0.4,73
1259821421,0.4,51
597594931,0.4,45
2865206418,0.4,32
3003750881,0.4,51
3312495928,0.4,30
3078168926,0.4,46
1005097259,0.4,52
1646080115,0.4,46
2175304393,0.4,46
3907648593,0.4,68
1971688097,0.4,25
268300483,0.4,45
3139098279,0.4,53
3174456534,0.4,66
997026310,0.4,72
4280428995,0.4,43
345698675,0.4,29
2296661869,0.4,47
1808063307,0.4,27
3884888703,0.4,60
2494461129,0.4,44
3862701690,0.4,67
1989052338,0.4,26
2910179760,0.4,30
1983180500,0.4,33
2796940620,0.4,27
2835193311,0.4,25
1671370085,0.4,40
3953588250,0.4,49
358542842,0.4,34
3497188667,0.4,33
253549709,0.4,81
1953331372,0.4,56
890775398,0.4,104
642810498,0.4,43
1233062494,0.4,44
908446902,0.4,28
3109591194,0.4,47
2446198906,0.4,32
3358664237,0.4,40
896344283,0.4,36
1869944201,0.4,48
3190319407,0.4,30
987968938,0.4,28
48960437,0.4,34
2405484524,0.4,31
3763400334,0.4,38
4209925572,0.4,31
4172993659,0.4,50
2147595062,0.4,53
3425188374,0.4,26
3309235867,0.4,52
3869940862,0.4,23
3445858407,0.4,29
683688611,0.4,62
3671515462,0.4,32
3027130951,0.4,34
3369736057,0.4,60
1655287705,0.4,44
3004971955,0.4,65
1256815592,0.4,34
267482411,0.4,50
2210323869,0.4,56
3218958405,0.4,41
3163371865,0.4,35
1394697297,0.4,44
4178031102,0.4,33
643453088,0.4,40
3249835323,0.4,27
349764347,0.4,32
317791015,0.4,36
4067508317,0.4,29
2385507088,0.4,51
1526028037,0.4,43
297824171,0.4,55
1353143832,0.4,85
1739382006,0.4,45
580680804,0.4,31
2823014988,0.4,35
3517474495,0.4,42
1323262800,0.4,48
975802718,0.4,33
2199045525,0.4,32
1193102617,0.4,38
884894373,0.4,112
3411013638,0.4,39
805745625,0.4,30
3780170430,0.4,68
3127142703,0.4,160
2145807442,0.4,65
7356014,0.4,38
1854214563,0.4,45
3246756741,0.4,44
4269520782,0.4,43
3093880402,0.4,54
721312908,0.4,88
2185234596,0.4,20
1811372632,0.4,1
158871473,0.4,46
3933942357,0.4,1
2247311752,0.4,53
2639539135,0.4,62
588020478,0.4,46
2481404281,0.4,27
3605935409,0.4,42
1724216363,0.4,51
3705963873,0.4,4
3077038052,0.4,57
3012538924,0.4,51
339579960,0.4,43
3595527923,0.4,40
863450078,0.4,38
1293846983,0.4,52
297175216,0.4,37
1619853330,0.4,36
1315304267,0.4,60
3174143715,0.4,30
1039824701,0.4,58
721441559,0.4,60
4105799406,0.4,29
1633137197,0.4,97
1521883525,0.4,36
3988848284,0.4,48
2356674901,0.4,35
3622559309,0.4,67
855568988,0.4,44
2610361744,0.4,46
3797455899,0.4,63
3701701166,0.4,23
1820757617,0.4,39
3255375637,0.4,64
1973362254,0.4,40
817567550,0.4,41
3034277235,0.4,59
422340604,0.4,30
2537213971,0.4,80
2777209301,0.4,44
3393578195,0.4,28
968986378,0.4,37
688328363,0.4,27
4152859901,0.4,43
1795468969,0.4,73
2590496957,0.4,74
3299187091,0.4,46
1977285233,0.4,42
2229299064,0.4,55
621973311,0.4,60
3137073118,0.4,41
1722482046,0.4,32
2843863878,0.4,48
3220027874,0.4,40
2854411774,0.4,45
656915034,0.4,40
3284494407,0.4,68
1067328885,0.4,45
2684470948,0.42000000000000004,30
4091952314,0.42000000000000004,38
233227757,0.42000000000000004,38
3276785861,0.42000000000000004,61
3644269654,0.42000000000000004,51
1206282609,0.42000000000000004,39
3543069911,0.42000000000000004,69
3479688010,0.42000000000000004,36
877132087,0.42000000000000004,29
1244265337,0.42000000000000004,25
2740186692,0.42000000000000004,47
3884972972,0.42000000000000004,47
829139639,0.42000000000000004,31
2545567356,0.42000000000000004,26
2718398101,0.42000000000000004,59
176092387,0.42000000000000004,42
3528048386,0.42000000000000004,28
569531098,0.42000000000000004,34
1337295874,0.42000000000000004,44
612016888,0.42000000000000004,45
232150720,0.42000000000000004,55
2324106676,0.42000000000000004,68
1658700540,0.42000000000000004,49
609942288,0.42000000000000004,32
3405943863,0.42000000000000004,28
2257503667,0.42000000000000004,50
4018327298,0.42000000000000004,33
2224437599,0.42000000000000004,38
168388230,0.42000000000000004,52
911875363,0.42000000000000004,54
3699796293,0.42000000000000004,40
3195154224,0.42000000000000004,130
3621210587,0.42000000000000004,52
1945778437,0.42000000000000004,38
2384190687,0.42000000000000004,18
3249086786,0.42000000000000004,36
439485575,0.42000000000000004,38
2217192537,0.42000000000000004,41
3412522237,0.42000000000000004,38
555567425,0.42000000000000004,43
3399977417,0.42000000000000004,57
2903099886,0.42000000000000004,49
151712926,0.42000000000000004,47
1207582415,0.42000000000000004,33
2486821540,0.42000000000000004,73
1259821421,0.42000000000000004,50
597594931,0.42000000000000004,40
2865206418,0.42000000000000004,33
3003750881,0.42000000000000004,51
3312495928,0.42000000000000004,30
3078168926,0.42000000000000004,45
1005097259,0.42000000000000004,61
1646080115,0.42000000000000004,38
2175304393,0.42000000000000004,46
3907648593,0.42000000000000004,38
1971688097,0.42000000000000004,25
268300483,0.42000000000000004,40
3139098279,0.42000000000000004,47
3174456534,0.42000000000000004,59
997026310,0.42000000000000004,62
4280428995,0.42000000000000004,43
345698675,0.42000000000000004,28
2296661869,0.42000000000000004,47
1808063307,0.42000000000000004,26
3884888703,0.42000000000000004,59
2494461129,0.42000000000000004,44
3862701690,0.42000000000000004,63
1989052338,0.42000000000000004,25
2910179760,0.42000000000000004,29
1983180500,0.42000000000000004,33
2796940620,0.42000000000000004,27
2835193311,0.42000000000000004,25
1671370085,0.42000000000000004,40
3953588250,0.42000000000000004,47
358542842,0.42000000000000004,34
3497188667,0.42000000000000004,33
253549709,0.42000000000000004,80
1953331372,0.42000000000000004,46
890775398,0.42000000000000004,84
642810498,0.42000000000000004,40
1233062494,0.42000000000000004,44
908446902,0.42000000000000004,24
3109591194,0.42000000000000004,45
2446198906,0.42000000000000004,32
3358664237,0.42000000000000004,33
896344283,0.42000000000000004,36
1869944201,0.42000000000000004,47
3190319407,0.42000000000000004,30
987968938,0.42000000000000004,27
48960437,0.42000000000000004,34
2405484524,0.42000000000000004,29
3763400334,0.42000000000000004,38
4209925572,0.42000000000000004,31
4172993659,0.42000000000000004,44
2147595062,0.42000000000000004,48
3425188374,0.42000000000000004,26
3309235867,0.42000000000000004,41
3869940862,0.42000000000000004,23
3445858407,0.42000000000000004,28
683688611,0.42000000000000004,51
3671515462,0.42000000000000004,32
3027130951,0.42000000000000004,34
3369736057,0.42000000000000004,60
1655287705,0.42000000000000004,44
3004971955,0.42000000000000004,65
1256815592,0.42000000000000004,29
267482411,0.42000000000000004,50
2210323869,0.42000000000000004,55
3218958405,0.42000000000000004,37
3163371865,0.42000000000000004,35
1394697297,0.42000000000000004,41
4178031102,0.42000000000000004,32
643453088,0.42000000000000004,40
3249835323,0.42000000000000004,27
349764347,0.42000000000000004,32
317791015,0.42000000000000004,36
4067508317,0.42000000000000004,28
2385507088,0.42000000000000004,43
1526028037,0.42000000000000004,43
297824171,0.42000000000000004,52
1353143832,0.42000000000000004,85
1739382006,0.42000000000000004,48
580680804,0.42000000000000004,31
2823014988,0.42000000000000004,32
3517474495,0.42000000000000004,32
1323262800,0.42000000000000004,46
975802718,0.42000000000000004,30
2199045525,0.42000000000000004,30
1193102617,0.42000000000000004,38
884894373,0.42000000000000004,78
3411013638,0.42000000000000004,36
805745625,0.42000000000000004,30
3780170430,0.42000000000000004,62
3127142703,0.42000000000000004,143
2145807442,0.42000000000000004,65
7356014,0.42000000000000004,36
1854214563,0.42000000000000004,45
3246756741,0.42000000000000004,38
4269520782,0.42000000000000004,43
3093880402,0.42000000000000004,47
721312908,0.42000000000000004,68
2185234596,0.42000000000000004,20
1811372632,0.42000000000000004,1
158871473,0.42000000000000004,46
3933942357,0.42000000000000004,1
2247311752,0.42000000000000004,48
2639539135,0.42000000000000004,56
588020478,0.42000000000000004,46
2481404281,0.42000000000000004,26
3605935409,0.42000000000000004,41
1724216363,0.42000000000000004,51
3705963873,0.42000000000000004,4
3077038052,0.42000000000000004,48
3012538924,0.42000000000000004,29
339579960,0.42000000000000004,41
3595527923,0.42000000000000004,33
863450078,0.42000000000000004,34
1293846983,0.42000000000000004,45
297175216,0.42000000000000004,36
1619853330,0.42000000000000004,36
1315304267,0.42000000000000004,55
3174143715,0.42000000000000004,28
1039824701,0.42000000000000004,39
721441559,0.42000000000000004,51
4105799406,0.42000000000000004,29
1633137197,0.42000000000000004,75
1521883525,0.42000000000000004,36
3988848284,0.42000000000000004,25
2356674901,0.42000000000000004,35
3622559309,0.42000000000000004,64
855568988,0.42000000000000004,43
2610361744,0.42000000000000004,46
3797455899,0.42000000000000004,54
3701701166,0.42000000000000004,23
1820757617,0.42000000000000004,35
3255375637,0.42000000000000004,52
1973362254,0.42000000000000004,40
817567550,0.42000000000000004,41
3034277235,0.42000000000000004,27
422340604,0.42000000000000004,30
2537213971,0.42000000000000004,76
2777209301,0.42000000000000004,33
3393578195,0.42000000000000004,28
968986378,0.42000000000000004,37
688328363,0.42000000000000004,27
4152859901,0.42000000000000004,43
1795468969,0.42000000000000004,67
2590496957,0.42000000000000004,74
3299187091,0.42000000000000004,33
1977285233,0.42000000000000004,42
2229299064,0.42000000000000004,50
621973311,0.42000000000000004,52
3137073118,0.42000000000000004,41
1722482046,0.42000000000000004,27
2843863878,0.42000000000000004,36
3220027874,0.42000000000000004,45
2854411774,0.42000000000000004,39
656915034,0.42000000000000004,40
3284494407,0.42000000000000004,46
1067328885,0.42000000000000004,44
2684470948,0.44000000000000006,35
4091952314,0.44000000000000006,38
233227757,0.44000000000000006,35
3276785861,0.44000000000000006,61
3644269654,0.44000000000000006,51
1206282609,0.44000000000000006,26
3543069911,0.44000000000000006,69
3479688010,0.44000000000000006,36
877132087,0.44000000000000006,29
1244265337,0.44000000000000006,25
2740186692,0.44000000000000006,38
3884972972,0.44000000000000006,44
829139639,0.44000000000000006,31
2545567356,0.44000000000000006,26
2718398101,0.44000000000000006,42
176092387,0.44000000000000006,42
3528048386,0.44000000000000006,28
569531098,0.44000000000000006,33
1337295874,0.44000000000000006,44
612016888,0.44000000000000006,45
232150720,0.44000000000000006,49
2324106676,0.44000000000000006,62
1658700540,0.44000000000000006,49
609942288,0.44000000000000006,31
3405943863,0.44000000000000006,28
2257503667,0.44000000000000006,49
4018327298,0.44000000000000006,33
2224437599,0.44000000000000006,38
168388230,0.44000000000000006,42
911875363,0.44000000000000006,51
3699796293,0.44000000000000006,40
3195154224,0.44000000000000006,101
3621210587,0.44000000000000006,50
1945778437,0.44000000000000006,37
2384190687,0.44000000000000006,18
3249086786,0.44000000000000006,36
439485575,0.44000000000000006,37
2217192537,0.44000000000000006,39
3412522237,0.44000000000000006,35
555567425,0.44000000000000006,41
3399977417,0.44000000000000006,54
2903099886,0.44000000000000006,42
151712926,0.44000000000000006,47
1207582415,0.44000000000000006,32
2486821540,0.44000000000000006,55
1259821421,0.44000000000000006,49
597594931,0.44000000000000006,37
2865206418,0.44000000000000006,30
3003750881,0.44000000000000006,51
3312495928,0.44000000000000006,30
3078168926,0.44000000000000006,38
1005097259,0.44000000000000006,37
1646080115,0.44000000000000006,26
2175304393,0.44000000000000006,46
3907648593,0.44000000000000006,35
1971688097,0.44000000000000006,25
268300483,0.44000000000000006,40
3139098279,0.44000000000000006,32
3174456534,0.44000000000000006,59
997026310,0.44000000000000006,60
4280428995,0.44000000000000006,39
345698675,0.44000000000000006,24
2296661869,0.44000000000000006,47
1808063307,0.44000000000000006,22
3884888703,0.44000000000000006,59
2494461129,0.44000000000000006,44
3862701690,0.44000000000000006,52
1989052338,0.44000000000000006,25
2910179760,0.44000000000000006,29
1983180500,0.44000000000000006,31
2796940620,0.44000000000000006,27
2835193311,0.44000000000000006,24
1671370085,0.44000000000000006,39
3953588250,0.44000000000000006,46
358542842,0.44000000000000006,34
3497188667,0.44000000000000006,32
253549709,0.44000000000000006,57
1953331372,0.44000000000000006,38
890775398,0.44000000000000006,83
642810498,0.44000000000000006,39
1233062494,0.44000000000000006,42
908446902,0.44000000000000006,24
3109591194,0.44000000000000006,45
2446198906,0.44000000000000006,32
3358664237,0.44000000000000006,28
896344283,0.44000000000000006,36
1869944201,0.44000000000000006,41
3190319407,0.44000000000000006,30
987968938,0.44000000000000006,26
48960437,0.44000000000000006,34
2405484524,0.44000000000000006,26
3763400334,0.44000000000000006,38
4209925572,0.44000000000000006,31
4172993659,0.44000000000000006,39
2147595062,0.44000000000000006,48
3425188374,0.44000000000000006,26
3309235867,0.44000000000000006,38
3869940862,0.44000000000000006,23
3445858407,0.44000000000000006,28
683688611,0.44000000000000006,46
3671515462,0.44000000000000006,25
3027130951,0.44000000000000006,33
3369736057,0.44000000000000006,45
1655287705,0.44000000000000006,41
3004971955,0.44000000000000006,60
1256815592,0.44000000000000006,29
267482411,0.44000000000000006,50
2210323869,0.44000000000000006,46
3218958405,0.44000000000000006,36
3163371865,0.44000000000000006,35
1394697297,0.44000000000000006,41
4178031102,0.44000000000000006,31
643453088,0.44000000000000006,38
3249835323,0.44000000000000006,27
349764347,0.44000000000000006,32
317791015,0.44000000000000006,35
4067508317,0.44000000000000006,28
2385507088,0.44000000000000006,43
1526028037,0.44000000000000006,32
297824171,0.44000000000000006,52
1353143832,0.44000000000000006,75
1739382006,0.44000000000000006,48
580680804,0.44000000000000006,30
2823014988,0.44000000000000006,26
3517474495,0.44000000000000006,34
1323262800,0.44000000000000006,41
975802718,0.44000000000000006,30
2199045525,0.44000000000000006,21
1193102617,0.44000000000000006,36
884894373,0.44000000000000006,66
3411013638,0.44000000000000006,36
805745625,0.44000000000000006,30
3780170430,0.44000000000000006,45
3127142703,0.44000000000000006,50
2145807442,0.44000000000000006,65
7356014,0.44000000000000006,34
1854214563,0.44000000000000006,45
3246756741,0.44000000000000006,34
4269520782,0.44000000000000006,30
3093880402,0.44000000000000006,44
721312908,0.44000000000000006,50
2185234596,0.44000000000000006,19
1811372632,0.44000000000000006,1
158871473,0.44000000000000006,44
3933942357,0.44000000000000006,1
2247311752,0.44000000000000006,45
2639539135,0.44000000000000006,53
588020478,0.44000000000000006,45
2481404281,0.44000000000000006,22
3605935409,0.44000000000000006,38
1724216363,0.44000000000000006,47
3705963873,0.44000000000000006,4
3077038052,0.44000000000000006,32
3012538924,0.44000000000000006,29
339579960,0.44000000000000006,41
3595527923,0.44000000000000006,33
863450078,0.44000000000000006,33
1293846983,0.44000000000000006,26
297175216,0.44000000000000006,34
1619853330,0.44000000000000006,31
1315304267,0.44000000000000006,52
3174143715,0.44000000000000006,28
1039824701,0.44000000000000006,33
721441559,0.44000000000000006,49
4105799406,0.44000000000000006,27
1633137197,0.44000000000000006,53
1521883525,0.44000000000000006,36
3988848284,0.44000000000000006,24
2356674901,0.44000000000000006,20
3622559309,0.44000000000000006,60
855568988,0.44000000000000006,43
2610361744,0.44000000000000006,46
3797455899,0.44000000000000006,54
3701701166,0.44000000000000006,23
1820757617,0.44000000000000006,35
3255375637,0.44000000000000006,52
1973362254,0.44000000000000006,30
817567550,0.44000000000000006,36
3034277235,0.44000000000000006,27
422340604,0.44000000000000006,30
2537213971,0.44000000000000006,69
2777209301,0.44000000000000006,28
3393578195,0.44000000000000006,26
968986378,0.44000000000000006,37
688328363,0.44000000000000006,27
4152859901,0.44000000000000006,43
1795468969,0.44000000000000006,44
2590496957,0.44000000000000006,63
3299187091,0.44000000000000006,30
1977285233,0.44000000000000006,43
2229299064,0.44000000000000006,45
621973311,0.44000000000000006,52
3137073118,0.44000000000000006,41
1722482046,0.44000000000000006,27
2843863878,0.44000000000000006,34
3220027874,0.44000000000000006,40
2854411774,0.44000000000000006,39
656915034,0.44000000000000006,31
3284494407,0.44000000000000006,45
1067328885,0.44000000000000006,44
2684470948,0.45999999999999996,35
4091952314,0.45999999999999996,35
233227757,0.45999999999999996,35
3276785861,0.45999999999999996,60
3644269654,0.45999999999999996,51
1206282609,0.45999999999999996,26
3543069911,0.45999999999999996,69
3479688010,0.45999999999999996,36
877132087,0.45999999999999996,24
1244265337,0.45999999999999996,25
2740186692,0.45999999999999996,34
3884972972,0.45999999999999996,41
829139639,0.45999999999999996,31
2545567356,0.45999999999999996,19
2718398101,0.45999999999999996,41
176092387,0.45999999999999996,42
3528048386,0.45999999999999996,25
569531098,0.45999999999999996,29
1337295874,0.45999999999999996,42
612016888,0.45999999999999996,45
232150720,0.45999999999999996,40
2324106676,0.45999999999999996,58
1658700540,0.45999999999999996,48
609942288,0.45999999999999996,30
3405943863,0.45999999999999996,28
2257503667,0.45999999999999996,38
4018327298,0.45999999999999996,31
2224437599,0.45999999999999996,38
168388230,0.45999999999999996,39
911875363,0.45999999999999996,50
3699796293,0.45999999999999996,35
3195154224,0.45999999999999996,60
3621210587,0.45999999999999996,50
1945778437,0.45999999999999996,37
2384190687,0.45999999999999996,18
3249086786,0.45999999999999996,34
439485575,0.45999999999999996,37
2217192537,0.45999999999999996,28
3412522237,0.45999999999999996,35
555567425,0.45999999999999996,41
3399977417,0.45999999999999996,47
2903099886,0.45999999999999996,40
151712926,0.45999999999999996,47
1207582415,0.45999999999999996,32
2486821540,0.45999999999999996,55
1259821421,0.45999999999999996,51
597594931,0.45999999999999996,24
2865206418,0.45999999999999996,30
3003750881,0.45999999999999996,47
3312495928,0.45999999999999996,30
3078168926,0.45999999999999996,38
1005097259,0.45999999999999996,37
1646080115,0.45999999999999996,24
2175304393,0.45999999999999996,46
3907648593,0.45999999999999996,36
1971688097,0.45999999999999996,23
268300483,0.45999999999999996,34
3139098279,0.45999999999999996,31
3174456534,0.45999999999999996,45
997026310,0.45999999999999996,57
4280428995,0.45999999999999996,25
345698675,0.45999999999999996,23
2296661869,0.45999999999999996,42
1808063307,0.45999999999999996,22
3884888703,0.45999999999999996,49
2494461129,0.45999999999999996,44
3862701690,0.45999999999999996,52
1989052338,0.45999999999999996,25
2910179760,0.45999999999999996,27
1983180500,0.45999999999999996,29
2796940620,0.45999999999999996,27
2835193311,0.45999999999999996,24
1671370085,0.45999999999999996,36
3953588250,0.45999999999999996,44
358542842,0.45999999999999996,29
3497188667,0.45999999999999996,32
253549709,0.45999999999999996,48
1953331372,0.45999999999999996,38
890775398,0.45999999999999996,83
642810498,0.45999999999999996,38
1233062494,0.45999999999999996,40
908446902,0.45999999999999996,24
3109591194,0.45999999999999996,36
2446198906,0.45999999999999996,32
3358664237,0.45999999999999996,28
896344283,0.45999999999999996,29
1869944201,0.45999999999999996,41
3190319407,0.45999999999999996,30
987968938,0.45999999999999996,26
48960437,0.45999999999999996,34
2405484524,0.45999999999999996,26
3763400334,0.45999999999999996,32
4209925572,0.45999999999999996,29
4172993659,0.45999999999999996,34
2147595062,0.45999999999999996,48
3425188374,0.45999999999999996,23
3309235867,0.45999999999999996,36
3869940862,0.45999999999999996,23
3445858407,0.45999999999999996,23
683688611,0.45999999999999996,43
3671515462,0.45999999999999996,25
3027130951,0.45999999999999996,33
3369736057,0.45999999999999996,45
1655287705,0.45999999999999996,41
3004971955,0.45999999999999996,53
1256815592,0.45999999999999996,27
267482411,0.45999999999999996,48
2210323869,0.45999999999999996,40
3218958405,0.45999999999999996,33
3163371865,0.45999999999999996,32
1394697297,0.45999999999999996,41
4178031102,0.45999999999999996,31
643453088,0.45999999999999996,29
3249835323,0.45999999999999996,27
349764347,0.45999999999999996,32
317791015,0.45999999999999996,30
4067508317,0.45999999999999996,26
2385507088,0.45999999999999996,43
1526028037,0.45999999999999996,28
297824171,0.45999999999999996,52
1353143832,0.45999999999999996,69
1739382006,0.45999999999999996,30
580680804,0.45999999999999996,25
2823014988,0.45999999999999996,25
3517474495,0.45999999999999996,31
1323262800,0.45999999999999996,41
975802718,0.45999999999999996,30
2199045525,0.45999999999999996,21
1193102617,0.45999999999999996,36
884894373,0.45999999999999996,64
3411013638,0.45999999999999996,36
805745625,0.45999999999999996,30
3780170430,0.45999999999999996,31
3127142703,0.45999999999999996,45
2145807442,0.45999999999999996,64
7356014,0.45999999999999996,30
1854214563,0.45999999999999996,44
3246756741,0.45999999999999996,32
4269520782,0.45999999999999996,30
3093880402,0.45999999999999996,38
721312908,0.45999999999999996,34
2185234596,0.45999999999999996,19
1811372632,0.45999999999999996,1
158871473,0.45999999999999996,38
3933942357,0.45999999999999996,1
2247311752,0.45999999999999996,37
2639539135,0.45999999999999996,39
588020478,0.45999999999999996,45
2481404281,0.45999999999999996,22
3605935409,0.45999999999999996,39
1724216363,0.45999999999999996,39
3705963873,0.45999999999999996,4
3077038052,0.45999999999999996,29
3012538924,0.45999999999999996,25
339579960,0.45999999999999996,39
3595527923,0.45999999999999996,33
863450078,0.45999999999999996,33
1293846983,0.45999999999999996,24
297175216,0.45999999999999996,34
1619853330,0.45999999999999996,31
1315304267,0.45999999999999996,52
3174143715,0.45999999999999996,28
1039824701,0.45999999999999996,33
721441559,0.45999999999999996,36
4105799406,0.45999999999999996,27
1633137197,0.45999999999999996,53
1521883525,0.45999999999999996,36
3988848284,0.45999999999999996,24
2356674901,0.45999999999999996,20
3622559309,0.45999999999999996,51
855568988,0.45999999999999996,41
2610361744,0.45999999999999996,41
3797455899,0.45999999999999996,53
3701701166,0.45999999999999996,23
1820757617,0.45999999999999996,35
3255375637,0.45999999999999996,49
1973362254,0.45999999999999996,30
817567550,0.45999999999999996,36
3034277235,0.45999999999999996,27
422340604,0.45999999999999996,30
2537213971,0.45999999999999996,69
2777209301,0.45999999999999996,27
3393578195,0.45999999999999996,26
968986378,0.45999999999999996,37
688328363,0.45999999999999996,22
4152859901,0.45999999999999996,42
1795468969,0.45999999999999996,37
2590496957,0.45999999999999996,52
3299187091,0.45999999999999996,30
1977285233,0.45999999999999996,43
2229299064,0.45999999999999996,32
621973311,0.45999999999999996,52
3137073118,0.45999999999999996,41
1722482046,0.45999999999999996,27
2843863878,0.45999999999999996,34
3220027874,0.45999999999999996,40
2854411774,0.45999999999999996,28
656915034,0.45999999999999996,29
3284494407,0.45999999999999996,45
1067328885,0.45999999999999996,44
2684470948,0.48,35
4091952314,0.48,35
233227757,0.48,33
3276785861,0.48,49
3644269654,0.48,51
1206282609,0.48,26
3543069911,0.48,60
3479688010,0.48,28
877132087,0.48,24
1244265337,0.48,25
2740186692,0.48,34
3884972972,0.48,44
829139639,0.48,30
2545567356,0.48,19
2718398101,0.48,41
176092387,0.48,42
3528048386,0.48,25
569531098,0.48,29
1337295874,0.48,42
612016888,0.48,32
232150720,0.48,40
2324106676,0.48,58
1658700540,0.48,43
609942288,0.48,30
3405943863,0.48,28
2257503667,0.48,38
4018327298,0.48,29
2224437599,0.48,30
168388230,0.48,32
911875363,0.48,50
3699796293,0.48,31
3195154224,0.48,51
3621210587,0.48,45
1945778437,0.48,33
2384190687,0.48,18
3249086786,0.48,34
439485575,0.48,35
2217192537,0.48,28
3412522237,0.48,34
555567425,0.48,41
3399977417,0.48,35
2903099886,0.48,34
151712926,0.48,47
1207582415,0.48,28
2486821540,0.48,55
1259821421,0.48,51
597594931,0.48,24
2865206418,0.48,30
3003750881,0.48,36
3312495928,0.48,29
3078168926,0.48,33
1005097259,0.48,36
1646080115,0.48,24
2175304393,0.48,34
3907648593,0.48,36
1971688097,0.48,23
268300483,0.48,32
3139098279,0.48,31
3174456534,0.48,40
997026310,0.48,56
4280428995,0.48,21
345698675,0.48,23
2296661869,0.48,42
1808063307,0.48,22
3884888703,0.48,47
2494461129,0.48,44
3862701690,0.48,43
1989052338,0.48,22
2910179760,0.48,27
1983180500,0.48,29
2796940620,0.48,27
2835193311,0.48,24
1671370085,0.48,32
3953588250,0.48,44
358542842,0.48,29
3497188667,0.48,32
253549709,0.48,48
1953331372,0.48,37
890775398,0.48,83
642810498,0.48,38
1233062494,0.48,40
908446902,0.48,23
3109591194,0.48,35
2446198906,0.48,29
3358664237,0.48,28
896344283,0.48,29
1869944201,0.48,41
3190319407,0.48,30
987968938,0.48,26
48960437,0.48,34
2405484524,0.48,26
3763400334,0.48,32
4209925572,0.48,29
4172993659,0.48,34
2147595062,0.48,43
3425188374,0.48,26
3309235867,0.48,32
3869940862,0.48,23
3445858407,0.48,23
683688611,0.48,42
3671515462,0.48,25
3027130951,0.48,33
3369736057,0.48,44
1655287705,0.48,41
3004971955,0.48,53
1256815592,0.48,27
267482411,0.48,43
2210323869,0.48,31
3218958405,0.48,33
3163371865,0.48,31
1394697297,0.48,41
4178031102,0.48,30
643453088,0.48,27
3249835323,0.48,26
349764347,0.48,29
317791015,0.48,29
4067508317,0.48,26
2385507088,0.48,33
1526028037,0.48,28
297824171,0.48,51
1353143832,0.48,63
1739382006,0.48,29
580680804,0.48,25
2823014988,0.48,23
3517474495,0.48,31
1323262800,0.48,39
975802718,0.48,26
2199045525,0.48,21
1193102617,0.48,33
884894373,0.48,64
3411013638,0.48,36
805745625,0.48,30
3780170430,0.48,31
3127142703,0.48,41
2145807442,0.48,49
7356014,0.48,29
1854214563,0.48,44
3246756741,0.48,29
4269520782,0.48,41
3093880402,0.48,31
721312908,0.48,34
2185234596,0.48,19
1811372632,0.48,1
158871473,0.48,38
3933942357,0.48,1
2247311752,0.48,36
2639539135,0.48,39
588020478,0.48,33
2481404281,0.48,22
3605935409,0.48,36
1724216363,0.48,39
3705963873,0.48,4
3077038052,0.48,29
3012538924,0.48,25
339579960,0.48,38
3595527923,0.48,31
863450078,0.48,27
1293846983,0.48,24
297175216,0.48,34
1619853330,0.48,31
1315304267,0.48,52
3174143715,0.48,28
1039824701,0.48,30
721441559,0.48,31
4105799406,0.48,25
1633137197,0.48,53
1521883525,0.48,32
3988848284,0.48,24
2356674901,0.48,19
3622559309,0.48,48
855568988,0.48,36
2610361744,0.48,41
3797455899,0.48,52
3701701166,0.48,23
1820757617,0.48,28
3255375637,0.48,38
1973362254,0.48,25
817567550,0.48,36
3034277235,0.48,26
422340604,0.48,30
2537213971,0.48,42
2777209301,0.48,25
3393578195,0.48,26
968986378,0.48,34
688328363,0.48,20
4152859901,0.48,42
1795468969,0.48,31
2590496957,0.48,51
3299187091,0.48,28
1977285233,0.48,35
2229299064,0.48,32
621973311,0.48,39
3137073118,0.48,35
1722482046,0.48,24
2843863878,0.48,28
3220027874,0.48,40
2854411774,0.48,28
656915034,0.48,29
3284494407,0.48,45
1067328885,0.48,41
2684470948,0.5,35
4091952314,0.5,35
233227757,0.5,33
3276785861,0.5,42
3644269654,0.5,47
1206282609,0.5,25
3543069911,0.5,55
3479688010,0.5,28
877132087,0.5,24
1244265337,0.5,25
2740186692,0.5,34
3884972972,0.5,37
829139639,0.5,27
2545567356,0.5,19
2718398101,0.5,36
176092387,0.5,31
3528048386,0.5,25
569531098,0.5,25
1337295874,0.5,28
612016888,0.5,32
232150720,0.5,39
2324106676,0.5,51
1658700540,0.5,41
609942288,0.5,30
3405943863,0.5,28
2257503667,0.5,37
4018327298,0.5,28
2224437599,0.5,29
168388230,0.5,32
911875363,0.5,46
3699796293,0.5,30
3195154224,0.5,48
3621210587,0.5,40
1945778437,0.5,30
2384190687,0.5,18
3249086786,0.5,32
439485575,0.5,35
2217192537,0.5,27
3412522237,0.5,34
555567425,0.5,40
3399977417,0.5,35
2903099886,0.5,31
151712926,0.5,39
1207582415,0.5,27
2486821540,0.5,46
1259821421,0.5,40
597594931,0.5,24
2865206418,0.5,30
3003750881,0.5,36
3312495928,0.5,29
3078168926,0.5,33
1005097259,0.5,34
1646080115,0.5,24
2175304393,0.5,26
3907648593,0.5,31
1971688097,0.5,23
268300483,0.5,32
3139098279,0.5,31
3174456534,0.5,38
997026310,0.5,53
4280428995,0.5,21
345698675,0.5,23
2296661869,0.5,42
1808063307,0.5,20
3884888703,0.5,47
2494461129,0.5,42
3862701690,0.5,43
1989052338,0.5,22
2910179760,0.5,27
1983180500,0.5,29
2796940620,0.5,27
2835193311,0.5,24
1671370085,0.5,32
3953588250,0.5,44
358542842,0.5,27
3497188667,0.5,31
253549709,0.5,48
1953331372,0.5,35
890775398,0.5,80
642810498,0.5,37
1233062494,0.5,37
908446902,0.5,23
3109591194,0.5,35
2446198906,0.5,27
3358664237,0.5,28
896344283,0.5,29
1869944201,0.5,38
3190319407,0.5,24
987968938,0.5,26
48960437,0.5,34
2405484524,0.5,26
3763400334,0.5,27
4209925572,0.5,26
4172993659,0.5,33
2147595062,0.5,40
3425188374,0.5,26
3309235867,0.5,30
3869940862,0.5,23
3445858407,0.5,23
683688611,0.5,42
3671515462,0.5,25
3027130951,0.5,32
3369736057,0.5,43
1655287705,0.5,37
3004971955,0.5,53
1256815592,0.5,27
267482411,0.5,42
2210323869,0.5,31
3218958405,0.5,33
3163371865,0.5,28
1394697297,0.5,37
4178031102,0.5,30
643453088,0.5,27
3249835323,0.5,26
349764347,0.5,28
317791015,0.5,28
4067508317,0.5,25
2385507088,0.5,33
1526028037,0.5,28
297824171,0.5,44
1353143832,0.5,60
1739382006,0.5,23
580680804,0.5,25
2823014988,0.5,23
3517474495,0.5,26
1323262800,0.5,38
975802718,0.5,26
2199045525,0.5,21
1193102617,0.5,30
884894373,0.5,64
3411013638,0.5,36
805745625,0.5,30
3780170430,0.5,25
3127142703,0.5,37
2145807442,0.5,44
7356014,0.5,29
1854214563,0.5,30
3246756741,0.5,29
4269520782,0.5,23
3093880402,0.5,31
721312908,0.5,30
2185234596,0.5,19
1811372632,0.5,1
158871473,0.5,38
3933942357,0.5,1
2247311752,0.5,29
2639539135,0.5,39
588020478,0.5,31
2481404281,0.5,22
3605935409,0.5,34
1724216363,0.5,31
3705963873,0.5,4
3077038052,0.5,29
3012538924,0.5,24
339579960,0.5,38
3595527923,0.5,31
863450078,0.5,27
1293846983,0.5,18
297175216,0.5,32
1619853330,0.5,31
1315304267,0.5,42
3174143715,0.5,28
1039824701,0.5,24
721441559,0.5,23
4105799406,0.5,25
1633137197,0.5,46
1521883525,0.5,32
3988848284,0.5,24
2356674901,0.5,19
3622559309,0.5,48
855568988,0.5,36
2610361744,0.5,41
3797455899,0.5,50
3701701166,0.5,23
1820757617,0.5,28
3255375637,0.5,38
1973362254,0.5,25
817567550,0.5,35
3034277235,0.5,26
422340604,0.5,27
2537213971,0.5,43
2777209301,0.5,23
3393578195,0.5,25
968986378,0.5,34
688328363,0.5,20
4152859901,0.5,42
1795468969,0.5,31
2590496957,0.5,48
3299187091,0.5,26
1977285233,0.5,35
2229299064,0.5,28
621973311,0.5,35
3137073118,0.5,35
1722482046,0.5,24
2843863878,0.5,23
3220027874,0.5,39
2854411774,0.5,26
656915034,0.5,28
3284494407,0.5,44
1067328885,0.5,41
