seed,delta_e,tau_arf
2684470948,0.1,20
4091952314,0.1,564
233227757,0.1,1508
3276785861,0.1,15
3644269654,0.1,1291
1206282609,0.1,438
3543069911,0.1,55
3479688010,0.1,636
877132087,0.1,319
1244265337,0.1,875
2740186692,0.1,30
3884972972,0.1,35
829139639,0.1,310
2545567356,0.1,810
2718398101,0.1,389
176092387,0.1,193
3528048386,0.1,568
569531098,0.1,515
1337295874,0.1,575
612016888,0.1,67
232150720,0.1,897
2324106676,0.1,672
1658700540,0.1,284
609942288,0.1,447
3405943863,0.1,414
2257503667,0.1,255
4018327298,0.1,429
2224437599,0.1,154
168388230,0.1,1047
911875363,0.1,1819
3699796293,0.1,843
3195154224,0.1,1045
3621210587,0.1,347
1945778437,0.1,512
2384190687,0.1,806
3249086786,0.1,18
439485575,0.1,578
2217192537,0.1,134
3412522237,0.1,425
555567425,0.1,924
3399977417,0.1,22
2903099886,0.1,300
151712926,0.1,10
1207582415,0.1,81
2486821540,0.1,581
1259821421,0.1,1236
597594931,0.1,596
2865206418,0.1,430
3003750881,0.1,661
3312495928,0.1,702
3078168926,0.1,490
1005097259,0.1,290
1646080115,0.1,374
2175304393,0.1,2003
3907648593,0.1,601
1971688097,0.1,1040
268300483,0.1,1143
3139098279,0.1,397
3174456534,0.1,16
997026310,0.1,112
4280428995,0.1,107
345698675,0.1,1081
2296661869,0.1,983
1808063307,0.1,1079
3884888703,0.1,336
2494461129,0.1,1070
3862701690,0.1,240
1989052338,0.1,492
2910179760,0.1,529
1983180500,0.1,3
2796940620,0.1,1458
2835193311,0.1,26
1671370085,0.1,658
3953588250,0.1,958
358542842,0.1,538
3497188667,0.1,10
253549709,0.1,5
1953331372,0.1,594
890775398,0.1,301
642810498,0.1,618
1233062494,0.1,14
908446902,0.1,682
3109591194,0.1,141
2446198906,0.1,14
3358664237,0.1,964
896344283,0.1,1059
1869944201,0.1,532
3190319407,0.1,16
987968938,0.1,13
48960437,0.1,57
2405484524,0.1,634
3763400334,0.1,212
4209925572,0.1,396
4172993659,0.1,499
2147595062,0.1,2
3425188374,0.1,698
3309235867,0.1,888
3869940862,0.1,1334
3445858407,0.1,136
683688611,0.1,38
3671515462,0.1,1278
3027130951,0.1,1046
3369736057,0.1,647
1655287705,0.1,410
3004971955,0.1,950
1256815592,0.1,790
267482411,0.1,584
2210323869,0.1,176
3218958405,0.1,32
3163371865,0.1,417
1394697297,0.1,443
4178031102,0.1,328
643453088,0.1,45
3249835323,0.1,344
349764347,0.1,474
317791015,0.1,46
4067508317,0.1,1402
2385507088,0.1,832
1526028037,0.1,747
297824171,0.1,457
1353143832,0.1,749
1739382006,0.1,10
580680804,0.1,58
2823014988,0.1,820
3517474495,0.1,551
1323262800,0.1,412
975802718,0.1,574
2199045525,0.1,160
1193102617,0.1,558
884894373,0.1,507
3411013638,0.1,480
805745625,0.1,991
3780170430,0.1,654
3127142703,0.1,1354
2145807442,0.1,731
7356014,0.1,619
1854214563,0.1,471
3246756741,0.1,909
4269520782,0.1,404
3093880402,0.1,436
721312908,0.1,343
2185234596,0.1,654
1811372632,0.1,1159
158871473,0.1,469
3933942357,0.1,940
2247311752,0.1,633
2639539135,0.1,68
588020478,0.1,673
2481404281,0.1,120
3605935409,0.1,14
1724216363,0.1,230
3705963873,0.1,186
3077038052,0.1,243
3012538924,0.1,29
339579960,0.1,25
3595527923,0.1,221
863450078,0.1,946
1293846983,0.1,12
297175216,0.1,411
1619853330,0.1,277
1315304267,0.1,360
3174143715,0.1,855
1039824701,0.1,684
721441559,0.1,1352
4105799406,0.1,674
1633137197,0.1,55
1521883525,0.1,2
3988848284,0.1,739
2356674901,0.1,617
3622559309,0.1,720
855568988,0.1,3
2610361744,0.1,635
3797455899,0.1,227
3701701166,0.1,511
1820757617,0.1,327
3255375637,0.1,247
1973362254,0.1,1074
817567550,0.1,125
3034277235,0.1,44
422340604,0.1,502
2537213971,0.1,70
2777209301,0.1,6
3393578195,0.1,360
968986378,0.1,79
688328363,0.1,846
4152859901,0.1,907
1795468969,0.1,438
2590496957,0.1,18
3299187091,0.1,935
1977285233,0.1,212
2229299064,0.1,1145
621973311,0.1,250
3137073118,0.1,536
1722482046,0.1,151
2843863878,0.1,1098
3220027874,0.1,389
2854411774,0.1,828
656915034,0.1,1061
3284494407,0.1,22
1067328885,0.1,181
2684470948,0.12000000000000001,20
4091952314,0.12000000000000001,924
233227757,0.12000000000000001,1830
3276785861,0.12000000000000001,234
3644269654,0.12000000000000001,667
1206282609,0.12000000000000001,429
3543069911,0.12000000000000001,1088
3479688010,0.12000000000000001,642
877132087,0.12000000000000001,386
1244265337,0.12000000000000001,906
2740186692,0.12000000000000001,30
3884972972,0.12000000000000001,35
829139639,0.12000000000000001,405
2545567356,0.12000000000000001,1114
2718398101,0.12000000000000001,262
176092387,0.12000000000000001,451
3528048386,0.12000000000000001,524
569531098,0.12000000000000001,570
1337295874,0.12000000000000001,248
612016888,0.12000000000000001,67
232150720,0.12000000000000001,1219
2324106676,0.12000000000000001,612
1658700540,0.12000000000000001,428
609942288,0.12000000000000001,439
3405943863,0.12000000000000001,465
2257503667,0.12000000000000001,249
4018327298,0.12000000000000001,473
2224437599,0.12000000000000001,134
168388230,0.12000000000000001,390
911875363,0.12000000000000001,751
3699796293,0.12000000000000001,521
3195154224,0.12000000000000001,709
3621210587,0.12000000000000001,297
1945778437,0.12000000000000001,343
2384190687,0.12000000000000001,449
3249086786,0.12000000000000001,18
439485575,0.12000000000000001,686
2217192537,0.12000000000000001,198
3412522237,0.12000000000000001,718
555567425,0.12000000000000001,692
3399977417,0.12000000000000001,22
2903099886,0.12000000000000001,421
151712926,0.12000000000000001,10
1207582415,0.12000000000000001,81
2486821540,0.12000000000000001,735
1259821421,0.12000000000000001,339
597594931,0.12000000000000001,912
2865206418,0.12000000000000001,508
3003750881,0.12000000000000001,693
3312495928,0.12000000000000001,974
3078168926,0.12000000000000001,675
1005097259,0.12000000000000001,725
1646080115,0.12000000000000001,401
2175304393,0.12000000000000001,389
3907648593,0.12000000000000001,619
1971688097,0.12000000000000001,342
268300483,0.12000000000000001,1192
3139098279,0.12000000000000001,655
3174456534,0.12000000000000001,521
997026310,0.12000000000000001,408
4280428995,0.12000000000000001,199
345698675,0.12000000000000001,1506
2296661869,0.12000000000000001,721
1808063307,0.12000000000000001,524
3884888703,0.12000000000000001,523
2494461129,0.12000000000000001,599
3862701690,0.12000000000000001,240
1989052338,0.12000000000000001,640
2910179760,0.12000000000000001,434
1983180500,0.12000000000000001,3
2796940620,0.12000000000000001,712
2835193311,0.12000000000000001,39
1671370085,0.12000000000000001,536
3953588250,0.12000000000000001,190
358542842,0.12000000000000001,532
3497188667,0.12000000000000001,10
253549709,0.12000000000000001,5
1953331372,0.12000000000000001,1049
890775398,0.12000000000000001,461
642810498,0.12000000000000001,635
1233062494,0.12000000000000001,23
908446902,0.12000000000000001,1184
3109591194,0.12000000000000001,155
2446198906,0.12000000000000001,565
3358664237,0.12000000000000001,830
896344283,0.12000000000000001,497
1869944201,0.12000000000000001,831
3190319407,0.12000000000000001,47
987968938,0.12000000000000001,13
48960437,0.12000000000000001,1496
2405484524,0.12000000000000001,397
3763400334,0.12000000000000001,446
4209925572,0.12000000000000001,366
4172993659,0.12000000000000001,594
2147595062,0.12000000000000001,2
3425188374,0.12000000000000001,1107
3309235867,0.12000000000000001,1165
3869940862,0.12000000000000001,1093
3445858407,0.12000000000000001,203
683688611,0.12000000000000001,38
3671515462,0.12000000000000001,1107
3027130951,0.12000000000000001,1147
3369736057,0.12000000000000001,832
1655287705,0.12000000000000001,625
3004971955,0.12000000000000001,201
1256815592,0.12000000000000001,898
267482411,0.12000000000000001,681
2210323869,0.12000000000000001,464
3218958405,0.12000000000000001,32
3163371865,0.12000000000000001,425
1394697297,0.12000000000000001,472
4178031102,0.12000000000000001,590
643453088,0.12000000000000001,45
3249835323,0.12000000000000001,469
349764347,0.12000000000000001,1254
317791015,0.12000000000000001,46
4067508317,0.12000000000000001,431
2385507088,0.12000000000000001,1196
1526028037,0.12000000000000001,756
297824171,0.12000000000000001,547
1353143832,0.12000000000000001,852
1739382006,0.12000000000000001,10
580680804,0.12000000000000001,412
2823014988,0.12000000000000001,642
3517474495,0.12000000000000001,450
1323262800,0.12000000000000001,320
975802718,0.12000000000000001,805
2199045525,0.12000000000000001,169
1193102617,0.12000000000000001,677
884894373,0.12000000000000001,577
3411013638,0.12000000000000001,726
805745625,0.12000000000000001,647
3780170430,0.12000000000000001,554
3127142703,0.12000000000000001,892
2145807442,0.12000000000000001,745
7356014,0.12000000000000001,1290
1854214563,0.12000000000000001,635
3246756741,0.12000000000000001,952
4269520782,0.12000000000000001,683
3093880402,0.12000000000000001,1223
721312908,0.12000000000000001,493
2185234596,0.12000000000000001,1170
1811372632,0.12000000000000001,624
158871473,0.12000000000000001,604
3933942357,0.12000000000000001,889
2247311752,0.12000000000000001,899
2639539135,0.12000000000000001,292
588020478,0.12000000000000001,852
2481404281,0.12000000000000001,120
3605935409,0.12000000000000001,14
1724216363,0.12000000000000001,244
3705963873,0.12000000000000001,914
3077038052,0.12000000000000001,323
3012538924,0.12000000000000001,29
339579960,0.12000000000000001,25
3595527923,0.12000000000000001,304
863450078,0.12000000000000001,1273
1293846983,0.12000000000000001,12
297175216,0.12000000000000001,517
1619853330,0.12000000000000001,317
1315304267,0.12000000000000001,415
3174143715,0.12000000000000001,391
1039824701,0.12000000000000001,927
721441559,0.12000000000000001,967
4105799406,0.12000000000000001,693
1633137197,0.12000000000000001,55
1521883525,0.12000000000000001,2
3988848284,0.12000000000000001,347
2356674901,0.12000000000000001,617
3622559309,0.12000000000000001,426
855568988,0.12000000000000001,3
2610361744,0.12000000000000001,1233
3797455899,0.12000000000000001,239
3701701166,0.12000000000000001,138
1820757617,0.12000000000000001,992
3255375637,0.12000000000000001,298
1973362254,0.12000000000000001,334
817567550,0.12000000000000001,143
3034277235,0.12000000000000001,333
422340604,0.12000000000000001,609
2537213971,0.12000000000000001,70
2777209301,0.12000000000000001,6
3393578195,0.12000000000000001,361
968986378,0.12000000000000001,104
688328363,0.12000000000000001,913
4152859901,0.12000000000000001,1030
1795468969,0.12000000000000001,477
2590496957,0.12000000000000001,18
3299187091,0.12000000000000001,685
1977285233,0.12000000000000001,213
2229299064,0.12000000000000001,681
621973311,0.12000000000000001,413
3137073118,0.12000000000000001,351
1722482046,0.12000000000000001,320
2843863878,0.12000000000000001,283
3220027874,0.12000000000000001,409
2854411774,0.12000000000000001,421
656915034,0.12000000000000001,1089
3284494407,0.12000000000000001,35
1067328885,0.12000000000000001,251
2684470948,0.14,545
4091952314,0.14,1041
233227757,0.14,1508
3276785861,0.14,263
3644269654,0.14,661
1206282609,0.14,279
3543069911,0.14,242
3479688010,0.14,583
877132087,0.14,233
1244265337,0.14,562
2740186692,0.14,30
3884972972,0.14,411
829139639,0.14,179
2545567356,0.14,1030
2718398101,0.14,337
176092387,0.14,416
3528048386,0.14,296
569531098,0.14,402
1337295874,0.14,192
612016888,0.14,310
232150720,0.14,283
2324106676,0.14,523
1658700540,0.14,491
609942288,0.14,383
3405943863,0.14,472
2257503667,0.14,171
4018327298,0.14,424
2224437599,0.14,134
168388230,0.14,382
911875363,0.14,359
3699796293,0.14,567
3195154224,0.14,200
3621210587,0.14,261
1945778437,0.14,241
2384190687,0.14,775
3249086786,0.14,18
439485575,0.14,583
2217192537,0.14,891
3412522237,0.14,206
555567425,0.14,528
3399977417,0.14,22
2903099886,0.14,1086
151712926,0.14,10
1207582415,0.14,367
2486821540,0.14,724
1259821421,0.14,301
597594931,0.14,309
2865206418,0.14,632
3003750881,0.14,279
3312495928,0.14,746
3078168926,0.14,729
1005097259,0.14,419
1646080115,0.14,366
2175304393,0.14,246
3907648593,0.14,508
1971688097,0.14,121
268300483,0.14,316
3139098279,0.14,892
3174456534,0.14,524
997026310,0.14,468
4280428995,0.14,199
345698675,0.14,1382
2296661869,0.14,334
1808063307,0.14,266
3884888703,0.14,528
2494461129,0.14,232
3862701690,0.14,349
1989052338,0.14,790
2910179760,0.14,460
1983180500,0.14,3
2796940620,0.14,624
2835193311,0.14,39
1671370085,0.14,458
3953588250,0.14,166
358542842,0.14,617
3497188667,0.14,10
253549709,0.14,5
1953331372,0.14,288
890775398,0.14,365
642810498,0.14,518
1233062494,0.14,23
908446902,0.14,1038
3109591194,0.14,155
2446198906,0.14,614
3358664237,0.14,198
896344283,0.14,499
1869944201,0.14,664
3190319407,0.14,174
987968938,0.14,13
48960437,0.14,1669
2405484524,0.14,389
3763400334,0.14,137
4209925572,0.14,119
4172993659,0.14,348
2147595062,0.14,2
3425188374,0.14,294
3309235867,0.14,1141
3869940862,0.14,854
3445858407,0.14,218
683688611,0.14,38
3671515462,0.14,1196
3027130951,0.14,1525
3369736057,0.14,248
1655287705,0.14,524
3004971955,0.14,201
1256815592,0.14,1698
267482411,0.14,598
2210323869,0.14,406
3218958405,0.14,40
3163371865,0.14,324
1394697297,0.14,753
4178031102,0.14,580
643453088,0.14,45
3249835323,0.14,333
349764347,0.14,225
317791015,0.14,46
4067508317,0.14,286
2385507088,0.14,1106
1526028037,0.14,1202
297824171,0.14,683
1353143832,0.14,335
1739382006,0.14,10
580680804,0.14,234
2823014988,0.14,433
3517474495,0.14,340
1323262800,0.14,431
975802718,0.14,210
2199045525,0.14,701
1193102617,0.14,677
884894373,0.14,835
3411013638,0.14,534
805745625,0.14,237
3780170430,0.14,531
3127142703,0.14,1092
2145807442,0.14,731
7356014,0.14,618
1854214563,0.14,571
3246756741,0.14,413
4269520782,0.14,280
3093880402,0.14,647
721312908,0.14,622
2185234596,0.14,1572
1811372632,0.14,248
158871473,0.14,164
3933942357,0.14,257
2247311752,0.14,1092
2639539135,0.14,377
588020478,0.14,655
2481404281,0.14,121
3605935409,0.14,14
1724216363,0.14,246
3705963873,0.14,272
3077038052,0.14,254
3012538924,0.14,29
339579960,0.14,45
3595527923,0.14,355
863450078,0.14,332
1293846983,0.14,12
297175216,0.14,211
1619853330,0.14,496
1315304267,0.14,463
3174143715,0.14,292
1039824701,0.14,125
721441559,0.14,933
4105799406,0.14,212
1633137197,0.14,55
1521883525,0.14,2
3988848284,0.14,357
2356674901,0.14,925
3622559309,0.14,527
855568988,0.14,3
2610361744,0.14,258
3797455899,0.14,264
3701701166,0.14,128
1820757617,0.14,525
3255375637,0.14,568
1973362254,0.14,232
817567550,0.14,143
3034277235,0.14,223
422340604,0.14,807
2537213971,0.14,92
2777209301,0.14,6
3393578195,0.14,576
968986378,0.14,129
688328363,0.14,278
4152859901,0.14,1039
1795468969,0.14,401
2590496957,0.14,18
3299187091,0.14,720
1977285233,0.14,200
2229299064,0.14,768
621973311,0.14,314
3137073118,0.14,313
1722482046,0.14,324
2843863878,0.14,232
3220027874,0.14,292
2854411774,0.14,292
656915034,0.14,755
3284494407,0.14,686
1067328885,0.14,317
2684470948,0.16,681
4091952314,0.16,299
233227757,0.16,140
3276785861,0.16,465
3644269654,0.16,154
1206282609,0.16,128
3543069911,0.16,216
3479688010,0.16,128
877132087,0.16,193
1244265337,0.16,1137
2740186692,0.16,140
3884972972,0.16,270
829139639,0.16,178
2545567356,0.16,1067
2718398101,0.16,142
176092387,0.16,458
3528048386,0.16,159
569531098,0.16,390
1337295874,0.16,112
612016888,0.16,306
232150720,0.16,161
2324106676,0.16,562
1658700540,0.16,406
609942288,0.16,226
3405943863,0.16,554
2257503667,0.16,166
4018327298,0.16,415
2224437599,0.16,134
168388230,0.16,262
911875363,0.16,298
3699796293,0.16,333
3195154224,0.16,131
3621210587,0.16,204
1945778437,0.16,231
2384190687,0.16,470
3249086786,0.16,458
439485575,0.16,306
2217192537,0.16,1009
3412522237,0.16,202
555567425,0.16,380
3399977417,0.16,22
2903099886,0.16,88
151712926,0.16,10
1207582415,0.16,633
2486821540,0.16,257
1259821421,0.16,271
597594931,0.16,288
2865206418,0.16,722
3003750881,0.16,258
3312495928,0.16,402
3078168926,0.16,485
1005097259,0.16,273
1646080115,0.16,1130
2175304393,0.16,179
3907648593,0.16,88
1971688097,0.16,90
268300483,0.16,314
3139098279,0.16,676
3174456534,0.16,502
997026310,0.16,269
4280428995,0.16,282
345698675,0.16,546
2296661869,0.16,331
1808063307,0.16,241
3884888703,0.16,474
2494461129,0.16,200
3862701690,0.16,535
1989052338,0.16,707
2910179760,0.16,428
1983180500,0.16,3
2796940620,0.16,627
2835193311,0.16,715
1671370085,0.16,285
3953588250,0.16,166
358542842,0.16,120
3497188667,0.16,10
253549709,0.16,5
1953331372,0.16,160
890775398,0.16,493
642810498,0.16,269
1233062494,0.16,940
908446902,0.16,271
3109591194,0.16,525
2446198906,0.16,603
3358664237,0.16,168
896344283,0.16,481
1869944201,0.16,665
3190319407,0.16,162
987968938,0.16,13
48960437,0.16,338
2405484524,0.16,404
3763400334,0.16,77
4209925572,0.16,101
4172993659,0.16,314
2147595062,0.16,2
3425188374,0.16,266
3309235867,0.16,1327
3869940862,0.16,860
3445858407,0.16,280
683688611,0.16,188
3671515462,0.16,212
3027130951,0.16,1773
3369736057,0.16,202
1655287705,0.16,718
3004971955,0.16,194
1256815592,0.16,121
267482411,0.16,200
2210323869,0.16,315
3218958405,0.16,404
3163371865,0.16,73
1394697297,0.16,798
4178031102,0.16,340
643453088,0.16,45
3249835323,0.16,279
349764347,0.16,225
317791015,0.16,463
4067508317,0.16,108
2385507088,0.16,1229
1526028037,0.16,274
297824171,0.16,620
1353143832,0.16,180
1739382006,0.16,10
580680804,0.16,234
2823014988,0.16,102
3517474495,0.16,247
1323262800,0.16,364
975802718,0.16,202
2199045525,0.16,773
1193102617,0.16,709
884894373,0.16,328
3411013638,0.16,569
805745625,0.16,284
3780170430,0.16,167
3127142703,0.16,422
2145807442,0.16,809
7356014,0.16,639
1854214563,0.16,534
3246756741,0.16,264
4269520782,0.16,176
3093880402,0.16,608
721312908,0.16,798
2185234596,0.16,1013
1811372632,0.16,232
158871473,0.16,164
3933942357,0.16,129
2247311752,0.16,687
2639539135,0.16,429
588020478,0.16,397
2481404281,0.16,135
3605935409,0.16,22
1724216363,0.16,265
3705963873,0.16,232
3077038052,0.16,237
3012538924,0.16,160
339579960,0.16,253
3595527923,0.16,371
863450078,0.16,292
1293846983,0.16,12
297175216,0.16,116
1619853330,0.16,395
1315304267,0.16,692
3174143715,0.16,202
1039824701,0.16,119
721441559,0.16,219
4105799406,0.16,123
1633137197,0.16,263
1521883525,0.16,2
3988848284,0.16,246
2356674901,0.16,880
3622559309,0.16,871
855568988,0.16,3
2610361744,0.16,226
3797455899,0.16,571
3701701166,0.16,89
1820757617,0.16,437
3255375637,0.16,571
1973362254,0.16,192
817567550,0.16,215
3034277235,0.16,333
422340604,0.16,628
2537213971,0.16,86
2777209301,0.16,6
3393578195,0.16,197
968986378,0.16,352
688328363,0.16,262
4152859901,0.16,1332
1795468969,0.16,301
2590496957,0.16,18
3299187091,0.16,515
1977285233,0.16,110
2229299064,0.16,228
621973311,0.16,398
3137073118,0.16,271
1722482046,0.16,273
2843863878,0.16,213
3220027874,0.16,283
2854411774,0.16,191
656915034,0.16,549
3284494407,0.16,127
1067328885,0.16,351
2684470948,0.18,250
4091952314,0.18,354
233227757,0.18,133
3276785861,0.18,212
3644269654,0.18,183
1206282609,0.18,113
3543069911,0.18,217
3479688010,0.18,114
877132087,0.18,169
1244265337,0.18,993
2740186692,0.18,135
3884972972,0.18,139
829139639,0.18,123
2545567356,0.18,840
2718398101,0.18,112
176092387,0.18,763
3528048386,0.18,141
569531098,0.18,142
1337295874,0.18,111
612016888,0.18,295
232150720,0.18,49
2324106676,0.18,188
1658700540,0.18,165
609942288,0.18,53
3405943863,0.18,478
2257503667,0.18,167
4018327298,0.18,88
2224437599,0.18,339
168388230,0.18,219
911875363,0.18,154
3699796293,0.18,153
3195154224,0.18,121
3621210587,0.18,106
1945778437,0.18,174
2384190687,0.18,376
3249086786,0.18,264
439485575,0.18,185
2217192537,0.18,393
3412522237,0.18,189
555567425,0.18,417
3399977417,0.18,22
2903099886,0.18,84
151712926,0.18,10
1207582415,0.18,455
2486821540,0.18,201
1259821421,0.18,292
597594931,0.18,197
2865206418,0.18,560
3003750881,0.18,240
3312495928,0.18,522
3078168926,0.18,282
1005097259,0.18,207
1646080115,0.18,231
2175304393,0.18,173
3907648593,0.18,86
1971688097,0.18,86
268300483,0.18,311
3139098279,0.18,540
3174456534,0.18,134
997026310,0.18,202
4280428995,0.18,130
345698675,0.18,1523
2296661869,0.18,308
1808063307,0.18,92
3884888703,0.18,416
2494461129,0.18,152
3862701690,0.18,662
1989052338,0.18,217
2910179760,0.18,159
1983180500,0.18,3
2796940620,0.18,219
2835193311,0.18,262
1671370085,0.18,254
3953588250,0.18,142
358542842,0.18,99
3497188667,0.18,10
253549709,0.18,5
1953331372,0.18,157
890775398,0.18,508
642810498,0.18,287
1233062494,0.18,435
908446902,0.18,258
3109591194,0.18,326
2446198906,0.18,464
3358664237,0.18,101
896344283,0.18,370
1869944201,0.18,516
3190319407,0.18,136
987968938,0.18,13
48960437,0.18,286
2405484524,0.18,333
3763400334,0.18,81
4209925572,0.18,98
4172993659,0.18,247
2147595062,0.18,2
3425188374,0.18,241
3309235867,0.18,1121
3869940862,0.18,449
3445858407,0.18,288
683688611,0.18,182
3671515462,0.18,105
3027130951,0.18,340
3369736057,0.18,180
1655287705,0.18,112
3004971955,0.18,222
1256815592,0.18,115
267482411,0.18,158
2210323869,0.18,305
3218958405,0.18,203
3163371865,0.18,69
1394697297,0.18,738
4178031102,0.18,406
643453088,0.18,123
3249835323,0.18,104
349764347,0.18,205
317791015,0.18,129
4067508317,0.18,191
2385507088,0.18,1115
1526028037,0.18,133
297824171,0.18,98
1353143832,0.18,169
1739382006,0.18,255
580680804,0.18,197
2823014988,0.18,102
3517474495,0.18,145
1323262800,0.18,227
975802718,0.18,202
2199045525,0.18,410
1193102617,0.18,431
884894373,0.18,417
3411013638,0.18,352
805745625,0.18,222
3780170430,0.18,142
3127142703,0.18,223
2145807442,0.18,819
7356014,0.18,220
1854214563,0.18,543
3246756741,0.18,226
4269520782,0.18,150
3093880402,0.18,240
721312908,0.18,931
2185234596,0.18,273
1811372632,0.18,218
158871473,0.18,144
3933942357,0.18,116
2247311752,0.18,143
2639539135,0.18,266
588020478,0.18,279
2481404281,0.18,162
3605935409,0.18,22
1724216363,0.18,391
3705963873,0.18,152
3077038052,0.18,208
3012538924,0.18,117
339579960,0.18,236
3595527923,0.18,143
863450078,0.18,240
1293846983,0.18,12
297175216,0.18,98
1619853330,0.18,336
1315304267,0.18,610
3174143715,0.18,186
1039824701,0.18,119
721441559,0.18,169
4105799406,0.18,99
1633137197,0.18,151
1521883525,0.18,2
3988848284,0.18,224
2356674901,0.18,810
3622559309,0.18,656
855568988,0.18,3
2610361744,0.18,178
3797455899,0.18,546
3701701166,0.18,84
1820757617,0.18,221
3255375637,0.18,1022
1973362254,0.18,183
817567550,0.18,237
3034277235,0.18,326
422340604,0.18,685
2537213971,0.18,70
2777209301,0.18,6
3393578195,0.18,103
968986378,0.18,492
688328363,0.18,170
4152859901,0.18,1332
1795468969,0.18,224
2590496957,0.18,18
3299187091,0.18,722
1977285233,0.18,93
2229299064,0.18,156
621973311,0.18,439
3137073118,0.18,227
1722482046,0.18,240
2843863878,0.18,212
3220027874,0.18,267
2854411774,0.18,141
656915034,0.18,184
3284494407,0.18,88
1067328885,0.18,126
2684470948,0.2,166
4091952314,0.2,135
233227757,0.2,116
3276785861,0.2,660
3644269654,0.2,129
1206282609,0.2,113
3543069911,0.2,217
3479688010,0.2,114
877132087,0.2,101
1244265337,0.2,254
2740186692,0.2,134
3884972972,0.2,115
829139639,0.2,123
2545567356,0.2,902
2718398101,0.2,98
176092387,0.2,189
3528048386,0.2,67
569531098,0.2,127
1337295874,0.2,109
612016888,0.2,213
232150720,0.2,48
2324106676,0.2,108
1658700540,0.2,110
609942288,0.2,53
3405943863,0.2,516
2257503667,0.2,91
4018327298,0.2,73
2224437599,0.2,348
168388230,0.2,231
911875363,0.2,123
3699796293,0.2,162
3195154224,0.2,119
3621210587,0.2,62
1945778437,0.2,148
2384190687,0.2,260
3249086786,0.2,277
439485575,0.2,184
2217192537,0.2,252
3412522237,0.2,124
555567425,0.2,335
3399977417,0.2,22
2903099886,0.2,84
151712926,0.2,10
1207582415,0.2,261
2486821540,0.2,198
1259821421,0.2,213
597594931,0.2,168
2865206418,0.2,589
3003750881,0.2,138
3312495928,0.2,306
3078168926,0.2,161
1005097259,0.2,157
1646080115,0.2,175
2175304393,0.2,135
3907648593,0.2,80
1971688097,0.2,86
268300483,0.2,170
3139098279,0.2,132
3174456534,0.2,134
997026310,0.2,109
4280428995,0.2,108
345698675,0.2,300
2296661869,0.2,285
1808063307,0.2,92
3884888703,0.2,405
2494461129,0.2,137
3862701690,0.2,289
1989052338,0.2,169
2910179760,0.2,115
1983180500,0.2,3
2796940620,0.2,173
2835193311,0.2,161
1671370085,0.2,193
3953588250,0.2,137
358542842,0.2,85
3497188667,0.2,10
253549709,0.2,5
1953331372,0.2,107
890775398,0.2,169
642810498,0.2,256
1233062494,0.2,315
908446902,0.2,240
3109591194,0.2,177
2446198906,0.2,174
3358664237,0.2,121
896344283,0.2,195
1869944201,0.2,229
3190319407,0.2,97
987968938,0.2,13
48960437,0.2,207
2405484524,0.2,258
3763400334,0.2,76
4209925572,0.2,93
4172993659,0.2,265
2147595062,0.2,2
3425188374,0.2,199
3309235867,0.2,207
3869940862,0.2,436
3445858407,0.2,360
683688611,0.2,148
3671515462,0.2,96
3027130951,0.2,177
3369736057,0.2,180
1655287705,0.2,78
3004971955,0.2,165
1256815592,0.2,108
267482411,0.2,89
2210323869,0.2,286
3218958405,0.2,135
3163371865,0.2,72
1394697297,0.2,214
4178031102,0.2,279
643453088,0.2,121
3249835323,0.2,92
349764347,0.2,221
317791015,0.2,110
4067508317,0.2,105
2385507088,0.2,243
1526028037,0.2,131
297824171,0.2,75
1353143832,0.2,161
1739382006,0.2,165
580680804,0.2,174
2823014988,0.2,88
3517474495,0.2,178
1323262800,0.2,173
975802718,0.2,126
2199045525,0.2,392
1193102617,0.2,604
884894373,0.2,284
3411013638,0.2,325
805745625,0.2,213
3780170430,0.2,137
3127142703,0.2,306
2145807442,0.2,572
7356014,0.2,192
1854214563,0.2,222
3246756741,0.2,219
4269520782,0.2,136
3093880402,0.2,181
721312908,0.2,347
2185234596,0.2,83
1811372632,0.2,122
158871473,0.2,129
3933942357,0.2,92
2247311752,0.2,315
2639539135,0.2,246
588020478,0.2,251
2481404281,0.2,137
3605935409,0.2,108
1724216363,0.2,154
3705963873,0.2,75
3077038052,0.2,202
3012538924,0.2,117
339579960,0.2,196
3595527923,0.2,90
863450078,0.2,184
1293846983,0.2,12
297175216,0.2,95
1619853330,0.2,138
1315304267,0.2,420
3174143715,0.2,141
1039824701,0.2,87
721441559,0.2,138
4105799406,0.2,82
1633137197,0.2,112
1521883525,0.2,2
3988848284,0.2,200
2356674901,0.2,428
3622559309,0.2,793
855568988,0.2,3
2610361744,0.2,169
3797455899,0.2,432
3701701166,0.2,84
1820757617,0.2,190
3255375637,0.2,412
1973362254,0.2,168
817567550,0.2,203
3034277235,0.2,340
422340604,0.2,312
2537213971,0.2,60
2777209301,0.2,6
3393578195,0.2,86
968986378,0.2,203
688328363,0.2,106
4152859901,0.2,234
1795468969,0.2,224
2590496957,0.2,224
3299187091,0.2,184
1977285233,0.2,58
2229299064,0.2,108
621973311,0.2,450
3137073118,0.2,179
1722482046,0.2,332
2843863878,0.2,78
3220027874,0.2,101
2854411774,0.2,125
656915034,0.2,121
3284494407,0.2,69
1067328885,0.2,100
2684470948,0.22,131
4091952314,0.22,135
233227757,0.22,114
3276785861,0.22,829
3644269654,0.22,108
1206282609,0.22,108
3543069911,0.22,187
3479688010,0.22,104
877132087,0.22,76
1244265337,0.22,148
2740186692,0.22,151
3884972972,0.22,99
829139639,0.22,100
2545567356,0.22,805
2718398101,0.22,98
176092387,0.22,141
3528048386,0.22,67
569531098,0.22,126
1337295874,0.22,89
612016888,0.22,213
232150720,0.22,44
2324106676,0.22,93
1658700540,0.22,166
609942288,0.22,53
3405943863,0.22,656
2257503667,0.22,84
4018327298,0.22,61
2224437599,0.22,412
168388230,0.22,205
911875363,0.22,110
3699796293,0.22,120
3195154224,0.22,119
3621210587,0.22,59
1945778437,0.22,94
2384190687,0.22,253
3249086786,0.22,224
439485575,0.22,190
2217192537,0.22,149
3412522237,0.22,85
555567425,0.22,193
3399977417,0.22,86
2903099886,0.22,59
151712926,0.22,145
1207582415,0.22,272
2486821540,0.22,192
1259821421,0.22,143
597594931,0.22,140
2865206418,0.22,403
3003750881,0.22,134
3312495928,0.22,111
3078168926,0.22,146
1005097259,0.22,135
1646080115,0.22,165
2175304393,0.22,123
3907648593,0.22,70
1971688097,0.22,55
268300483,0.22,130
3139098279,0.22,126
3174456534,0.22,124
997026310,0.22,88
4280428995,0.22,108
345698675,0.22,440
2296661869,0.22,176
1808063307,0.22,80
3884888703,0.22,216
2494461129,0.22,109
3862701690,0.22,150
1989052338,0.22,112
2910179760,0.22,108
1983180500,0.22,3
2796940620,0.22,152
2835193311,0.22,131
1671370085,0.22,163
3953588250,0.22,137
358542842,0.22,85
3497188667,0.22,10
253549709,0.22,152
1953331372,0.22,107
890775398,0.22,132
642810498,0.22,125
1233062494,0.22,297
908446902,0.22,164
3109591194,0.22,113
2446198906,0.22,166
3358664237,0.22,103
896344283,0.22,173
1869944201,0.22,247
3190319407,0.22,97
987968938,0.22,13
48960437,0.22,171
2405484524,0.22,165
3763400334,0.22,76
4209925572,0.22,85
4172993659,0.22,222
2147595062,0.22,2
3425188374,0.22,199
3309235867,0.22,195
3869940862,0.22,191
3445858407,0.22,93
683688611,0.22,97
3671515462,0.22,89
3027130951,0.22,112
3369736057,0.22,120
1655287705,0.22,77
3004971955,0.22,151
1256815592,0.22,84
267482411,0.22,89
2210323869,0.22,183
3218958405,0.22,120
3163371865,0.22,69
1394697297,0.22,192
4178031102,0.22,214
643453088,0.22,108
3249835323,0.22,92
349764347,0.22,125
317791015,0.22,110
4067508317,0.22,100
2385507088,0.22,169
1526028037,0.22,130
297824171,0.22,79
1353143832,0.22,134
1739382006,0.22,145
580680804,0.22,149
2823014988,0.22,82
3517474495,0.22,146
1323262800,0.22,130
975802718,0.22,126
2199045525,0.22,300
1193102617,0.22,510
884894373,0.22,196
3411013638,0.22,229
805745625,0.22,179
3780170430,0.22,123
3127142703,0.22,142
2145807442,0.22,680
7356014,0.22,219
1854214563,0.22,104
3246756741,0.22,170
4269520782,0.22,134
3093880402,0.22,90
721312908,0.22,404
2185234596,0.22,83
1811372632,0.22,83
158871473,0.22,103
3933942357,0.22,88
2247311752,0.22,152
2639539135,0.22,218
588020478,0.22,136
2481404281,0.22,98
3605935409,0.22,84
1724216363,0.22,108
3705963873,0.22,63
3077038052,0.22,201
3012538924,0.22,115
339579960,0.22,164
3595527923,0.22,71
863450078,0.22,192
1293846983,0.22,274
297175216,0.22,45
1619853330,0.22,143
1315304267,0.22,293
3174143715,0.22,172
1039824701,0.22,81
721441559,0.22,131
4105799406,0.22,80
1633137197,0.22,103
1521883525,0.22,2
3988848284,0.22,136
2356674901,0.22,277
3622559309,0.22,670
855568988,0.22,3
2610361744,0.22,93
3797455899,0.22,543
3701701166,0.22,105
1820757617,0.22,135
3255375637,0.22,168
1973362254,0.22,138
817567550,0.22,203
3034277235,0.22,251
422340604,0.22,229
2537213971,0.22,60
2777209301,0.22,123
3393578195,0.22,86
968986378,0.22,187
688328363,0.22,99
4152859901,0.22,161
1795468969,0.22,211
2590496957,0.22,191
3299187091,0.22,121
1977285233,0.22,58
2229299064,0.22,102
621973311,0.22,397
3137073118,0.22,155
1722482046,0.22,168
2843863878,0.22,78
3220027874,0.22,79
2854411774,0.22,89
656915034,0.22,92
3284494407,0.22,62
1067328885,0.22,97
2684470948,0.24000000000000002,121
4091952314,0.24000000000000002,171
233227757,0.24000000000000002,98
3276785861,0.24000000000000002,113
3644269654,0.24000000000000002,108
1206282609,0.24000000000000002,108
3543069911,0.24000000000000002,116
3479688010,0.24000000000000002,99
877132087,0.24000000000000002,75
1244265337,0.24000000000000002,125
2740186692,0.24000000000000002,109
3884972972,0.24000000000000002,93
829139639,0.24000000000000002,115
2545567356,0.24000000000000002,249
2718398101,0.24000000000000002,97
176092387,0.24000000000000002,136
3528048386,0.24000000000000002,62
569531098,0.24000000000000002,82
1337295874,0.24000000000000002,88
612016888,0.24000000000000002,141
232150720,0.24000000000000002,44
2324106676,0.24000000000000002,85
1658700540,0.24000000000000002,96
609942288,0.24000000000000002,53
3405943863,0.24000000000000002,511
2257503667,0.24000000000000002,84
4018327298,0.24000000000000002,61
2224437599,0.24000000000000002,321
168388230,0.24000000000000002,173
911875363,0.24000000000000002,109
3699796293,0.24000000000000002,113
3195154224,0.24000000000000002,119
3621210587,0.24000000000000002,47
1945778437,0.24000000000000002,91
2384190687,0.24000000000000002,205
3249086786,0.24000000000000002,191
439485575,0.24000000000000002,177
2217192537,0.24000000000000002,60
3412522237,0.24000000000000002,81
555567425,0.24000000000000002,207
3399977417,0.24000000000000002,86
2903099886,0.24000000000000002,59
151712926,0.24000000000000002,141
1207582415,0.24000000000000002,260
2486821540,0.24000000000000002,165
1259821421,0.24000000000000002,137
597594931,0.24000000000000002,119
2865206418,0.24000000000000002,133
3003750881,0.24000000000000002,134
3312495928,0.24000000000000002,109
3078168926,0.24000000000000002,130
1005097259,0.24000000000000002,111
1646080115,0.24000000000000002,133
2175304393,0.24000000000000002,100
3907648593,0.24000000000000002,54
1971688097,0.24000000000000002,50
268300483,0.24000000000000002,89
3139098279,0.24000000000000002,62
3174456534,0.24000000000000002,85
997026310,0.24000000000000002,88
4280428995,0.24000000000000002,108
345698675,0.24000000000000002,174
2296661869,0.24000000000000002,154
1808063307,0.24000000000000002,70
3884888703,0.24000000000000002,97
2494461129,0.24000000000000002,98
3862701690,0.24000000000000002,150
1989052338,0.24000000000000002,112
2910179760,0.24000000000000002,106
1983180500,0.24000000000000002,3
2796940620,0.24000000000000002,139
2835193311,0.24000000000000002,92
1671370085,0.24000000000000002,162
3953588250,0.24000000000000002,125
358542842,0.24000000000000002,77
3497188667,0.24000000000000002,10
253549709,0.24000000000000002,137
1953331372,0.24000000000000002,102
890775398,0.24000000000000002,166
642810498,0.24000000000000002,111
1233062494,0.24000000000000002,255
908446902,0.24000000000000002,109
3109591194,0.24000000000000002,112
2446198906,0.24000000000000002,122
3358664237,0.24000000000000002,95
896344283,0.24000000000000002,107
1869944201,0.24000000000000002,74
3190319407,0.24000000000000002,76
987968938,0.24000000000000002,13
48960437,0.24000000000000002,122
2405484524,0.24000000000000002,165
3763400334,0.24000000000000002,76
4209925572,0.24000000000000002,76
4172993659,0.24000000000000002,222
2147595062,0.24000000000000002,2
3425188374,0.24000000000000002,173
3309235867,0.24000000000000002,157
3869940862,0.24000000000000002,146
3445858407,0.24000000000000002,93
683688611,0.24000000000000002,97
3671515462,0.24000000000000002,89
3027130951,0.24000000000000002,101
3369736057,0.24000000000000002,117
1655287705,0.24000000000000002,61
3004971955,0.24000000000000002,100
1256815592,0.24000000000000002,80
267482411,0.24000000000000002,76
2210323869,0.24000000000000002,98
3218958405,0.24000000000000002,96
3163371865,0.24000000000000002,64
1394697297,0.24000000000000002,181
4178031102,0.24000000000000002,67
643453088,0.24000000000000002,108
3249835323,0.24000000000000002,86
349764347,0.24000000000000002,109
317791015,0.24000000000000002,91
4067508317,0.24000000000000002,73
2385507088,0.24000000000000002,140
1526028037,0.24000000000000002,124
297824171,0.24000000000000002,77
1353143832,0.24000000000000002,120
1739382006,0.24000000000000002,119
580680804,0.24000000000000002,135
2823014988,0.24000000000000002,80
3517474495,0.24000000000000002,143
1323262800,0.24000000000000002,110
975802718,0.24000000000000002,107
2199045525,0.24000000000000002,175
1193102617,0.24000000000000002,620
884894373,0.24000000000000002,181
3411013638,0.24000000000000002,172
805745625,0.24000000000000002,174
3780170430,0.24000000000000002,123
3127142703,0.24000000000000002,105
2145807442,0.24000000000000002,543
7356014,0.24000000000000002,140
1854214563,0.24000000000000002,93
3246756741,0.24000000000000002,110
4269520782,0.24000000000000002,132
3093880402,0.24000000000000002,77
721312908,0.24000000000000002,294
2185234596,0.24000000000000002,70
1811372632,0.24000000000000002,83
158871473,0.24000000000000002,61
3933942357,0.24000000000000002,68
2247311752,0.24000000000000002,139
2639539135,0.24000000000000002,84
588020478,0.24000000000000002,101
2481404281,0.24000000000000002,86
3605935409,0.24000000000000002,84
1724216363,0.24000000000000002,92
3705963873,0.24000000000000002,61
3077038052,0.24000000000000002,110
3012538924,0.24000000000000002,117
339579960,0.24000000000000002,164
3595527923,0.24000000000000002,49
863450078,0.24000000000000002,182
1293846983,0.24000000000000002,151
297175216,0.24000000000000002,45
1619853330,0.24000000000000002,69
1315304267,0.24000000000000002,87
3174143715,0.24000000000000002,116
1039824701,0.24000000000000002,64
721441559,0.24000000000000002,129
4105799406,0.24000000000000002,72
1633137197,0.24000000000000002,73
1521883525,0.24000000000000002,2
3988848284,0.24000000000000002,120
2356674901,0.24000000000000002,205
3622559309,0.24000000000000002,71
855568988,0.24000000000000002,39
2610361744,0.24000000000000002,89
3797455899,0.24000000000000002,527
3701701166,0.24000000000000002,77
1820757617,0.24000000000000002,120
3255375637,0.24000000000000002,168
1973362254,0.24000000000000002,87
817567550,0.24000000000000002,192
3034277235,0.24000000000000002,179
422340604,0.24000000000000002,115
2537213971,0.24000000000000002,134
2777209301,0.24000000000000002,123
3393578195,0.24000000000000002,64
968986378,0.24000000000000002,144
688328363,0.24000000000000002,88
4152859901,0.24000000000000002,86
1795468969,0.24000000000000002,216
2590496957,0.24000000000000002,146
3299187091,0.24000000000000002,112
1977285233,0.24000000000000002,40
2229299064,0.24000000000000002,103
621973311,0.24000000000000002,230
3137073118,0.24000000000000002,142
1722482046,0.24000000000000002,104
2843863878,0.24000000000000002,72
3220027874,0.24000000000000002,77
2854411774,0.24000000000000002,77
656915034,0.24000000000000002,70
3284494407,0.24000000000000002,61
1067328885,0.24000000000000002,85
2684470948,0.26,83
4091952314,0.26,135
233227757,0.26,97
3276785861,0.26,117
3644269654,0.26,80
1206282609,0.26,96
3543069911,0.26,116
3479688010,0.26,77
877132087,0.26,70
1244265337,0.26,125
2740186692,0.26,85
3884972972,0.26,93
829139639,0.26,65
2545567356,0.26,108
2718398101,0.26,57
176092387,0.26,117
3528048386,0.26,62
569531098,0.26,82
1337295874,0.26,76
612016888,0.26,113
232150720,0.26,41
2324106676,0.26,82
1658700540,0.26,87
609942288,0.26,49
3405943863,0.26,538
2257503667,0.26,78
4018327298,0.26,55
2224437599,0.26,183
168388230,0.26,135
911875363,0.26,107
3699796293,0.26,97
3195154224,0.26,107
3621210587,0.26,47
1945778437,0.26,91
2384190687,0.26,245
3249086786,0.26,116
439485575,0.26,113
2217192537,0.26,50
3412522237,0.26,67
555567425,0.26,162
3399977417,0.26,86
2903099886,0.26,59
151712926,0.26,118
1207582415,0.26,239
2486821540,0.26,80
1259821421,0.26,138
597594931,0.26,104
2865206418,0.26,120
3003750881,0.26,125
3312495928,0.26,96
3078168926,0.26,122
1005097259,0.26,98
1646080115,0.26,98
2175304393,0.26,64
3907648593,0.26,54
1971688097,0.26,47
268300483,0.26,77
3139098279,0.26,55
3174456534,0.26,85
997026310,0.26,72
4280428995,0.26,108
345698675,0.26,112
2296661869,0.26,122
1808063307,0.26,63
3884888703,0.26,75
2494461129,0.26,98
3862701690,0.26,115
1989052338,0.26,73
2910179760,0.26,78
1983180500,0.26,3
2796940620,0.26,139
2835193311,0.26,81
1671370085,0.26,162
3953588250,0.26,95
358542842,0.26,77
3497188667,0.26,10
253549709,0.26,136
1953331372,0.26,72
890775398,0.26,113
642810498,0.26,105
1233062494,0.26,253
908446902,0.26,91
3109591194,0.26,96
2446198906,0.26,112
3358664237,0.26,82
896344283,0.26,99
1869944201,0.26,74
3190319407,0.26,66
987968938,0.26,118
48960437,0.26,87
2405484524,0.26,99
3763400334,0.26,74
4209925572,0.26,76
4172993659,0.26,163
2147595062,0.26,2
3425188374,0.26,77
3309235867,0.26,68
3869940862,0.26,132
3445858407,0.26,71
683688611,0.26,81
3671515462,0.26,89
3027130951,0.26,91
3369736057,0.26,104
1655287705,0.26,61
3004971955,0.26,71
1256815592,0.26,78
267482411,0.26,73
2210323869,0.26,97
3218958405,0.26,81
3163371865,0.26,63
1394697297,0.26,168
4178031102,0.26,67
643453088,0.26,91
3249835323,0.26,68
349764347,0.26,75
317791015,0.26,87
4067508317,0.26,71
2385507088,0.26,169
1526028037,0.26,117
297824171,0.26,65
1353143832,0.26,105
1739382006,0.26,119
580680804,0.26,115
2823014988,0.26,66
3517474495,0.26,104
1323262800,0.26,110
975802718,0.26,68
2199045525,0.26,147
1193102617,0.26,160
884894373,0.26,99
3411013638,0.26,147
805745625,0.26,119
3780170430,0.26,130
3127142703,0.26,110
2145807442,0.26,521
7356014,0.26,123
1854214563,0.26,93
3246756741,0.26,71
4269520782,0.26,111
3093880402,0.26,90
721312908,0.26,170
2185234596,0.26,68
1811372632,0.26,81
158871473,0.26,59
3933942357,0.26,68
2247311752,0.26,115
2639539135,0.26,84
588020478,0.26,92
2481404281,0.26,63
3605935409,0.26,78
1724216363,0.26,92
3705963873,0.26,61
3077038052,0.26,110
3012538924,0.26,108
339579960,0.26,152
3595527923,0.26,45
863450078,0.26,166
1293846983,0.26,103
297175216,0.26,42
1619853330,0.26,69
1315304267,0.26,87
3174143715,0.26,95
1039824701,0.26,64
721441559,0.26,107
4105799406,0.26,72
1633137197,0.26,73
1521883525,0.26,2
3988848284,0.26,119
2356674901,0.26,120
3622559309,0.26,52
855568988,0.26,37
2610361744,0.26,67
3797455899,0.26,430
3701701166,0.26,73
1820757617,0.26,96
3255375637,0.26,168
1973362254,0.26,73
817567550,0.26,183
3034277235,0.26,179
422340604,0.26,115
2537213971,0.26,165
2777209301,0.26,114
3393578195,0.26,62
968986378,0.26,128
688328363,0.26,76
4152859901,0.26,83
1795468969,0.26,203
2590496957,0.26,153
3299187091,0.26,110
1977285233,0.26,40
2229299064,0.26,100
621973311,0.26,225
3137073118,0.26,99
1722482046,0.26,67
2843863878,0.26,72
3220027874,0.26,77
2854411774,0.26,67
656915034,0.26,56
3284494407,0.26,61
1067328885,0.26,61
2684470948,0.28,78
4091952314,0.28,159
233227757,0.28,81
3276785861,0.28,92
3644269654,0.28,62
1206282609,0.28,70
3543069911,0.28,103
3479688010,0.28,71
877132087,0.28,58
1244265337,0.28,93
2740186692,0.28,72
3884972972,0.28,72
829139639,0.28,65
2545567356,0.28,102
2718398101,0.28,55
176092387,0.28,117
3528048386,0.28,60
569531098,0.28,81
1337295874,0.28,73
612016888,0.28,95
232150720,0.28,35
2324106676,0.28,82
1658700540,0.28,64
609942288,0.28,49
3405943863,0.28,491
2257503667,0.28,42
4018327298,0.28,50
2224437599,0.28,177
168388230,0.28,137
911875363,0.28,82
3699796293,0.28,82
3195154224,0.28,55
3621210587,0.28,41
1945778437,0.28,78
2384190687,0.28,242
3249086786,0.28,110
439485575,0.28,100
2217192537,0.28,43
3412522237,0.28,49
555567425,0.28,162
3399977417,0.28,73
2903099886,0.28,58
151712926,0.28,100
1207582415,0.28,122
2486821540,0.28,77
1259821421,0.28,134
597594931,0.28,102
2865206418,0.28,120
3003750881,0.28,95
3312495928,0.28,89
3078168926,0.28,122
1005097259,0.28,71
1646080115,0.28,90
2175304393,0.28,61
3907648593,0.28,42
1971688097,0.28,47
268300483,0.28,77
3139098279,0.28,54
3174456534,0.28,74
997026310,0.28,72
4280428995,0.28,103
345698675,0.28,112
2296661869,0.28,99
1808063307,0.28,63
3884888703,0.28,68
2494461129,0.28,98
3862701690,0.28,99
1989052338,0.28,73
2910179760,0.28,78
1983180500,0.28,3
2796940620,0.28,57
2835193311,0.28,54
1671370085,0.28,132
3953588250,0.28,92
358542842,0.28,77
3497188667,0.28,10
253549709,0.28,104
1953331372,0.28,67
890775398,0.28,73
642810498,0.28,86
1233062494,0.28,145
908446902,0.28,89
3109591194,0.28,94
2446198906,0.28,101
3358664237,0.28,82
896344283,0.28,93
1869944201,0.28,55
3190319407,0.28,56
987968938,0.28,112
48960437,0.28,87
2405484524,0.28,93
3763400334,0.28,73
4209925572,0.28,76
4172993659,0.28,152
2147595062,0.28,2
3425188374,0.28,77
3309235867,0.28,63
3869940862,0.28,120
3445858407,0.28,70
683688611,0.28,74
3671515462,0.28,81
3027130951,0.28,44
3369736057,0.28,88
1655287705,0.28,61
3004971955,0.28,63
1256815592,0.28,71
267482411,0.28,63
2210323869,0.28,61
3218958405,0.28,59
3163371865,0.28,63
1394697297,0.28,105
4178031102,0.28,67
643453088,0.28,80
3249835323,0.28,67
349764347,0.28,75
317791015,0.28,65
4067508317,0.28,69
2385507088,0.28,169
1526028037,0.28,107
297824171,0.28,71
1353143832,0.28,97
1739382006,0.28,109
580680804,0.28,113
2823014988,0.28,66
3517474495,0.28,83
1323262800,0.28,55
975802718,0.28,53
2199045525,0.28,100
1193102617,0.28,144
884894373,0.28,59
3411013638,0.28,136
805745625,0.28,119
3780170430,0.28,123
3127142703,0.28,110
2145807442,0.28,532
7356014,0.28,127
1854214563,0.28,87
3246756741,0.28,58
4269520782,0.28,93
3093880402,0.28,73
721312908,0.28,170
2185234596,0.28,61
1811372632,0.28,50
158871473,0.28,46
3933942357,0.28,68
2247311752,0.28,60
2639539135,0.28,83
588020478,0.28,76
2481404281,0.28,57
3605935409,0.28,78
1724216363,0.28,92
3705963873,0.28,55
3077038052,0.28,109
3012538924,0.28,108
339579960,0.28,140
3595527923,0.28,45
863450078,0.28,165
1293846983,0.28,101
297175216,0.28,41
1619853330,0.28,58
1315304267,0.28,67
3174143715,0.28,91
1039824701,0.28,50
721441559,0.28,91
4105799406,0.28,70
1633137197,0.28,70
1521883525,0.28,2
3988848284,0.28,104
2356674901,0.28,120
3622559309,0.28,45
855568988,0.28,28
2610361744,0.28,59
3797455899,0.28,198
3701701166,0.28,59
1820757617,0.28,74
3255375637,0.28,147
1973362254,0.28,39
817567550,0.28,106
3034277235,0.28,179
422340604,0.28,127
2537213971,0.28,155
2777209301,0.28,81
3393578195,0.28,62
968986378,0.28,111
688328363,0.28,76
4152859901,0.28,83
1795468969,0.28,203
2590496957,0.28,138
3299187091,0.28,109
1977285233,0.28,40
2229299064,0.28,98
621973311,0.28,150
3137073118,0.28,99
1722482046,0.28,65
2843863878,0.28,72
3220027874,0.28,68
2854411774,0.28,64
656915034,0.28,56
3284494407,0.28,48
1067328885,0.28,61
2684470948,0.30000000000000004,66
4091952314,0.30000000000000004,143
233227757,0.30000000000000004,80
3276785861,0.30000000000000004,92
3644269654,0.30000000000000004,62
1206282609,0.30000000000000004,70
3543069911,0.30000000000000004,94
3479688010,0.30000000000000004,66
877132087,0.30000000000000004,38
1244265337,0.30000000000000004,88
2740186692,0.30000000000000004,72
3884972972,0.30000000000000004,46
829139639,0.30000000000000004,63
2545567356,0.30000000000000004,63
2718398101,0.30000000000000004,47
176092387,0.30000000000000004,117
3528048386,0.30000000000000004,55
569531098,0.30000000000000004,68
1337295874,0.30000000000000004,65
612016888,0.30000000000000004,87
232150720,0.30000000000000004,35
2324106676,0.30000000000000004,82
1658700540,0.30000000000000004,56
609942288,0.30000000000000004,48
3405943863,0.30000000000000004,551
2257503667,0.30000000000000004,42
4018327298,0.30000000000000004,46
2224437599,0.30000000000000004,174
168388230,0.30000000000000004,164
911875363,0.30000000000000004,73
3699796293,0.30000000000000004,71
3195154224,0.30000000000000004,53
3621210587,0.30000000000000004,33
1945778437,0.30000000000000004,69
2384190687,0.30000000000000004,188
3249086786,0.30000000000000004,72
439485575,0.30000000000000004,99
2217192537,0.30000000000000004,43
3412522237,0.30000000000000004,48
555567425,0.30000000000000004,47
3399977417,0.30000000000000004,63
2903099886,0.30000000000000004,57
151712926,0.30000000000000004,102
1207582415,0.30000000000000004,121
2486821540,0.30000000000000004,77
1259821421,0.30000000000000004,111
597594931,0.30000000000000004,91
2865206418,0.30000000000000004,96
3003750881,0.30000000000000004,57
3312495928,0.30000000000000004,96
3078168926,0.30000000000000004,121
1005097259,0.30000000000000004,64
1646080115,0.30000000000000004,90
2175304393,0.30000000000000004,52
3907648593,0.30000000000000004,42
1971688097,0.30000000000000004,47
268300483,0.30000000000000004,68
3139098279,0.30000000000000004,54
3174456534,0.30000000000000004,73
997026310,0.30000000000000004,70
4280428995,0.30000000000000004,99
345698675,0.30000000000000004,76
2296661869,0.30000000000000004,98
1808063307,0.30000000000000004,42
3884888703,0.30000000000000004,46
2494461129,0.30000000000000004,77
3862701690,0.30000000000000004,92
1989052338,0.30000000000000004,71
2910179760,0.30000000000000004,71
1983180500,0.30000000000000004,3
2796940620,0.30000000000000004,43
2835193311,0.30000000000000004,53
1671370085,0.30000000000000004,112
3953588250,0.30000000000000004,92
358542842,0.30000000000000004,77
3497188667,0.30000000000000004,34
253549709,0.30000000000000004,73
1953331372,0.30000000000000004,63
890775398,0.30000000000000004,66
642810498,0.30000000000000004,73
1233062494,0.30000000000000004,123
908446902,0.30000000000000004,59
3109591194,0.30000000000000004,94
2446198906,0.30000000000000004,81
3358664237,0.30000000000000004,59
896344283,0.30000000000000004,66
1869944201,0.30000000000000004,46
3190319407,0.30000000000000004,44
987968938,0.30000000000000004,112
48960437,0.30000000000000004,85
2405484524,0.30000000000000004,93
3763400334,0.30000000000000004,65
4209925572,0.30000000000000004,74
4172993659,0.30000000000000004,71
2147595062,0.30000000000000004,2
3425188374,0.30000000000000004,72
3309235867,0.30000000000000004,63
3869940862,0.30000000000000004,127
3445858407,0.30000000000000004,61
683688611,0.30000000000000004,65
3671515462,0.30000000000000004,72
3027130951,0.30000000000000004,44
3369736057,0.30000000000000004,70
1655287705,0.30000000000000004,57
3004971955,0.30000000000000004,63
1256815592,0.30000000000000004,55
267482411,0.30000000000000004,63
2210323869,0.30000000000000004,58
3218958405,0.30000000000000004,59
3163371865,0.30000000000000004,61
1394697297,0.30000000000000004,98
4178031102,0.30000000000000004,60
643453088,0.30000000000000004,72
3249835323,0.30000000000000004,58
349764347,0.30000000000000004,75
317791015,0.30000000000000004,65
4067508317,0.30000000000000004,69
2385507088,0.30000000000000004,132
1526028037,0.30000000000000004,82
297824171,0.30000000000000004,71
1353143832,0.30000000000000004,93
1739382006,0.30000000000000004,84
580680804,0.30000000000000004,113
2823014988,0.30000000000000004,62
3517474495,0.30000000000000004,80
1323262800,0.30000000000000004,36
975802718,0.30000000000000004,46
2199045525,0.30000000000000004,91
1193102617,0.30000000000000004,144
884894373,0.30000000000000004,59
3411013638,0.30000000000000004,127
805745625,0.30000000000000004,104
3780170430,0.30000000000000004,108
3127142703,0.30000000000000004,110
2145807442,0.30000000000000004,400
7356014,0.30000000000000004,92
1854214563,0.30000000000000004,80
3246756741,0.30000000000000004,58
4269520782,0.30000000000000004,71
3093880402,0.30000000000000004,72
721312908,0.30000000000000004,150
2185234596,0.30000000000000004,55
1811372632,0.30000000000000004,39
158871473,0.30000000000000004,46
3933942357,0.30000000000000004,68
2247311752,0.30000000000000004,51
2639539135,0.30000000000000004,83
588020478,0.30000000000000004,76
2481404281,0.30000000000000004,57
3605935409,0.30000000000000004,78
1724216363,0.30000000000000004,91
3705963873,0.30000000000000004,55
3077038052,0.30000000000000004,109
3012538924,0.30000000000000004,82
339579960,0.30000000000000004,131
3595527923,0.30000000000000004,45
863450078,0.30000000000000004,140
1293846983,0.30000000000000004,83
297175216,0.30000000000000004,41
1619853330,0.30000000000000004,46
1315304267,0.30000000000000004,63
3174143715,0.30000000000000004,90
1039824701,0.30000000000000004,50
721441559,0.30000000000000004,72
4105799406,0.30000000000000004,60
1633137197,0.30000000000000004,65
1521883525,0.30000000000000004,2
3988848284,0.30000000000000004,101
2356674901,0.30000000000000004,97
3622559309,0.30000000000000004,39
855568988,0.30000000000000004,28
2610361744,0.30000000000000004,53
3797455899,0.30000000000000004,142
3701701166,0.30000000000000004,58
1820757617,0.30000000000000004,71
3255375637,0.30000000000000004,90
1973362254,0.30000000000000004,28
817567550,0.30000000000000004,106
3034277235,0.30000000000000004,134
422340604,0.30000000000000004,77
2537213971,0.30000000000000004,117
2777209301,0.30000000000000004,81
3393578195,0.30000000000000004,57
968986378,0.30000000000000004,92
688328363,0.30000000000000004,69
4152859901,0.30000000000000004,83
1795468969,0.30000000000000004,173
2590496957,0.30000000000000004,66
3299187091,0.30000000000000004,91
1977285233,0.30000000000000004,40
2229299064,0.30000000000000004,67
621973311,0.30000000000000004,128
3137073118,0.30000000000000004,98
1722482046,0.30000000000000004,65
2843863878,0.30000000000000004,72
3220027874,0.30000000000000004,68
2854411774,0.30000000000000004,44
656915034,0.30000000000000004,56
3284494407,0.30000000000000004,44
1067328885,0.30000000000000004,58
2684470948,0.32,61
4091952314,0.32,129
233227757,0.32,60
3276785861,0.32,61
3644269654,0.32,61
1206282609,0.32,58
3543069911,0.32,63
3479688010,0.32,52
877132087,0.32,38
1244265337,0.32,87
2740186692,0.32,69
3884972972,0.32,46
829139639,0.32,61
2545567356,0.32,57
2718398101,0.32,44
176092387,0.32,117
3528048386,0.32,55
569531098,0.32,57
1337295874,0.32,61
612016888,0.32,66
232150720,0.32,35
2324106676,0.32,64
1658700540,0.32,56
609942288,0.32,47
3405943863,0.32,515
2257503667,0.32,37
4018327298,0.32,44
2224437599,0.32,163
168388230,0.32,149
911875363,0.32,56
3699796293,0.32,71
3195154224,0.32,52
3621210587,0.32,31
1945778437,0.32,43
2384190687,0.32,93
3249086786,0.32,71
439485575,0.32,85
2217192537,0.32,38
3412522237,0.32,42
555567425,0.32,38
3399977417,0.32,58
2903099886,0.32,64
151712926,0.32,88
1207582415,0.32,104
2486821540,0.32,75
1259821421,0.32,110
597594931,0.32,59
2865206418,0.32,89
3003750881,0.32,50
3312495928,0.32,96
3078168926,0.32,72
1005097259,0.32,46
1646080115,0.32,65
2175304393,0.32,31
3907648593,0.32,42
1971688097,0.32,47
268300483,0.32,68
3139098279,0.32,53
3174456534,0.32,65
997026310,0.32,70
4280428995,0.32,95
345698675,0.32,71
2296661869,0.32,96
1808063307,0.32,36
3884888703,0.32,39
2494461129,0.32,75
3862701690,0.32,73
1989052338,0.32,69
2910179760,0.32,51
1983180500,0.32,3
2796940620,0.32,43
2835193311,0.32,53
1671370085,0.32,99
3953588250,0.32,65
358542842,0.32,61
3497188667,0.32,34
253549709,0.32,73
1953331372,0.32,63
890775398,0.32,61
642810498,0.32,73
1233062494,0.32,151
908446902,0.32,54
3109591194,0.32,62
2446198906,0.32,54
3358664237,0.32,54
896344283,0.32,56
1869944201,0.32,46
3190319407,0.32,34
987968938,0.32,112
48960437,0.32,78
2405484524,0.32,93
3763400334,0.32,46
4209925572,0.32,76
4172993659,0.32,23
2147595062,0.32,2
3425188374,0.32,66
3309235867,0.32,54
3869940862,0.32,80
3445858407,0.32,61
683688611,0.32,63
3671515462,0.32,68
3027130951,0.32,43
3369736057,0.32,47
1655287705,0.32,57
3004971955,0.32,53
1256815592,0.32,53
267482411,0.32,50
2210323869,0.32,56
3218958405,0.32,54
3163371865,0.32,52
1394697297,0.32,55
4178031102,0.32,62
643453088,0.32,68
3249835323,0.32,58
349764347,0.32,70
317791015,0.32,65
4067508317,0.32,69
2385507088,0.32,107
1526028037,0.32,79
297824171,0.32,71
1353143832,0.32,68
1739382006,0.32,77
580680804,0.32,107
2823014988,0.32,55
3517474495,0.32,66
1323262800,0.32,36
975802718,0.32,45
2199045525,0.32,85
1193102617,0.32,116
884894373,0.32,59
3411013638,0.32,138
805745625,0.32,104
3780170430,0.32,81
3127142703,0.32,110
2145807442,0.32,501
7356014,0.32,84
1854214563,0.32,79
3246756741,0.32,58
4269520782,0.32,71
3093880402,0.32,72
721312908,0.32,117
2185234596,0.32,55
1811372632,0.32,38
158871473,0.32,47
3933942357,0.32,68
2247311752,0.32,51
2639539135,0.32,78
588020478,0.32,74
2481404281,0.32,54
3605935409,0.32,59
1724216363,0.32,79
3705963873,0.32,55
3077038052,0.32,71
3012538924,0.32,82
339579960,0.32,130
3595527923,0.32,45
863450078,0.32,121
1293846983,0.32,64
297175216,0.32,34
1619853330,0.32,44
1315304267,0.32,61
3174143715,0.32,73
1039824701,0.32,50
721441559,0.32,47
4105799406,0.32,55
1633137197,0.32,64
1521883525,0.32,2
3988848284,0.32,97
2356674901,0.32,88
3622559309,0.32,39
855568988,0.32,28
2610361744,0.32,40
3797455899,0.32,89
3701701166,0.32,52
1820757617,0.32,63
3255375637,0.32,73
1973362254,0.32,28
817567550,0.32,85
3034277235,0.32,109
422340604,0.32,77
2537213971,0.32,112
2777209301,0.32,49
3393578195,0.32,57
968986378,0.32,81
688328363,0.32,69
4152859901,0.32,85
1795468969,0.32,166
2590496957,0.32,60
3299187091,0.32,90
1977285233,0.32,40
2229299064,0.32,55
621973311,0.32,84
3137073118,0.32,94
1722482046,0.32,44
2843863878,0.32,69
3220027874,0.32,67
2854411774,0.32,43
656915034,0.32,52
3284494407,0.32,39
1067328885,0.32,58
2684470948,0.33999999999999997,50
4091952314,0.33999999999999997,94
233227757,0.33999999999999997,40
3276785861,0.33999999999999997,61
3644269654,0.33999999999999997,61
1206282609,0.33999999999999997,48
3543069911,0.33999999999999997,63
3479688010,0.33999999999999997,35
877132087,0.33999999999999997,37
1244265337,0.33999999999999997,70
2740186692,0.33999999999999997,66
3884972972,0.33999999999999997,46
829139639,0.33999999999999997,61
2545567356,0.33999999999999997,52
2718398101,0.33999999999999997,44
176092387,0.33999999999999997,111
3528048386,0.33999999999999997,45
569531098,0.33999999999999997,57
1337295874,0.33999999999999997,50
612016888,0.33999999999999997,71
232150720,0.33999999999999997,33
2324106676,0.33999999999999997,64
1658700540,0.33999999999999997,56
609942288,0.33999999999999997,47
3405943863,0.33999999999999997,80
2257503667,0.33999999999999997,37
4018327298,0.33999999999999997,44
2224437599,0.33999999999999997,79
168388230,0.33999999999999997,120
911875363,0.33999999999999997,55
3699796293,0.33999999999999997,71
3195154224,0.33999999999999997,46
3621210587,0.33999999999999997,28
1945778437,0.33999999999999997,37
2384190687,0.33999999999999997,83
3249086786,0.33999999999999997,71
439485575,0.33999999999999997,85
2217192537,0.33999999999999997,35
3412522237,0.33999999999999997,30
555567425,0.33999999999999997,38
3399977417,0.33999999999999997,58
2903099886,0.33999999999999997,58
151712926,0.33999999999999997,74
1207582415,0.33999999999999997,86
2486821540,0.33999999999999997,65
1259821421,0.33999999999999997,98
597594931,0.33999999999999997,47
2865206418,0.33999999999999997,76
3003750881,0.33999999999999997,50
3312495928,0.33999999999999997,89
3078168926,0.33999999999999997,70
1005097259,0.33999999999999997,36
1646080115,0.33999999999999997,61
2175304393,0.33999999999999997,31
3907648593,0.33999999999999997,41
1971688097,0.33999999999999997,47
268300483,0.33999999999999997,68
3139098279,0.33999999999999997,53
3174456534,0.33999999999999997,59
997026310,0.33999999999999997,67
4280428995,0.33999999999999997,90
345698675,0.33999999999999997,62
2296661869,0.33999999999999997,96
1808063307,0.33999999999999997,36
3884888703,0.33999999999999997,35
2494461129,0.33999999999999997,70
3862701690,0.33999999999999997,59
1989052338,0.33999999999999997,69
2910179760,0.33999999999999997,43
1983180500,0.33999999999999997,3
2796940620,0.33999999999999997,41
2835193311,0.33999999999999997,24
1671370085,0.33999999999999997,96
3953588250,0.33999999999999997,63
358542842,0.33999999999999997,54
3497188667,0.33999999999999997,34
253549709,0.33999999999999997,66
1953331372,0.33999999999999997,62
890775398,0.33999999999999997,54
642810498,0.33999999999999997,68
1233062494,0.33999999999999997,108
908446902,0.33999999999999997,42
3109591194,0.33999999999999997,61
2446198906,0.33999999999999997,39
3358664237,0.33999999999999997,54
896344283,0.33999999999999997,38
1869944201,0.33999999999999997,46
3190319407,0.33999999999999997,34
987968938,0.33999999999999997,57
48960437,0.33999999999999997,76
2405484524,0.33999999999999997,72
3763400334,0.33999999999999997,46
4209925572,0.33999999999999997,57
4172993659,0.33999999999999997,23
2147595062,0.33999999999999997,2
3425188374,0.33999999999999997,66
3309235867,0.33999999999999997,49
3869940862,0.33999999999999997,103
3445858407,0.33999999999999997,61
683688611,0.33999999999999997,57
3671515462,0.33999999999999997,52
3027130951,0.33999999999999997,41
3369736057,0.33999999999999997,40
1655287705,0.33999999999999997,57
3004971955,0.33999999999999997,53
1256815592,0.33999999999999997,32
267482411,0.33999999999999997,50
2210323869,0.33999999999999997,50
3218958405,0.33999999999999997,54
3163371865,0.33999999999999997,52
1394697297,0.33999999999999997,55
4178031102,0.33999999999999997,60
643453088,0.33999999999999997,65
3249835323,0.33999999999999997,58
349764347,0.33999999999999997,70
317791015,0.33999999999999997,65
4067508317,0.33999999999999997,63
2385507088,0.33999999999999997,82
1526028037,0.33999999999999997,78
297824171,0.33999999999999997,71
1353143832,0.33999999999999997,65
1739382006,0.33999999999999997,77
580680804,0.33999999999999997,99
2823014988,0.33999999999999997,48
3517474495,0.33999999999999997,60
1323262800,0.33999999999999997,33
975802718,0.33999999999999997,39
2199045525,0.33999999999999997,85
1193102617,0.33999999999999997,107
884894373,0.33999999999999997,59
3411013638,0.33999999999999997,95
805745625,0.33999999999999997,58
3780170430,0.33999999999999997,77
3127142703,0.33999999999999997,95
2145807442,0.33999999999999997,161
7356014,0.33999999999999997,84
1854214563,0.33999999999999997,79
3246756741,0.33999999999999997,58
4269520782,0.33999999999999997,69
3093880402,0.33999999999999997,65
721312908,0.33999999999999997,97
2185234596,0.33999999999999997,54
1811372632,0.33999999999999997,38
158871473,0.33999999999999997,47
3933942357,0.33999999999999997,68
2247311752,0.33999999999999997,51
2639539135,0.33999999999999997,49
588020478,0.33999999999999997,61
2481404281,0.33999999999999997,46
3605935409,0.33999999999999997,52
1724216363,0.33999999999999997,73
3705963873,0.33999999999999997,49
3077038052,0.33999999999999997,56
3012538924,0.33999999999999997,82
339579960,0.33999999999999997,103
3595527923,0.33999999999999997,43
863450078,0.33999999999999997,70
1293846983,0.33999999999999997,63
297175216,0.33999999999999997,34
1619853330,0.33999999999999997,44
1315304267,0.33999999999999997,61
3174143715,0.33999999999999997,73
1039824701,0.33999999999999997,48
721441559,0.33999999999999997,47
4105799406,0.33999999999999997,55
1633137197,0.33999999999999997,64
1521883525,0.33999999999999997,2
3988848284,0.33999999999999997,97
2356674901,0.33999999999999997,88
3622559309,0.33999999999999997,39
855568988,0.33999999999999997,28
2610361744,0.33999999999999997,32
3797455899,0.33999999999999997,140
3701701166,0.33999999999999997,44
1820757617,0.33999999999999997,38
3255375637,0.33999999999999997,73
1973362254,0.33999999999999997,28
817567550,0.33999999999999997,83
3034277235,0.33999999999999997,109
422340604,0.33999999999999997,71
2537213971,0.33999999999999997,58
2777209301,0.33999999999999997,49
3393578195,0.33999999999999997,54
968986378,0.33999999999999997,60
688328363,0.33999999999999997,63
4152859901,0.33999999999999997,85
1795468969,0.33999999999999997,130
2590496957,0.33999999999999997,52
3299187091,0.33999999999999997,90
1977285233,0.33999999999999997,35
2229299064,0.33999999999999997,52
621973311,0.33999999999999997,84
3137073118,0.33999999999999997,94
1722482046,0.33999999999999997,44
2843863878,0.33999999999999997,69
3220027874,0.33999999999999997,67
2854411774,0.33999999999999997,43
656915034,0.33999999999999997,52
3284494407,0.33999999999999997,39
1067328885,0.33999999999999997,55
2684470948,0.36,50
4091952314,0.36,86
233227757,0.36,40
3276785861,0.36,61
3644269654,0.36,48
1206282609,0.36,47
3543069911,0.36,59
3479688010,0.36,35
877132087,0.36,37
1244265337,0.36,57
2740186692,0.36,58
3884972972,0.36,46
829139639,0.36,61
2545567356,0.36,52
2718398101,0.36,44
176092387,0.36,79
3528048386,0.36,45
569531098,0.36,41
1337295874,0.36,50
612016888,0.36,71
232150720,0.36,33
2324106676,0.36,63
1658700540,0.36,56
609942288,0.36,47
3405943863,0.36,80
2257503667,0.36,36
4018327298,0.36,44
2224437599,0.36,62
168388230,0.36,83
911875363,0.36,47
3699796293,0.36,49
3195154224,0.36,46
3621210587,0.36,27
1945778437,0.36,37
2384190687,0.36,82
3249086786,0.36,52
439485575,0.36,54
2217192537,0.36,35
3412522237,0.36,30
555567425,0.36,38
3399977417,0.36,58
2903099886,0.36,43
151712926,0.36,67
1207582415,0.36,112
2486821540,0.36,54
1259821421,0.36,94
597594931,0.36,47
2865206418,0.36,74
3003750881,0.36,42
3312495928,0.36,86
3078168926,0.36,70
1005097259,0.36,36
1646080115,0.36,51
2175304393,0.36,30
3907648593,0.36,37
1971688097,0.36,44
268300483,0.36,61
3139098279,0.36,53
3174456534,0.36,55
997026310,0.36,62
4280428995,0.36,90
345698675,0.36,56
2296661869,0.36,96
1808063307,0.36,36
3884888703,0.36,35
2494461129,0.36,68
3862701690,0.36,59
1989052338,0.36,58
2910179760,0.36,40
1983180500,0.36,3
2796940620,0.36,40
2835193311,0.36,24
1671370085,0.36,82
3953588250,0.36,50
358542842,0.36,54
3497188667,0.36,34
253549709,0.36,62
1953331372,0.36,50
890775398,0.36,54
642810498,0.36,67
1233062494,0.36,98
908446902,0.36,41
3109591194,0.36,53
2446198906,0.36,35
3358664237,0.36,52
896344283,0.36,30
1869944201,0.36,46
3190319407,0.36,30
987968938,0.36,52
48960437,0.36,76
2405484524,0.36,64
3763400334,0.36,37
4209925572,0.36,56
4172993659,0.36,23
2147595062,0.36,2
3425188374,0.36,58
3309235867,0.36,46
3869940862,0.36,46
3445858407,0.36,55
683688611,0.36,57
3671515462,0.36,45
3027130951,0.36,40
3369736057,0.36,40
1655287705,0.36,47
3004971955,0.36,43
1256815592,0.36,32
267482411,0.36,50
2210323869,0.36,48
3218958405,0.36,50
3163371865,0.36,45
1394697297,0.36,54
4178031102,0.36,60
643453088,0.36,60
3249835323,0.36,52
349764347,0.36,62
317791015,0.36,53
4067508317,0.36,63
2385507088,0.36,82
1526028037,0.36,68
297824171,0.36,71
1353143832,0.36,40
1739382006,0.36,74
580680804,0.36,88
2823014988,0.36,46
3517474495,0.36,59
1323262800,0.36,33
975802718,0.36,39
2199045525,0.36,85
1193102617,0.36,87
884894373,0.36,56
3411013638,0.36,90
805745625,0.36,51
3780170430,0.36,67
3127142703,0.36,95
2145807442,0.36,113
7356014,0.36,64
1854214563,0.36,60
3246756741,0.36,58
4269520782,0.36,59
3093880402,0.36,58
721312908,0.36,66
2185234596,0.36,47
1811372632,0.36,38
158871473,0.36,45
3933942357,0.36,54
2247311752,0.36,51
2639539135,0.36,49
588020478,0.36,42
2481404281,0.36,45
3605935409,0.36,52
1724216363,0.36,69
3705963873,0.36,46
3077038052,0.36,35
3012538924,0.36,94
339579960,0.36,67
3595527923,0.36,29
863450078,0.36,68
1293846983,0.36,59
297175216,0.36,34
1619853330,0.36,43
1315304267,0.36,47
3174143715,0.36,65
1039824701,0.36,50
721441559,0.36,38
4105799406,0.36,52
1633137197,0.36,64
1521883525,0.36,2
3988848284,0.36,77
2356674901,0.36,86
3622559309,0.36,36
855568988,0.36,28
2610361744,0.36,32
3797455899,0.36,88
3701701166,0.36,43
1820757617,0.36,38
3255375637,0.36,72
1973362254,0.36,25
817567550,0.36,83
3034277235,0.36,103
422340604,0.36,67
2537213971,0.36,41
2777209301,0.36,49
3393578195,0.36,54
968986378,0.36,60
688328363,0.36,63
4152859901,0.36,75
1795468969,0.36,122
2590496957,0.36,50
3299187091,0.36,77
1977285233,0.36,32
2229299064,0.36,52
621973311,0.36,84
3137073118,0.36,73
1722482046,0.36,38
2843863878,0.36,58
3220027874,0.36,52
2854411774,0.36,43
656915034,0.36,50
3284494407,0.36,39
1067328885,0.36,55
2684470948,0.38,50
4091952314,0.38,84
233227757,0.38,38
3276785861,0.38,52
3644269654,0.38,47
1206282609,0.38,47
3543069911,0.38,58
3479688010,0.38,35
877132087,0.38,37
1244265337,0.38,50
2740186692,0.38,58
3884972972,0.38,44
829139639,0.38,61
2545567356,0.38,52
2718398101,0.38,34
176092387,0.38,79
3528048386,0.38,44
569531098,0.38,41
1337295874,0.38,43
612016888,0.38,71
232150720,0.38,32
2324106676,0.38,59
1658700540,0.38,53
609942288,0.38,46
3405943863,0.38,71
2257503667,0.38,36
4018327298,0.38,32
2224437599,0.38,61
168388230,0.38,81
911875363,0.38,47
3699796293,0.38,49
3195154224,0.38,52
3621210587,0.38,19
1945778437,0.38,31
2384190687,0.38,76
3249086786,0.38,52
439485575,0.38,42
2217192537,0.38,31
3412522237,0.38,25
555567425,0.38,31
3399977417,0.38,40
2903099886,0.38,34
151712926,0.38,67
1207582415,0.38,112
2486821540,0.38,54
1259821421,0.38,72
597594931,0.38,44
2865206418,0.38,70
3003750881,0.38,40
3312495928,0.38,39
3078168926,0.38,52
1005097259,0.38,36
1646080115,0.38,51
2175304393,0.38,30
3907648593,0.38,37
1971688097,0.38,35
268300483,0.38,61
3139098279,0.38,53
3174456534,0.38,53
997026310,0.38,62
4280428995,0.38,85
345698675,0.38,37
2296661869,0.38,86
1808063307,0.38,35
3884888703,0.38,32
2494461129,0.38,61
3862701690,0.38,59
1989052338,0.38,49
2910179760,0.38,39
1983180500,0.38,3
2796940620,0.38,37
2835193311,0.38,32
1671370085,0.38,80
3953588250,0.38,48
358542842,0.38,53
3497188667,0.38,34
253549709,0.38,59
1953331372,0.38,50
890775398,0.38,45
642810498,0.38,67
1233062494,0.38,62
908446902,0.38,41
3109591194,0.38,33
2446198906,0.38,34
3358664237,0.38,52
896344283,0.38,30
1869944201,0.38,46
3190319407,0.38,29
987968938,0.38,52
48960437,0.38,52
2405484524,0.38,58
3763400334,0.38,36
4209925572,0.38,53
4172993659,0.38,23
2147595062,0.38,2
3425188374,0.38,47
3309235867,0.38,37
3869940862,0.38,35
3445858407,0.38,55
683688611,0.38,56
3671515462,0.38,45
3027130951,0.38,40
3369736057,0.38,40
1655287705,0.38,43
3004971955,0.38,43
1256815592,0.38,32
267482411,0.38,43
2210323869,0.38,35
3218958405,0.38,43
3163371865,0.38,45
1394697297,0.38,54
4178031102,0.38,54
643453088,0.38,60
3249835323,0.38,52
349764347,0.38,62
317791015,0.38,53
4067508317,0.38,47
2385507088,0.38,64
1526028037,0.38,66
297824171,0.38,65
1353143832,0.38,38
1739382006,0.38,71
580680804,0.38,87
2823014988,0.38,46
3517474495,0.38,59
1323262800,0.38,29
975802718,0.38,26
2199045525,0.38,84
1193102617,0.38,82
884894373,0.38,56
3411013638,0.38,71
805745625,0.38,44
3780170430,0.38,66
3127142703,0.38,85
2145807442,0.38,85
7356014,0.38,64
1854214563,0.38,55
3246756741,0.38,46
4269520782,0.38,54
3093880402,0.38,58
721312908,0.38,66
2185234596,0.38,35
1811372632,0.38,38
158871473,0.38,45
3933942357,0.38,54
2247311752,0.38,51
2639539135,0.38,49
588020478,0.38,34
2481404281,0.38,39
3605935409,0.38,52
1724216363,0.38,66
3705963873,0.38,40
3077038052,0.38,40
3012538924,0.38,94
339579960,0.38,53
3595527923,0.38,24
863450078,0.38,64
1293846983,0.38,59
297175216,0.38,34
1619853330,0.38,43
1315304267,0.38,40
3174143715,0.38,63
1039824701,0.38,47
721441559,0.38,37
4105799406,0.38,52
1633137197,0.38,64
1521883525,0.38,2
3988848284,0.38,76
2356674901,0.38,67
3622559309,0.38,36
855568988,0.38,28
2610361744,0.38,32
3797455899,0.38,88
3701701166,0.38,35
1820757617,0.38,34
3255375637,0.38,54
1973362254,0.38,25
817567550,0.38,69
3034277235,0.38,43
422340604,0.38,60
2537213971,0.38,41
2777209301,0.38,42
3393578195,0.38,50
968986378,0.38,49
688328363,0.38,63
4152859901,0.38,75
1795468969,0.38,121
2590496957,0.38,43
3299187091,0.38,77
1977285233,0.38,32
2229299064,0.38,40
621973311,0.38,76
3137073118,0.38,65
1722482046,0.38,38
2843863878,0.38,57
3220027874,0.38,50
2854411774,0.38,43
656915034,0.38,50
3284494407,0.38,38
1067328885,0.38,55
2684470948,0.4,50
4091952314,0.4,83
233227757,0.4,29
3276785861,0.4,52
3644269654,0.4,47
1206282609,0.4,47
3543069911,0.4,55
3479688010,0.4,31
877132087,0.4,37
1244265337,0.4,35
2740186692,0.4,55
3884972972,0.4,39
829139639,0.4,48
2545567356,0.4,45
2718398101,0.4,33
176092387,0.4,50
3528048386,0.4,44
569531098,0.4,41
1337295874,0.4,37
612016888,0.4,37
232150720,0.4,32
2324106676,0.4,59
1658700540,0.4,51
609942288,0.4,46
3405943863,0.4,71
2257503667,0.4,35
4018327298,0.4,32
2224437599,0.4,53
168388230,0.4,55
911875363,0.4,40
3699796293,0.4,49
3195154224,0.4,44
3621210587,0.4,19
1945778437,0.4,31
2384190687,0.4,62
3249086786,0.4,48
439485575,0.4,41
2217192537,0.4,29
3412522237,0.4,25
555567425,0.4,27
3399977417,0.4,39
2903099886,0.4,34
151712926,0.4,63
1207582415,0.4,63
2486821540,0.4,53
1259821421,0.4,69
597594931,0.4,37
2865206418,0.4,70
3003750881,0.4,42
3312495928,0.4,39
3078168926,0.4,50
1005097259,0.4,36
1646080115,0.4,49
2175304393,0.4,30
3907648593,0.4,37
1971688097,0.4,34
268300483,0.4,56
3139098279,0.4,53
3174456534,0.4,46
997026310,0.4,50
4280428995,0.4,85
345698675,0.4,37
2296661869,0.4,82
1808063307,0.4,35
3884888703,0.4,32
2494461129,0.4,59
3862701690,0.4,44
1989052338,0.4,45
2910179760,0.4,35
1983180500,0.4,3
2796940620,0.4,37
2835193311,0.4,32
1671370085,0.4,76
3953588250,0.4,43
358542842,0.4,50
3497188667,0.4,34
253549709,0.4,59
1953331372,0.4,32
890775398,0.4,45
642810498,0.4,34
1233062494,0.4,72
908446902,0.4,36
3109591194,0.4,30
2446198906,0.4,33
3358664237,0.4,52
896344283,0.4,24
1869944201,0.4,43
3190319407,0.4,29
987968938,0.4,50
48960437,0.4,47
2405484524,0.4,51
3763400334,0.4,36
4209925572,0.4,35
4172993659,0.4,23
2147595062,0.4,2
3425188374,0.4,47
3309235867,0.4,37
3869940862,0.4,32
3445858407,0.4,47
683688611,0.4,51
3671515462,0.4,45
3027130951,0.4,35
3369736057,0.4,40
1655287705,0.4,35
3004971955,0.4,43
1256815592,0.4,32
267482411,0.4,35
2210323869,0.4,34
3218958405,0.4,37
3163371865,0.4,45
1394697297,0.4,54
4178031102,0.4,33
643453088,0.4,60
3249835323,0.4,52
349764347,0.4,60
317791015,0.4,53
4067508317,0.4,46
2385507088,0.4,53
1526028037,0.4,46
297824171,0.4,65
1353143832,0.4,27
1739382006,0.4,63
580680804,0.4,86
2823014988,0.4,46
3517474495,0.4,59
1323262800,0.4,29
975802718,0.4,26
2199045525,0.4,84
1193102617,0.4,82
884894373,0.4,55
3411013638,0.4,68
805745625,0.4,38
3780170430,0.4,65
3127142703,0.4,72
2145807442,0.4,77
7356014,0.4,64
1854214563,0.4,54
3246756741,0.4,46
4269520782,0.4,51
3093880402,0.4,54
721312908,0.4,66
2185234596,0.4,35
1811372632,0.4,36
158871473,0.4,42
3933942357,0.4,52
2247311752,0.4,51
2639539135,0.4,46
588020478,0.4,29
2481404281,0.4,39
3605935409,0.4,52
1724216363,0.4,66
3705963873,0.4,40
3077038052,0.4,40
3012538924,0.4,94
339579960,0.4,40
3595527923,0.4,24
863450078,0.4,63
1293846983,0.4,55
297175216,0.4,30
1619853330,0.4,43
1315304267,0.4,38
3174143715,0.4,59
1039824701,0.4,47
721441559,0.4,34
4105799406,0.4,52
1633137197,0.4,54
1521883525,0.4,2
3988848284,0.4,72
2356674901,0.4,52
3622559309,0.4,36
855568988,0.4,28
2610361744,0.4,31
3797455899,0.4,82
3701701166,0.4,35
1820757617,0.4,31
3255375637,0.4,35
1973362254,0.4,25
817567550,0.4,69
3034277235,0.4,44
422340604,0.4,49
2537213971,0.4,41
2777209301,0.4,36
3393578195,0.4,40
968986378,0.4,41
688328363,0.4,55
4152859901,0.4,67
1795468969,0.4,113
2590496957,0.4,39
3299187091,0.4,68
1977285233,0.4,32
2229299064,0.4,27
621973311,0.4,61
3137073118,0.4,49
1722482046,0.4,38
2843863878,0.4,57
3220027874,0.4,51
2854411774,0.4,43
656915034,0.4,48
3284494407,0.4,38
1067328885,0.4,48
2684470948,0.42000000000000004,50
4091952314,0.42000000000000004,81
233227757,0.42000000000000004,29
3276785861,0.42000000000000004,48
3644269654,0.42000000000000004,54
1206282609,0.42000000000000004,36
3543069911,0.42000000000000004,52
3479688010,0.42000000000000004,29
877132087,0.42000000000000004,36
1244265337,0.42000000000000004,28
2740186692,0.42000000000000004,37
3884972972,0.42000000000000004,39
829139639,0.42000000000000004,48
2545567356,0.42000000000000004,44
2718398101,0.42000000000000004,33
176092387,0.42000000000000004,50
3528048386,0.42000000000000004,44
569531098,0.42000000000000004,41
1337295874,0.42000000000000004,35
612016888,0.42000000000000004,39
232150720,0.42000000000000004,31
2324106676,0.42000000000000004,52
1658700540,0.42000000000000004,44
609942288,0.42000000000000004,40
3405943863,0.42000000000000004,71
2257503667,0.42000000000000004,34
4018327298,0.42000000000000004,32
2224437599,0.42000000000000004,48
168388230,0.42000000000000004,54
911875363,0.42000000000000004,40
3699796293,0.42000000000000004,47
3195154224,0.42000000000000004,37
3621210587,0.42000000000000004,19
1945778437,0.42000000000000004,31
2384190687,0.42000000000000004,47
3249086786,0.42000000000000004,48
439485575,0.42000000000000004,37
2217192537,0.42000000000000004,29
3412522237,0.42000000000000004,25
555567425,0.42000000000000004,27
3399977417,0.42000000000000004,39
2903099886,0.42000000000000004,43
151712926,0.42000000000000004,63
1207582415,0.42000000000000004,63
2486821540,0.42000000000000004,53
1259821421,0.42000000000000004,62
597594931,0.42000000000000004,37
2865206418,0.42000000000000004,52
3003750881,0.42000000000000004,42
3312495928,0.42000000000000004,39
3078168926,0.42000000000000004,50
1005097259,0.42000000000000004,30
1646080115,0.42000000000000004,49
2175304393,0.42000000000000004,29
3907648593,0.42000000000000004,37
1971688097,0.42000000000000004,32
268300483,0.42000000000000004,56
3139098279,0.42000000000000004,48
3174456534,0.42000000000000004,35
997026310,0.42000000000000004,49
4280428995,0.42000000000000004,70
345698675,0.42000000000000004,36
2296661869,0.42000000000000004,59
1808063307,0.42000000000000004,35
3884888703,0.42000000000000004,32
2494461129,0.42000000000000004,49
3862701690,0.42000000000000004,41
1989052338,0.42000000000000004,45
2910179760,0.42000000000000004,35
1983180500,0.42000000000000004,3
2796940620,0.42000000000000004,36
2835193311,0.42000000000000004,32
1671370085,0.42000000000000004,61
3953588250,0.42000000000000004,43
358542842,0.42000000000000004,51
3497188667,0.42000000000000004,47
253549709,0.42000000000000004,59
1953331372,0.42000000000000004,24
890775398,0.42000000000000004,45
642810498,0.42000000000000004,34
1233062494,0.42000000000000004,72
908446902,0.42000000000000004,36
3109591194,0.42000000000000004,30
2446198906,0.42000000000000004,33
3358664237,0.42000000000000004,49
896344283,0.42000000000000004,24
1869944201,0.42000000000000004,39
3190319407,0.42000000000000004,29
987968938,0.42000000000000004,50
48960437,0.42000000000000004,38
2405484524,0.42000000000000004,51
3763400334,0.42000000000000004,26
4209925572,0.42000000000000004,35
4172993659,0.42000000000000004,23
2147595062,0.42000000000000004,2
3425188374,0.42000000000000004,44
3309235867,0.42000000000000004,37
3869940862,0.42000000000000004,30
3445858407,0.42000000000000004,40
683688611,0.42000000000000004,51
3671515462,0.42000000000000004,45
3027130951,0.42000000000000004,27
3369736057,0.42000000000000004,38
1655287705,0.42000000000000004,32
3004971955,0.42000000000000004,33
1256815592,0.42000000000000004,32
267482411,0.42000000000000004,35
2210323869,0.42000000000000004,34
3218958405,0.42000000000000004,33
3163371865,0.42000000000000004,45
1394697297,0.42000000000000004,40
4178031102,0.42000000000000004,33
643453088,0.42000000000000004,59
3249835323,0.42000000000000004,39
349764347,0.42000000000000004,60
317791015,0.42000000000000004,46
4067508317,0.42000000000000004,45
2385507088,0.42000000000000004,52
1526028037,0.42000000000000004,44
297824171,0.42000000000000004,60
1353143832,0.42000000000000004,27
1739382006,0.42000000000000004,52
580680804,0.42000000000000004,86
2823014988,0.42000000000000004,46
3517474495,0.42000000000000004,39
1323262800,0.42000000000000004,29
975802718,0.42000000000000004,26
2199045525,0.42000000000000004,77
1193102617,0.42000000000000004,80
884894373,0.42000000000000004,55
3411013638,0.42000000000000004,61
805745625,0.42000000000000004,38
3780170430,0.42000000000000004,63
3127142703,0.42000000000000004,62
2145807442,0.42000000000000004,58
7356014,0.42000000000000004,62
1854214563,0.42000000000000004,53
3246756741,0.42000000000000004,45
4269520782,0.42000000000000004,51
3093880402,0.42000000000000004,46
721312908,0.42000000000000004,39
2185234596,0.42000000000000004,35
1811372632,0.42000000000000004,36
158871473,0.42000000000000004,42
3933942357,0.42000000000000004,48
2247311752,0.42000000000000004,45
2639539135,0.42000000000000004,40
588020478,0.42000000000000004,24
2481404281,0.42000000000000004,36
3605935409,0.42000000000000004,44
1724216363,0.42000000000000004,62
3705963873,0.42000000000000004,40
3077038052,0.42000000000000004,32
3012538924,0.42000000000000004,94
339579960,0.42000000000000004,40
3595527923,0.42000000000000004,24
863450078,0.42000000000000004,63
1293846983,0.42000000000000004,38
297175216,0.42000000000000004,30
1619853330,0.42000000000000004,43
1315304267,0.42000000000000004,32
3174143715,0.42000000000000004,51
1039824701,0.42000000000000004,39
721441559,0.42000000000000004,31
4105799406,0.42000000000000004,45
1633137197,0.42000000000000004,51
1521883525,0.42000000000000004,2
3988848284,0.42000000000000004,72
2356674901,0.42000000000000004,52
3622559309,0.42000000000000004,35
855568988,0.42000000000000004,27
2610361744,0.42000000000000004,29
3797455899,0.42000000000000004,75
3701701166,0.42000000000000004,35
1820757617,0.42000000000000004,31
3255375637,0.42000000000000004,35
1973362254,0.42000000000000004,25
817567550,0.42000000000000004,62
3034277235,0.42000000000000004,43
422340604,0.42000000000000004,47
2537213971,0.42000000000000004,30
2777209301,0.42000000000000004,36
3393578195,0.42000000000000004,40
968986378,0.42000000000000004,41
688328363,0.42000000000000004,55
4152859901,0.42000000000000004,59
1795468969,0.42000000000000004,107
2590496957,0.42000000000000004,39
3299187091,0.42000000000000004,62
1977285233,0.42000000000000004,30
2229299064,0.42000000000000004,27
621973311,0.42000000000000004,61
3137073118,0.42000000000000004,48
1722482046,0.42000000000000004,38
2843863878,0.42000000000000004,57
3220027874,0.42000000000000004,47
2854411774,0.42000000000000004,43
656915034,0.42000000000000004,46
3284494407,0.42000000000000004,32
1067328885,0.42000000000000004,48
2684470948,0.44000000000000006,50
4091952314,0.44000000000000006,35
233227757,0.44000000000000006,29
3276785861,0.44000000000000006,39
3644269654,0.44000000000000006,54
1206282609,0.44000000000000006,36
3543069911,0.44000000000000006,52
3479688010,0.44000000000000006,29
877132087,0.44000000000000006,35
1244265337,0.44000000000000006,26
2740186692,0.44000000000000006,36
3884972972,0.44000000000000006,39
829139639,0.44000000000000006,30
2545567356,0.44000000000000006,44
2718398101,0.44000000000000006,33
176092387,0.44000000000000006,50
3528048386,0.44000000000000006,42
569531098,0.44000000000000006,33
1337295874,0.44000000000000006,34
612016888,0.44000000000000006,32
232150720,0.44000000000000006,31
2324106676,0.44000000000000006,52
1658700540,0.44000000000000006,43
609942288,0.44000000000000006,40
3405943863,0.44000000000000006,71
2257503667,0.44000000000000006,33
4018327298,0.44000000000000006,24
2224437599,0.44000000000000006,48
168388230,0.44000000000000006,54
911875363,0.44000000000000006,38
3699796293,0.44000000000000006,46
3195154224,0.44000000000000006,37
3621210587,0.44000000000000006,19
1945778437,0.44000000000000006,31
2384190687,0.44000000000000006,36
3249086786,0.44000000000000006,48
439485575,0.44000000000000006,37
2217192537,0.44000000000000006,27
3412522237,0.44000000000000006,25
555567425,0.44000000000000006,27
3399977417,0.44000000000000006,39
2903099886,0.44000000000000006,43
151712926,0.44000000000000006,63
1207582415,0.44000000000000006,63
2486821540,0.44000000000000006,53
1259821421,0.44000000000000006,62
597594931,0.44000000000000006,37
2865206418,0.44000000000000006,46
3003750881,0.44000000000000006,37
3312495928,0.44000000000000006,37
3078168926,0.44000000000000006,39
1005097259,0.44000000000000006,30
1646080115,0.44000000000000006,40
2175304393,0.44000000000000006,29
3907648593,0.44000000000000006,30
1971688097,0.44000000000000006,31
268300483,0.44000000000000006,56
3139098279,0.44000000000000006,47
3174456534,0.44000000000000006,35
997026310,0.44000000000000006,48
4280428995,0.44000000000000006,70
345698675,0.44000000000000006,35
2296661869,0.44000000000000006,59
1808063307,0.44000000000000006,33
3884888703,0.44000000000000006,29
2494461129,0.44000000000000006,45
3862701690,0.44000000000000006,37
1989052338,0.44000000000000006,45
2910179760,0.44000000000000006,35
1983180500,0.44000000000000006,3
2796940620,0.44000000000000006,36
2835193311,0.44000000000000006,24
1671370085,0.44000000000000006,58
3953588250,0.44000000000000006,37
358542842,0.44000000000000006,51
3497188667,0.44000000000000006,39
253549709,0.44000000000000006,56
1953331372,0.44000000000000006,24
890775398,0.44000000000000006,45
642810498,0.44000000000000006,34
1233062494,0.44000000000000006,63
908446902,0.44000000000000006,34
3109591194,0.44000000000000006,28
2446198906,0.44000000000000006,33
3358664237,0.44000000000000006,49
896344283,0.44000000000000006,24
1869944201,0.44000000000000006,34
3190319407,0.44000000000000006,29
987968938,0.44000000000000006,50
48960437,0.44000000000000006,37
2405484524,0.44000000000000006,47
3763400334,0.44000000000000006,21
4209925572,0.44000000000000006,28
4172993659,0.44000000000000006,23
2147595062,0.44000000000000006,2
3425188374,0.44000000000000006,44
3309235867,0.44000000000000006,36
3869940862,0.44000000000000006,30
3445858407,0.44000000000000006,40
683688611,0.44000000000000006,51
3671515462,0.44000000000000006,45
3027130951,0.44000000000000006,27
3369736057,0.44000000000000006,35
1655287705,0.44000000000000006,31
3004971955,0.44000000000000006,33
1256815592,0.44000000000000006,32
267482411,0.44000000000000006,35
2210323869,0.44000000000000006,34
3218958405,0.44000000000000006,27
3163371865,0.44000000000000006,44
1394697297,0.44000000000000006,39
4178031102,0.44000000000000006,31
643453088,0.44000000000000006,53
3249835323,0.44000000000000006,34
349764347,0.44000000000000006,60
317791015,0.44000000000000006,46
4067508317,0.44000000000000006,43
2385507088,0.44000000000000006,52
1526028037,0.44000000000000006,44
297824171,0.44000000000000006,60
1353143832,0.44000000000000006,25
1739382006,0.44000000000000006,52
580680804,0.44000000000000006,82
2823014988,0.44000000000000006,41
3517474495,0.44000000000000006,37
1323262800,0.44000000000000006,29
975802718,0.44000000000000006,26
2199045525,0.44000000000000006,77
1193102617,0.44000000000000006,80
884894373,0.44000000000000006,55
3411013638,0.44000000000000006,36
805745625,0.44000000000000006,38
3780170430,0.44000000000000006,54
3127142703,0.44000000000000006,56
2145807442,0.44000000000000006,58
7356014,0.44000000000000006,62
1854214563,0.44000000000000006,38
3246756741,0.44000000000000006,40
4269520782,0.44000000000000006,51
3093880402,0.44000000000000006,46
721312908,0.44000000000000006,39
2185234596,0.44000000000000006,35
1811372632,0.44000000000000006,35
158871473,0.44000000000000006,35
3933942357,0.44000000000000006,47
2247311752,0.44000000000000006,39
2639539135,0.44000000000000006,40
588020478,0.44000000000000006,24
2481404281,0.44000000000000006,33
3605935409,0.44000000000000006,42
1724216363,0.44000000000000006,57
3705963873,0.44000000000000006,40
3077038052,0.44000000000000006,24
3012538924,0.44000000000000006,80
339579960,0.44000000000000006,39
3595527923,0.44000000000000006,20
863450078,0.44000000000000006,62
1293846983,0.44000000000000006,35
297175216,0.44000000000000006,26
1619853330,0.44000000000000006,39
1315304267,0.44000000000000006,32
3174143715,0.44000000000000006,44
1039824701,0.44000000000000006,37
721441559,0.44000000000000006,31
4105799406,0.44000000000000006,44
1633137197,0.44000000000000006,47
1521883525,0.44000000000000006,2
3988848284,0.44000000000000006,72
2356674901,0.44000000000000006,32
3622559309,0.44000000000000006,30
855568988,0.44000000000000006,27
2610361744,0.44000000000000006,29
3797455899,0.44000000000000006,75
3701701166,0.44000000000000006,35
1820757617,0.44000000000000006,31
3255375637,0.44000000000000006,35
1973362254,0.44000000000000006,25
817567550,0.44000000000000006,39
3034277235,0.44000000000000006,30
422340604,0.44000000000000006,46
2537213971,0.44000000000000006,30
2777209301,0.44000000000000006,32
3393578195,0.44000000000000006,35
968986378,0.44000000000000006,41
688328363,0.44000000000000006,60
4152859901,0.44000000000000006,59
1795468969,0.44000000000000006,97
2590496957,0.44000000000000006,39
3299187091,0.44000000000000006,60
1977285233,0.44000000000000006,30
2229299064,0.44000000000000006,22
621973311,0.44000000000000006,61
3137073118,0.44000000000000006,48
1722482046,0.44000000000000006,24
2843863878,0.44000000000000006,57
3220027874,0.44000000000000006,47
2854411774,0.44000000000000006,43
656915034,0.44000000000000006,46
3284494407,0.44000000000000006,31
1067328885,0.44000000000000006,43
2684470948,0.45999999999999996,48
4091952314,0.45999999999999996,35
233227757,0.45999999999999996,29
3276785861,0.45999999999999996,37
3644269654,0.45999999999999996,25
1206282609,0.45999999999999996,32
3543069911,0.45999999999999996,49
3479688010,0.45999999999999996,29
877132087,0.45999999999999996,28
1244265337,0.45999999999999996,26
2740186692,0.45999999999999996,28
3884972972,0.45999999999999996,39
829139639,0.45999999999999996,29
2545567356,0.45999999999999996,42
2718398101,0.45999999999999996,25
176092387,0.45999999999999996,45
3528048386,0.45999999999999996,39
569531098,0.45999999999999996,30
1337295874,0.45999999999999996,33
612016888,0.45999999999999996,32
232150720,0.45999999999999996,27
2324106676,0.45999999999999996,52
1658700540,0.45999999999999996,41
609942288,0.45999999999999996,40
3405943863,0.45999999999999996,57
2257503667,0.45999999999999996,30
4018327298,0.45999999999999996,24
2224437599,0.45999999999999996,47
168388230,0.45999999999999996,54
911875363,0.45999999999999996,38
3699796293,0.45999999999999996,36
3195154224,0.45999999999999996,26
3621210587,0.45999999999999996,19
1945778437,0.45999999999999996,31
2384190687,0.45999999999999996,28
3249086786,0.45999999999999996,37
439485575,0.45999999999999996,37
2217192537,0.45999999999999996,27
3412522237,0.45999999999999996,25
555567425,0.45999999999999996,27
3399977417,0.45999999999999996,38
2903099886,0.45999999999999996,43
151712926,0.45999999999999996,57
1207582415,0.45999999999999996,63
2486821540,0.45999999999999996,50
1259821421,0.45999999999999996,48
597594931,0.45999999999999996,37
2865206418,0.45999999999999996,45
3003750881,0.45999999999999996,29
3312495928,0.45999999999999996,37
3078168926,0.45999999999999996,36
1005097259,0.45999999999999996,29
1646080115,0.45999999999999996,40
2175304393,0.45999999999999996,29
3907648593,0.45999999999999996,30
1971688097,0.45999999999999996,31
268300483,0.45999999999999996,49
3139098279,0.45999999999999996,47
3174456534,0.45999999999999996,35
997026310,0.45999999999999996,47
4280428995,0.45999999999999996,57
345698675,0.45999999999999996,34
2296661869,0.45999999999999996,53
1808063307,0.45999999999999996,31
3884888703,0.45999999999999996,28
2494461129,0.45999999999999996,44
3862701690,0.45999999999999996,37
1989052338,0.45999999999999996,42
2910179760,0.45999999999999996,31
1983180500,0.45999999999999996,3
2796940620,0.45999999999999996,36
2835193311,0.45999999999999996,24
1671370085,0.45999999999999996,55
3953588250,0.45999999999999996,36
358542842,0.45999999999999996,51
3497188667,0.45999999999999996,39
253549709,0.45999999999999996,45
1953331372,0.45999999999999996,24
890775398,0.45999999999999996,38
642810498,0.45999999999999996,28
1233062494,0.45999999999999996,63
908446902,0.45999999999999996,34
3109591194,0.45999999999999996,25
2446198906,0.45999999999999996,33
3358664237,0.45999999999999996,49
896344283,0.45999999999999996,21
1869944201,0.45999999999999996,32
3190319407,0.45999999999999996,29
987968938,0.45999999999999996,45
48960437,0.45999999999999996,36
2405484524,0.45999999999999996,44
3763400334,0.45999999999999996,21
4209925572,0.45999999999999996,28
4172993659,0.45999999999999996,23
2147595062,0.45999999999999996,2
3425188374,0.45999999999999996,44
3309235867,0.45999999999999996,36
3869940862,0.45999999999999996,30
3445858407,0.45999999999999996,38
683688611,0.45999999999999996,39
3671515462,0.45999999999999996,41
3027130951,0.45999999999999996,27
3369736057,0.45999999999999996,29
1655287705,0.45999999999999996,31
3004971955,0.45999999999999996,31
1256815592,0.45999999999999996,32
267482411,0.45999999999999996,35
2210323869,0.45999999999999996,34
3218958405,0.45999999999999996,26
3163371865,0.45999999999999996,33
1394697297,0.45999999999999996,39
4178031102,0.45999999999999996,31
643453088,0.45999999999999996,51
3249835323,0.45999999999999996,34
349764347,0.45999999999999996,51
317791015,0.45999999999999996,44
4067508317,0.45999999999999996,30
2385507088,0.45999999999999996,51
1526028037,0.45999999999999996,44
297824171,0.45999999999999996,57
1353143832,0.45999999999999996,25
1739382006,0.45999999999999996,52
580680804,0.45999999999999996,81
2823014988,0.45999999999999996,41
3517474495,0.45999999999999996,37
1323262800,0.45999999999999996,29
975802718,0.45999999999999996,26
2199045525,0.45999999999999996,71
1193102617,0.45999999999999996,57
884894373,0.45999999999999996,52
3411013638,0.45999999999999996,36
805745625,0.45999999999999996,38
3780170430,0.45999999999999996,54
3127142703,0.45999999999999996,50
2145807442,0.45999999999999996,58
7356014,0.45999999999999996,50
1854214563,0.45999999999999996,38
3246756741,0.45999999999999996,34
4269520782,0.45999999999999996,45
3093880402,0.45999999999999996,44
721312908,0.45999999999999996,39
2185234596,0.45999999999999996,30
1811372632,0.45999999999999996,35
158871473,0.45999999999999996,34
3933942357,0.45999999999999996,38
2247311752,0.45999999999999996,29
2639539135,0.45999999999999996,33
588020478,0.45999999999999996,23
2481404281,0.45999999999999996,33
3605935409,0.45999999999999996,43
1724216363,0.45999999999999996,57
3705963873,0.45999999999999996,40
3077038052,0.45999999999999996,24
3012538924,0.45999999999999996,79
339579960,0.45999999999999996,36
3595527923,0.45999999999999996,20
863450078,0.45999999999999996,60
1293846983,0.45999999999999996,35
297175216,0.45999999999999996,26
1619853330,0.45999999999999996,34
1315304267,0.45999999999999996,30
3174143715,0.45999999999999996,44
1039824701,0.45999999999999996,34
721441559,0.45999999999999996,31
4105799406,0.45999999999999996,44
1633137197,0.45999999999999996,44
1521883525,0.45999999999999996,2
3988848284,0.45999999999999996,51
2356674901,0.45999999999999996,32
3622559309,0.45999999999999996,34
855568988,0.45999999999999996,27
2610361744,0.45999999999999996,26
3797455899,0.45999999999999996,75
3701701166,0.45999999999999996,34
1820757617,0.45999999999999996,28
3255375637,0.45999999999999996,27
1973362254,0.45999999999999996,23
817567550,0.45999999999999996,39
3034277235,0.45999999999999996,30
422340604,0.45999999999999996,38
2537213971,0.45999999999999996,30
2777209301,0.45999999999999996,31
3393578195,0.45999999999999996,35
968986378,0.45999999999999996,41
688328363,0.45999999999999996,44
4152859901,0.45999999999999996,59
1795468969,0.45999999999999996,82
2590496957,0.45999999999999996,39
3299187091,0.45999999999999996,60
1977285233,0.45999999999999996,22
2229299064,0.45999999999999996,21
621973311,0.45999999999999996,45
3137073118,0.45999999999999996,48
1722482046,0.45999999999999996,24
2843863878,0.45999999999999996,57
3220027874,0.45999999999999996,47
2854411774,0.45999999999999996,43
656915034,0.45999999999999996,45
3284494407,0.45999999999999996,29
1067328885,0.45999999999999996,43
2684470948,0.48,37
4091952314,0.48,28
233227757,0.48,29
3276785861,0.48,37
3644269654,0.48,22
1206282609,0.48,32
3543069911,0.48,47
3479688010,0.48,29
877132087,0.48,26
1244265337,0.48,26
2740186692,0.48,27
3884972972,0.48,36
829139639,0.48,25
2545567356,0.48,42
2718398101,0.48,24
176092387,0.48,44
3528048386,0.48,39
569531098,0.48,30
1337295874,0.48,33
612016888,0.48,22
232150720,0.48,27
2324106676,0.48,45
1658700540,0.48,41
609942288,0.48,35
3405943863,0.48,42
2257503667,0.48,29
4018327298,0.48,24
2224437599,0.48,43
168388230,0.48,50
911875363,0.48,38
3699796293,0.48,36
3195154224,0.48,26
3621210587,0.48,19
1945778437,0.48,25
2384190687,0.48,28
3249086786,0.48,37
439485575,0.48,37
2217192537,0.48,27
3412522237,0.48,25
555567425,0.48,24
3399977417,0.48,38
2903099886,0.48,34
151712926,0.48,56
1207582415,0.48,58
2486821540,0.48,49
1259821421,0.48,36
597594931,0.48,36
2865206418,0.48,41
3003750881,0.48,29
3312495928,0.48,36
3078168926,0.48,36
1005097259,0.48,26
1646080115,0.48,38
2175304393,0.48,29
3907648593,0.48,29
1971688097,0.48,28
268300483,0.48,49
3139098279,0.48,46
3174456534,0.48,35
997026310,0.48,42
4280428995,0.48,50
345698675,0.48,34
2296661869,0.48,53
1808063307,0.48,30
3884888703,0.48,28
2494461129,0.48,40
3862701690,0.48,37
1989052338,0.48,42
2910179760,0.48,31
1983180500,0.48,3
2796940620,0.48,31
2835193311,0.48,24
1671370085,0.48,51
3953588250,0.48,36
358542842,0.48,47
3497188667,0.48,32
253549709,0.48,38
1953331372,0.48,23
890775398,0.48,36
642810498,0.48,28
1233062494,0.48,45
908446902,0.48,29
3109591194,0.48,25
2446198906,0.48,33
3358664237,0.48,42
896344283,0.48,18
1869944201,0.48,32
3190319407,0.48,29
987968938,0.48,45
48960437,0.48,33
2405484524,0.48,43
3763400334,0.48,21
4209925572,0.48,28
4172993659,0.48,23
2147595062,0.48,2
3425188374,0.48,44
3309235867,0.48,34
3869940862,0.48,30
3445858407,0.48,38
683688611,0.48,38
3671515462,0.48,39
3027130951,0.48,26
3369736057,0.48,26
1655287705,0.48,30
3004971955,0.48,30
1256815592,0.48,26
267482411,0.48,35
2210323869,0.48,34
3218958405,0.48,26
3163371865,0.48,33
1394697297,0.48,39
4178031102,0.48,31
643453088,0.48,51
3249835323,0.48,32
349764347,0.48,51
317791015,0.48,42
4067508317,0.48,30
2385507088,0.48,50
1526028037,0.48,44
297824171,0.48,57
1353143832,0.48,25
1739382006,0.48,52
580680804,0.48,65
2823014988,0.48,38
3517474495,0.48,34
1323262800,0.48,26
975802718,0.48,24
2199045525,0.48,60
1193102617,0.48,56
884894373,0.48,45
3411013638,0.48,35
805745625,0.48,36
3780170430,0.48,49
3127142703,0.48,50
2145807442,0.48,58
7356014,0.48,48
1854214563,0.48,38
3246756741,0.48,32
4269520782,0.48,43
3093880402,0.48,37
721312908,0.48,39
2185234596,0.48,29
1811372632,0.48,33
158871473,0.48,29
3933942357,0.48,38
2247311752,0.48,29
2639539135,0.48,33
588020478,0.48,23
2481404281,0.48,33
3605935409,0.48,37
1724216363,0.48,47
3705963873,0.48,40
3077038052,0.48,24
3012538924,0.48,52
339579960,0.48,35
3595527923,0.48,21
863450078,0.48,42
1293846983,0.48,33
297175216,0.48,26
1619853330,0.48,26
1315304267,0.48,30
3174143715,0.48,44
1039824701,0.48,33
721441559,0.48,30
4105799406,0.48,43
1633137197,0.48,44
1521883525,0.48,2
3988848284,0.48,49
2356674901,0.48,32
3622559309,0.48,34
855568988,0.48,27
2610361744,0.48,23
3797455899,0.48,53
3701701166,0.48,33
1820757617,0.48,27
3255375637,0.48,23
1973362254,0.48,23
817567550,0.48,39
3034277235,0.48,30
422340604,0.48,28
2537213971,0.48,30
2777209301,0.48,31
3393578195,0.48,27
968986378,0.48,40
688328363,0.48,42
4152859901,0.48,46
1795468969,0.48,82
2590496957,0.48,39
3299187091,0.48,44
1977285233,0.48,22
2229299064,0.48,21
621973311,0.48,45
3137073118,0.48,48
1722482046,0.48,22
2843863878,0.48,40
3220027874,0.48,49
2854411774,0.48,41
656915034,0.48,45
3284494407,0.48,29
1067328885,0.48,42
2684470948,0.5,37
4091952314,0.5,28
233227757,0.5,26
3276785861,0.5,35
3644269654,0.5,22
1206282609,0.5,32
3543069911,0.5,36
3479688010,0.5,28
877132087,0.5,25
1244265337,0.5,26
2740186692,0.5,27
3884972972,0.5,36
829139639,0.5,25
2545567356,0.5,42
2718398101,0.5,24
176092387,0.5,33
3528048386,0.5,39
569531098,0.5,29
1337295874,0.5,33
612016888,0.5,17
232150720,0.5,23
2324106676,0.5,45
1658700540,0.5,41
609942288,0.5,35
3405943863,0.5,42
2257503667,0.5,24
4018327298,0.5,24
2224437599,0.5,35
168388230,0.5,48
911875363,0.5,38
3699796293,0.5,28
3195154224,0.5,20
3621210587,0.5,19
1945778437,0.5,25
2384190687,0.5,28
3249086786,0.5,37
439485575,0.5,37
2217192537,0.5,27
3412522237,0.5,25
555567425,0.5,24
3399977417,0.5,38
2903099886,0.5,34
151712926,0.5,50
1207582415,0.5,39
2486821540,0.5,46
1259821421,0.5,30
597594931,0.5,29
2865206418,0.5,41
3003750881,0.5,29
3312495928,0.5,32
3078168926,0.5,36
1005097259,0.5,26
1646080115,0.5,31
2175304393,0.5,29
3907648593,0.5,29
1971688097,0.5,25
268300483,0.5,49
3139098279,0.5,46
3174456534,0.5,35
997026310,0.5,42
4280428995,0.5,49
345698675,0.5,28
2296661869,0.5,53
1808063307,0.5,30
3884888703,0.5,26
2494461129,0.5,36
3862701690,0.5,35
1989052338,0.5,40
2910179760,0.5,31
1983180500,0.5,3
2796940620,0.5,31
2835193311,0.5,24
1671370085,0.5,46
3953588250,0.5,34
358542842,0.5,47
3497188667,0.5,32
253549709,0.5,36
1953331372,0.5,23
890775398,0.5,35
642810498,0.5,28
1233062494,0.5,42
908446902,0.5,28
3109591194,0.5,23
2446198906,0.5,29
3358664237,0.5,42
896344283,0.5,18
1869944201,0.5,32
3190319407,0.5,29
987968938,0.5,44
48960437,0.5,31
2405484524,0.5,41
3763400334,0.5,21
4209925572,0.5,27
4172993659,0.5,23
2147595062,0.5,2
3425188374,0.5,44
3309235867,0.5,34
3869940862,0.5,25
3445858407,0.5,37
683688611,0.5,38
3671515462,0.5,34
3027130951,0.5,26
3369736057,0.5,26
1655287705,0.5,30
3004971955,0.5,30
1256815592,0.5,26
267482411,0.5,35
2210323869,0.5,26
3218958405,0.5,26
3163371865,0.5,30
1394697297,0.5,39
4178031102,0.5,25
643453088,0.5,35
3249835323,0.5,29
349764347,0.5,51
317791015,0.5,42
4067508317,0.5,30
2385507088,0.5,50
1526028037,0.5,42
297824171,0.5,32
1353143832,0.5,25
1739382006,0.5,38
580680804,0.5,62
2823014988,0.5,38
3517474495,0.5,34
1323262800,0.5,26
975802718,0.5,24
2199045525,0.5,49
1193102617,0.5,56
884894373,0.5,37
3411013638,0.5,31
805745625,0.5,28
3780170430,0.5,49
3127142703,0.5,50
2145807442,0.5,54
7356014,0.5,29
1854214563,0.5,38
3246756741,0.5,32
4269520782,0.5,43
3093880402,0.5,37
721312908,0.5,39
2185234596,0.5,29
1811372632,0.5,31
158871473,0.5,29
3933942357,0.5,34
2247311752,0.5,25
2639539135,0.5,33
588020478,0.5,23
2481404281,0.5,30
3605935409,0.5,37
1724216363,0.5,46
3705963873,0.5,33
3077038052,0.5,24
3012538924,0.5,52
339579960,0.5,34
3595527923,0.5,21
863450078,0.5,42
1293846983,0.5,32
297175216,0.5,26
1619853330,0.5,26
1315304267,0.5,30
3174143715,0.5,44
1039824701,0.5,31
721441559,0.5,30
4105799406,0.5,37
1633137197,0.5,35
1521883525,0.5,2
3988848284,0.5,46
2356674901,0.5,28
3622559309,0.5,34
855568988,0.5,25
2610361744,0.5,20
3797455899,0.5,46
3701701166,0.5,33
1820757617,0.5,27
3255375637,0.5,23
1973362254,0.5,23
817567550,0.5,27
3034277235,0.5,28
422340604,0.5,32
2537213971,0.5,29
2777209301,0.5,28
3393578195,0.5,27
968986378,0.5,40
688328363,0.5,41
4152859901,0.5,46
1795468969,0.5,78
2590496957,0.5,39
3299187091,0.5,43
1977285233,0.5,22
2229299064,0.5,19
621973311,0.5,43
3137073118,0.5,48
1722482046,0.5,22
2843863878,0.5,40
3220027874,0.5,49
2854411774,0.5,29
656915034,0.5,45
3284494407,0.5,30
1067328885,0.5,37
