variant,seed,pipeline,lambda,lambda_role,F1_bp,F1_fm,ADD_bp,ADD_fm,n_detections,TP_bp,FP_bp,precision_bp,recall_bp,n_valid_drifts,e_pre_span,e_post,alarms_pre_change
abrupt_balanced,76953952,pht_arf_c1,8.0,grid,0.016025641025641024,0.016025641025641024,10.4,10.4,619,5,614,0.008077544426494346,1.0,5,0.4792677547419497,0.46393038056890507,108
abrupt_balanced,110020020,pht_arf_c1,8.0,grid,0.01639344262295082,0.01639344262295082,9.2,9.2,605,5,600,0.008264462809917356,1.0,5,0.4768416409351566,0.47598389401220936,101
abrupt_balanced,168388230,pht_arf_c1,8.0,grid,0.01564945226917058,0.01564945226917058,9.0,9.0,634,5,629,0.007886435331230283,1.0,5,0.49779444199382444,0.48250422132744514,110
abrupt_balanced,176092387,pht_arf_c1,8.0,grid,0.015600624024960999,0.015600624024960999,8.6,8.6,636,5,631,0.007861635220125786,1.0,5,0.4997794441993824,0.5023509546694376,107
abrupt_balanced,176623029,pht_arf_c1,8.0,grid,0.015772870662460567,0.015772870662460567,8.8,8.8,629,5,624,0.00794912559618442,1.0,5,0.48985443317159244,0.48021821015716326,113
abrupt_balanced,232150720,pht_arf_c1,8.0,grid,0.015923566878980888,0.015923566878980888,10.2,10.2,623,5,618,0.008025682182985553,1.0,5,0.49481693868548743,0.48585530588388104,108
abrupt_balanced,233227757,pht_arf_c1,8.0,grid,0.01607717041800643,0.01607717041800643,9.4,9.4,617,5,612,0.008103727714748784,1.0,5,0.4836788707543008,0.4695934536952851,114
abrupt_balanced,398083709,pht_arf_c1,8.0,grid,0.015197568389057753,0.015197568389057753,10.0,10.0,653,5,648,0.007656967840735069,1.0,5,0.5106969563299515,0.4972853617352903,116
abrupt_balanced,536987301,pht_arf_c1,8.0,grid,0.015698587127158554,0.015698587127158554,8.8,8.8,632,5,627,0.007911392405063292,1.0,5,0.5121305690339656,0.5114430445512405,109
abrupt_balanced,569531098,pht_arf_c1,8.0,grid,0.01631321370309951,0.01631321370309951,9.0,9.0,608,5,603,0.008223684210526315,1.0,5,0.5101455668284076,0.5008182880893622,108
abrupt_balanced,570914454,pht_arf_c1,8.0,grid,0.015408320493066254,0.015408320493066254,12.4,12.4,644,5,639,0.007763975155279503,1.0,5,0.4939347154830172,0.47988050396155346,115
abrupt_balanced,592703045,pht_arf_c1,8.0,grid,0.01567398119122257,0.01567398119122257,10.8,10.8,633,5,628,0.007898894154818325,1.0,5,0.4727613586237318,0.4686842447071048,108
abrupt_balanced,609942288,pht_arf_c1,8.0,grid,0.016025641025641024,0.016025641025641024,9.6,9.6,619,5,614,0.008077544426494346,1.0,5,0.47033524481693867,0.47865956617742567,105
abrupt_balanced,612016888,pht_arf_c1,8.0,grid,0.01582278481012658,0.01582278481012658,10.4,10.4,627,5,622,0.007974481658692184,1.0,5,0.4804808116453463,0.48655669567476295,105
abrupt_balanced,829139639,pht_arf_c1,8.0,grid,0.01564945226917058,0.01564945226917058,10.8,10.8,634,5,629,0.007886435331230283,1.0,5,0.45897662108513454,0.4529419405117548,107
abrupt_balanced,877132087,pht_arf_c1,8.0,grid,0.01612903225806452,0.01612903225806452,9.0,9.0,615,5,610,0.008130081300813009,1.0,5,0.4723202470224967,0.46432004156383944,103
abrupt_balanced,911875363,pht_arf_c1,8.0,grid,0.01610305958132045,0.01610305958132045,8.6,8.6,616,5,611,0.008116883116883116,1.0,5,0.46890163211292457,0.4829977919210287,101
abrupt_balanced,1129302214,pht_arf_c1,8.0,grid,0.01594896331738437,0.01594896331738437,12.6,12.6,622,5,617,0.008038585209003215,1.0,5,0.48709748566387295,0.4809455773477075,106
abrupt_balanced,1206282609,pht_arf_c1,8.0,grid,0.016233766233766236,0.016233766233766236,12.2,12.2,611,5,606,0.008183306055646482,1.0,5,0.5051830613145126,0.4943499155734511,103
abrupt_balanced,1244265337,pht_arf_c1,8.0,grid,0.016474464579901153,0.016474464579901153,10.4,10.4,602,5,597,0.008305647840531562,1.0,5,0.4599691221879135,0.45392908169892193,107
abrupt_balanced,1258460216,pht_arf_c1,8.0,grid,0.016420361247947456,0.016420361247947456,8.8,8.8,604,5,599,0.008278145695364239,1.0,5,0.4844508160564623,0.4830497467203533,103
abrupt_balanced,1332204363,pht_arf_c1,8.0,grid,0.015552099533437013,0.015552099533437013,8.6,8.6,638,5,633,0.007836990595611285,1.0,5,0.4693427437141597,0.46486556695674763,106
abrupt_balanced,1337295874,pht_arf_c1,8.0,grid,0.01579778830963665,0.01579778830963665,19.4,19.4,628,5,623,0.007961783439490446,1.0,5,0.49735333039258933,0.49024548642680865,113
abrupt_balanced,1380564739,pht_arf_c1,8.0,grid,0.015847860538827255,0.015847860538827255,8.6,8.6,626,5,621,0.007987220447284345,1.0,5,0.47904719894133213,0.4708403688790752,108
abrupt_balanced,1395586264,pht_arf_c1,8.0,grid,0.015923566878980888,0.015923566878980888,8.8,8.8,623,5,618,0.008025682182985553,1.0,5,0.46294662549625054,0.47403558903753734,103
abrupt_balanced,1496786007,pht_arf_c1,8.0,grid,0.01597444089456869,0.01597444089456869,11.0,11.0,621,5,616,0.008051529790660225,1.0,5,0.47364358182620203,0.4696454084946097,111
abrupt_balanced,1658700540,pht_arf_c1,8.0,grid,0.01564945226917058,0.01564945226917058,9.4,9.4,634,5,629,0.007886435331230283,1.0,5,0.4809219232465814,0.4703987530848162,113
abrupt_balanced,1737489325,pht_arf_c1,8.0,grid,0.01564945226917058,0.01564945226917058,9.4,9.4,634,5,629,0.007886435331230283,1.0,5,0.47606969563299517,0.46470970255877386,116
abrupt_balanced,1870843651,pht_arf_c1,8.0,grid,0.015552099533437013,0.015552099533437013,13.8,13.8,638,5,633,0.007836990595611285,1.0,5,0.489082487869431,0.4843745941031303,110
abrupt_balanced,1944468667,pht_arf_c1,8.0,grid,0.015923566878980888,0.015923566878980888,11.8,11.8,623,5,618,0.008025682182985553,1.0,5,0.4797088663431848,0.47432134043382257,105
abrupt_balanced,76953952,pht_arf_c1,15.0,grid,0.03278688524590164,0.03278688524590164,39.0,39.0,300,5,295,0.016666666666666666,1.0,5,0.40130127922364356,0.399558384205741,56
abrupt_balanced,110020020,pht_arf_c1,15.0,grid,0.03289473684210526,0.03289473684210526,52.8,52.8,299,5,294,0.016722408026755852,1.0,5,0.4117776797529775,0.40615664371996363,54
abrupt_balanced,168388230,pht_arf_c1,15.0,grid,0.032362459546925564,0.032362459546925564,111.2,111.2,304,5,299,0.01644736842105263,1.0,5,0.4332818703131892,0.4100532536693077,60
abrupt_balanced,176092387,pht_arf_c1,15.0,grid,0.030864197530864196,0.030864197530864196,45.6,45.6,319,5,314,0.01567398119122257,1.0,5,0.4074768416409352,0.4301337836082608,60
abrupt_balanced,176623029,pht_arf_c1,15.0,grid,0.03289473684210526,0.03289473684210526,29.0,29.0,299,5,294,0.016722408026755852,1.0,5,0.41850463167181295,0.39314196648915445,62
abrupt_balanced,232150720,pht_arf_c1,15.0,grid,0.03278688524590164,0.03278688524590164,38.2,38.2,300,5,295,0.016666666666666666,1.0,5,0.39799294221438025,0.42062605533186126,50
abrupt_balanced,233227757,pht_arf_c1,15.0,grid,0.03436426116838488,0.03436426116838488,76.6,76.6,286,5,281,0.017482517482517484,1.0,5,0.41762240846934273,0.399558384205741,57
abrupt_balanced,398083709,pht_arf_c1,15.0,grid,0.030030030030030033,0.030030030030030033,41.0,41.0,328,5,323,0.01524390243902439,1.0,5,0.4071460079400088,0.4243927782828939,58
abrupt_balanced,536987301,pht_arf_c1,15.0,grid,0.030030030030030033,0.030030030030030033,76.6,76.6,328,5,323,0.01524390243902439,1.0,5,0.4202690780767534,0.4322379529809066,60
abrupt_balanced,569531098,pht_arf_c1,15.0,grid,0.03278688524590164,0.03278688524590164,18.2,18.2,300,5,295,0.016666666666666666,1.0,5,0.4269960299955889,0.4319522015846214,55
abrupt_balanced,570914454,pht_arf_c1,15.0,grid,0.030120481927710843,0.030120481927710843,26.8,26.8,327,5,322,0.01529051987767584,1.0,5,0.42567269519188355,0.415560462397714,64
abrupt_balanced,592703045,pht_arf_c1,15.0,grid,0.03496503496503497,0.03496503496503497,29.6,29.6,281,5,276,0.017793594306049824,1.0,5,0.3762681958535509,0.39472658786855436,47
abrupt_balanced,609942288,pht_arf_c1,15.0,grid,0.03205128205128205,0.03205128205128205,66.4,66.4,307,5,302,0.016286644951140065,1.0,5,0.4057123952359947,0.4099233666709962,55
abrupt_balanced,612016888,pht_arf_c1,15.0,grid,0.03333333333333333,0.03333333333333333,79.4,79.4,295,5,290,0.01694915254237288,1.0,5,0.41034406704896337,0.4069359657098324,58
abrupt_balanced,829139639,pht_arf_c1,15.0,grid,0.034722222222222224,0.034722222222222224,70.4,70.4,283,5,278,0.0176678445229682,1.0,5,0.39292015880017644,0.38342641901545654,51
abrupt_balanced,877132087,pht_arf_c1,15.0,grid,0.03424657534246575,0.03424657534246575,74.2,74.2,287,5,282,0.017421602787456445,1.0,5,0.4047198941332157,0.3976620340303936,54
abrupt_balanced,911875363,pht_arf_c1,15.0,grid,0.03257328990228013,0.03257328990228013,38.6,38.6,302,5,297,0.016556291390728478,1.0,5,0.4108954565505073,0.4029874009611638,59
abrupt_balanced,1129302214,pht_arf_c1,15.0,grid,0.03215434083601287,0.03215434083601287,35.6,35.6,306,5,301,0.016339869281045753,1.0,5,0.3936921041023379,0.4156643719963632,47
abrupt_balanced,1206282609,pht_arf_c1,15.0,grid,0.03194888178913738,0.03194888178913738,27.8,27.8,308,5,303,0.016233766233766232,1.0,5,0.43063520070577854,0.41569034939602545,61
abrupt_balanced,1244265337,pht_arf_c1,15.0,grid,0.03773584905660378,0.03773584905660378,41.4,41.4,260,5,255,0.019230769230769232,1.0,5,0.39644905161005733,0.3829588258215353,51
abrupt_balanced,1258460216,pht_arf_c1,15.0,grid,0.03194888178913738,0.03194888178913738,53.6,53.6,308,5,303,0.016233766233766232,1.0,5,0.4316277018085576,0.4115079880503962,60
abrupt_balanced,1332204363,pht_arf_c1,15.0,grid,0.03278688524590164,0.03278688524590164,63.6,63.6,300,5,295,0.016666666666666666,1.0,5,0.4134318482576092,0.38960904013508246,61
abrupt_balanced,1337295874,pht_arf_c1,15.0,grid,0.03225806451612903,0.03225806451612903,88.6,88.6,305,5,300,0.01639344262295082,1.0,5,0.42920158800176444,0.41743083517339913,58
abrupt_balanced,1380564739,pht_arf_c1,15.0,grid,0.03333333333333333,0.03333333333333333,85.6,85.6,295,5,290,0.01694915254237288,1.0,5,0.3932509925011028,0.395843616054033,50
abrupt_balanced,1395586264,pht_arf_c1,15.0,grid,0.033003300330033,0.033003300330033,42.6,42.6,298,5,293,0.016778523489932886,1.0,5,0.3917071018967799,0.40563709572671774,48
abrupt_balanced,1496786007,pht_arf_c1,15.0,grid,0.031545741324921134,0.031545741324921134,26.2,26.2,312,5,307,0.016025641025641024,1.0,5,0.40736656374062635,0.3994284972074295,58
abrupt_balanced,1658700540,pht_arf_c1,15.0,grid,0.03194888178913738,0.03194888178913738,30.8,30.8,308,5,303,0.016233766233766232,1.0,5,0.40968239964711073,0.40563709572671774,59
abrupt_balanced,1737489325,pht_arf_c1,15.0,grid,0.03311258278145695,0.03311258278145695,20.2,20.2,297,5,292,0.016835016835016835,1.0,5,0.37681958535509485,0.3977659436290427,48
abrupt_balanced,1870843651,pht_arf_c1,15.0,grid,0.031055900621118012,0.031055900621118012,28.2,28.2,317,5,312,0.015772870662460567,1.0,5,0.4125496250551389,0.4124951292375633,57
abrupt_balanced,1944468667,pht_arf_c1,15.0,grid,0.036231884057971016,0.036231884057971016,28.2,28.2,271,5,266,0.01845018450184502,1.0,5,0.4007498897220997,0.3987011300168853,48
abrupt_balanced,76953952,pht_arf_c1,21.0,grid,0.0546448087431694,0.0546448087431694,49.6,49.6,178,5,173,0.028089887640449437,1.0,5,0.3516762240846934,0.3580464995453955,31
abrupt_balanced,110020020,pht_arf_c1,21.0,grid,0.05291005291005291,0.05291005291005291,41.2,41.2,184,5,179,0.02717391304347826,1.0,5,0.33447287163652406,0.37212625016235873,28
abrupt_balanced,168388230,pht_arf_c1,21.0,grid,0.05714285714285715,0.05714285714285715,153.0,153.0,170,5,165,0.029411764705882353,1.0,5,0.36127040141155714,0.36415118846603456,29
abrupt_balanced,176092387,pht_arf_c1,21.0,grid,0.04739336492890995,0.04739336492890995,30.8,30.8,206,5,201,0.024271844660194174,1.0,5,0.3668945743273048,0.39314196648915445,35
abrupt_balanced,176623029,pht_arf_c1,21.0,grid,0.04739336492890995,0.04739336492890995,44.2,44.2,206,5,201,0.024271844660194174,1.0,5,0.38531098367887073,0.36874918820626057,43
abrupt_balanced,232150720,pht_arf_c1,21.0,grid,0.04878048780487806,0.04878048780487806,70.8,70.8,200,5,195,0.025,1.0,5,0.38134097926775473,0.38755682556176124,37
abrupt_balanced,233227757,pht_arf_c1,21.0,grid,0.0505050505050505,0.0505050505050505,63.8,63.8,193,5,188,0.025906735751295335,1.0,5,0.38586237318041466,0.3794518768671256,40
abrupt_balanced,398083709,pht_arf_c1,21.0,grid,0.04807692307692307,0.04807692307692307,212.8,212.8,203,5,198,0.024630541871921183,1.0,5,0.36921041023378914,0.3844655150019483,36
abrupt_balanced,536987301,pht_arf_c1,21.0,grid,0.04694835680751174,0.04694835680751174,125.4,125.4,208,5,203,0.02403846153846154,1.0,5,0.3808998676665196,0.3895830627354202,40
abrupt_balanced,569531098,pht_arf_c1,21.0,grid,0.04926108374384236,0.04926108374384236,81.0,81.0,198,5,193,0.025252525252525252,1.0,5,0.37284958094397885,0.39171320950772825,34
abrupt_balanced,570914454,pht_arf_c1,21.0,grid,0.05102040816326531,0.05102040816326531,25.8,25.8,191,5,186,0.02617801047120419,1.0,5,0.3534406704896339,0.37560722171710614,32
abrupt_balanced,592703045,pht_arf_c1,21.0,grid,0.054945054945054944,0.054945054945054944,217.4,217.4,177,5,172,0.02824858757062147,1.0,5,0.3563078958976621,0.3617093128977789,32
abrupt_balanced,609942288,pht_arf_c1,21.0,grid,0.050761421319796954,0.050761421319796954,64.6,64.6,192,5,187,0.026041666666666668,1.0,5,0.3472651080723423,0.3747759449279127,28
abrupt_balanced,612016888,pht_arf_c1,21.0,grid,0.05291005291005291,0.05291005291005291,105.2,105.2,184,5,179,0.02717391304347826,1.0,5,0.37064402293780324,0.3748278997272373,32
abrupt_balanced,829139639,pht_arf_c1,21.0,grid,0.062111801242236024,0.062111801242236024,86.6,86.6,156,5,151,0.03205128205128205,1.0,5,0.34263343625937365,0.3488764774646058,26
abrupt_balanced,877132087,pht_arf_c1,21.0,grid,0.06060606060606061,0.06060606060606061,33.2,33.2,160,5,155,0.03125,1.0,5,0.3681076312307014,0.35918950513053644,31
abrupt_balanced,911875363,pht_arf_c1,21.0,grid,0.050761421319796954,0.050761421319796954,251.4,251.4,192,5,187,0.026041666666666668,1.0,5,0.36171151301279225,0.36573580984543447,36
abrupt_balanced,1129302214,pht_arf_c1,21.0,grid,0.04975124378109453,0.04975124378109453,53.0,53.0,196,5,191,0.025510204081632654,1.0,5,0.3769298632554036,0.37365891674243407,34
abrupt_balanced,1206282609,pht_arf_c1,21.0,grid,0.04950495049504951,0.04950495049504951,86.0,86.0,197,5,192,0.025380710659898477,1.0,5,0.3942434936038818,0.38210157163267955,39
abrupt_balanced,1244265337,pht_arf_c1,21.0,grid,0.06060606060606061,0.06060606060606061,69.8,69.8,160,5,155,0.03125,1.0,5,0.3582928981032201,0.3557085335757891,31
abrupt_balanced,1258460216,pht_arf_c1,21.0,grid,0.05181347150259067,0.05181347150259067,81.4,81.4,188,5,183,0.026595744680851064,1.0,5,0.3695412439347155,0.3701000129886998,35
abrupt_balanced,1332204363,pht_arf_c1,21.0,grid,0.05952380952380952,0.05952380952380952,89.4,89.4,163,5,158,0.03067484662576687,1.0,5,0.3393250992501103,0.3551630081828809,25
abrupt_balanced,1337295874,pht_arf_c1,21.0,grid,0.04784688995215312,0.04784688995215312,29.4,29.4,204,5,199,0.024509803921568627,1.0,5,0.3825540361711513,0.38456942460059745,37
abrupt_balanced,1380564739,pht_arf_c1,21.0,grid,0.056179775280898875,0.056179775280898875,86.4,86.4,173,5,168,0.028901734104046242,1.0,5,0.34902955447728273,0.3635277308741395,28
abrupt_balanced,1395586264,pht_arf_c1,21.0,grid,0.04926108374384236,0.04926108374384236,57.2,57.2,198,5,193,0.025252525252525252,1.0,5,0.35244816938685486,0.3756591765164307,29
abrupt_balanced,1496786007,pht_arf_c1,21.0,grid,0.05235602094240838,0.05235602094240838,254.0,254.0,186,5,181,0.026881720430107527,1.0,5,0.37891486546096165,0.3635796856734641,39
abrupt_balanced,1658700540,pht_arf_c1,21.0,grid,0.05347593582887701,0.05347593582887701,94.0,94.0,182,5,177,0.027472527472527472,1.0,5,0.37284958094397885,0.361007923106897,36
abrupt_balanced,1737489325,pht_arf_c1,21.0,grid,0.05181347150259067,0.05181347150259067,93.4,93.4,188,5,183,0.026595744680851064,1.0,5,0.32774591971768857,0.36412521106637225,23
abrupt_balanced,1870843651,pht_arf_c1,21.0,grid,0.0505050505050505,0.0505050505050505,261.2,261.2,193,5,188,0.025906735751295335,1.0,5,0.37737097485663873,0.37119106377451616,37
abrupt_balanced,1944468667,pht_arf_c1,21.0,grid,0.05319148936170212,0.05319148936170212,48.0,48.0,183,5,178,0.0273224043715847,1.0,5,0.36380679311865904,0.3669307702299,32
abrupt_balanced,1337295874,pht_arf_c1,26.437890619,lambda_ref,0.06535947712418301,0.06535947712418301,194.6,194.6,148,5,143,0.033783783783783786,1.0,5,0.3537715041905602,0.3619690868944019,23
abrupt_balanced,1206282609,pht_arf_c1,29.837929398,lambda_ref,0.08064516129032258,0.08064516129032258,276.8,276.8,119,5,114,0.04201680672268908,1.0,5,0.32543008381120425,0.34809715547473696,19
abrupt_balanced,76953952,pht_arf_c1,30.0,grid,0.09615384615384615,0.09615384615384615,264.0,264.0,99,5,94,0.050505050505050504,1.0,5,0.33337009263343625,0.32783478373814784,19
abrupt_balanced,110020020,pht_arf_c1,30.0,grid,0.10416666666666666,0.10416666666666666,374.2,374.2,91,5,86,0.054945054945054944,1.0,5,0.30403617115130127,0.334484998051695,11
abrupt_balanced,168388230,pht_arf_c1,30.0,grid,0.0909090909090909,0.0909090909090909,343.2,343.2,105,5,100,0.047619047619047616,1.0,5,0.32134980149977943,0.3337576308611508,15
abrupt_balanced,176092387,pht_arf_c1,30.0,grid,0.07692307692307693,0.07692307692307693,118.6,118.6,125,5,120,0.04,1.0,5,0.3030436700485223,0.36002078191972986,15
abrupt_balanced,176623029,pht_arf_c1,30.0,grid,0.0813008130081301,0.0813008130081301,188.8,188.8,118,5,113,0.0423728813559322,1.0,5,0.326532862814292,0.34147291856085205,18
abrupt_balanced,232150720,pht_arf_c1,30.0,grid,0.0813008130081301,0.0813008130081301,77.2,77.2,118,5,113,0.0423728813559322,1.0,5,0.3313850904278782,0.35326665800753343,18
abrupt_balanced,233227757,pht_arf_c1,30.0,grid,0.09174311926605505,0.09174311926605505,288.4,288.4,104,5,99,0.04807692307692308,1.0,5,0.33987648875165416,0.34588907650344203,20
abrupt_balanced,398083709,pht_arf_c1,30.0,grid,0.07751937984496124,0.07751937984496124,152.2,152.2,124,5,119,0.04032258064516129,1.0,5,0.31892368769298635,0.34978568645278607,17
abrupt_balanced,536987301,pht_arf_c1,30.0,grid,0.07092198581560283,0.07092198581560283,78.4,78.4,136,5,131,0.03676470588235294,1.0,5,0.33734009704455226,0.3639693466683985,21
abrupt_balanced,569531098,pht_arf_c1,30.0,grid,0.08695652173913045,0.08695652173913045,110.0,110.0,110,5,105,0.045454545454545456,1.0,5,0.32851786501985003,0.36105987790622157,15
abrupt_balanced,570914454,pht_arf_c1,30.0,grid,0.08196721311475409,0.08196721311475409,120.8,120.8,117,5,112,0.042735042735042736,1.0,5,0.33392148213498013,0.34227821795038316,21
abrupt_balanced,592703045,pht_arf_c1,30.0,grid,0.08620689655172413,0.08620689655172413,112.0,112.0,111,5,106,0.04504504504504504,1.0,5,0.33943537715041905,0.3352902974412261,20
abrupt_balanced,609942288,pht_arf_c1,30.0,grid,0.08333333333333333,0.08333333333333333,279.8,279.8,115,5,110,0.043478260869565216,1.0,5,0.3361270401411557,0.34165476035848813,20
abrupt_balanced,612016888,pht_arf_c1,30.0,grid,0.08264462809917356,0.08264462809917356,209.8,209.8,116,5,111,0.04310344827586207,1.0,5,0.3392148213498015,0.3415248733601767,22
abrupt_balanced,829139639,pht_arf_c1,30.0,grid,0.10101010101010102,0.10101010101010102,205.6,205.6,94,5,89,0.05319148936170213,1.0,5,0.30712395235994705,0.32801662553578387,12
abrupt_balanced,877132087,pht_arf_c1,30.0,grid,0.0980392156862745,0.0980392156862745,116.8,116.8,97,5,92,0.05154639175257732,1.0,5,0.2898103220114689,0.3430055851409274,7
abrupt_balanced,911875363,pht_arf_c1,30.0,grid,0.07874015748031496,0.07874015748031496,109.4,109.4,122,5,117,0.040983606557377046,1.0,5,0.3372298191442435,0.33645928042602935,22
abrupt_balanced,1129302214,pht_arf_c1,30.0,grid,0.08547008547008547,0.08547008547008547,364.4,364.4,112,5,107,0.044642857142857144,1.0,5,0.32432730480811645,0.3464605792960125,17
abrupt_balanced,1206282609,pht_arf_c1,30.0,grid,0.07936507936507936,0.07936507936507936,295.6,295.6,121,5,116,0.04132231404958678,1.0,5,0.3227834142037936,0.34947395765683853,15
abrupt_balanced,1244265337,pht_arf_c1,30.0,grid,0.09708737864077671,0.09708737864077671,407.2,407.2,98,5,93,0.05102040816326531,1.0,5,0.311645346272607,0.3323548512793869,12
abrupt_balanced,1258460216,pht_arf_c1,30.0,grid,0.08771929824561404,0.08771929824561404,241.4,241.4,109,5,104,0.045871559633027525,1.0,5,0.3223423026025585,0.33653721262501624,17
abrupt_balanced,1332204363,pht_arf_c1,30.0,grid,0.10526315789473684,0.10526315789473684,361.8,361.8,90,5,85,0.05555555555555555,1.0,5,0.3209086898985443,0.3248993375763086,16
abrupt_balanced,1337295874,pht_arf_c1,30.0,grid,0.07936507936507936,0.07936507936507936,164.8,164.8,121,5,116,0.04132231404958678,1.0,5,0.3514556682840759,0.3437849071307962,24
abrupt_balanced,1380564739,pht_arf_c1,30.0,grid,0.08196721311475409,0.08196721311475409,312.4,312.4,117,5,112,0.042735042735042736,1.0,5,0.32057785619761797,0.3440966359267437,17
abrupt_balanced,1395586264,pht_arf_c1,30.0,grid,0.09708737864077671,0.09708737864077671,128.6,128.6,98,5,93,0.05102040816326531,1.0,5,0.2995147772386414,0.33669307702299,12
abrupt_balanced,1496786007,pht_arf_c1,30.0,grid,0.08695652173913045,0.08695652173913045,78.0,78.0,110,5,105,0.045454545454545456,1.0,5,0.34362593736215263,0.3304844785037018,21
abrupt_balanced,1658700540,pht_arf_c1,30.0,grid,0.09174311926605505,0.09174311926605505,104.0,104.0,104,5,99,0.04807692307692308,1.0,5,0.3244375827084252,0.3350045460449409,17
abrupt_balanced,1737489325,pht_arf_c1,30.0,grid,0.08849557522123894,0.08849557522123894,42.6,42.6,108,5,103,0.046296296296296294,1.0,5,0.3120864578738421,0.33471879464865567,17
abrupt_balanced,1870843651,pht_arf_c1,30.0,grid,0.0847457627118644,0.0847457627118644,58.8,58.8,113,5,108,0.04424778761061947,1.0,5,0.3130789589766211,0.34565527990648137,13
abrupt_balanced,1944468667,pht_arf_c1,30.0,grid,0.08403361344537816,0.08403361344537816,256.6,256.6,114,5,109,0.043859649122807015,1.0,5,0.34594177326863695,0.33999220678010134,20
abrupt_balanced,911875363,pht_arf_c1,31.049231321,lambda_ref,0.08064516129032258,0.08064516129032258,135.8,135.8,119,5,114,0.04201680672268908,1.0,5,0.333480370533745,0.33947265878685545,20
abrupt_balanced,536987301,pht_arf_c1,32.703134626,lambda_ref,0.0909090909090909,0.0909090909090909,113.0,113.0,105,5,100,0.047619047619047616,1.0,5,0.33480370533745035,0.33934277178854394,18
abrupt_balanced,233227757,pht_arf_c1,33.166332841,lambda_ref,0.10526315789473684,0.10526315789473684,293.2,293.2,90,5,85,0.05555555555555555,1.0,5,0.32785619761799734,0.3350045460449409,15
abrupt_balanced,1258460216,pht_arf_c1,33.634795517,lambda_ref,0.1,0.1,146.2,146.2,95,5,90,0.05263157894736842,1.0,5,0.3234450816056462,0.3342252240550721,18
abrupt_balanced,1380564739,pht_arf_c1,34.706648707,lambda_ref,0.11627906976744184,0.11627906976744184,321.8,321.8,81,5,76,0.06172839506172839,1.0,5,0.3016100573445082,0.32386024158981686,11
abrupt_balanced,1870843651,pht_arf_c1,40.286010772,lambda_ref,0.13698630136986303,0.13698630136986303,247.4,247.4,68,5,63,0.07352941176470588,1.0,5,0.2984119982355536,0.3144824003117288,9
abrupt_balanced,398083709,pht_arf_c1,40.667327285,lambda_ref,0.11904761904761907,0.11904761904761907,112.8,112.8,79,5,74,0.06329113924050633,1.0,5,0.30822673136303486,0.3229250552019743,13
abrupt_balanced,1658700540,pht_arf_c1,41.622960806,lambda_eq_span,0.14705882352941177,0.14705882352941177,287.6,287.6,63,5,58,0.07936507936507936,1.0,5,0.2616894574327305,0.32095077282763995,1
abrupt_balanced,1129302214,pht_arf_c1,41.855429888,lambda_ref,0.14492753623188406,0.14492753623188406,411.6,411.6,64,5,59,0.078125,1.0,5,0.29863255403617117,0.3190804000519548,8
abrupt_balanced,176092387,pht_arf_c1,42.552108437,lambda_ref,0.125,0.125,152.8,152.8,75,5,70,0.06666666666666667,1.0,5,0.28352448169386857,0.3354461618391999,8
abrupt_balanced,110020020,pht_arf_c1,42.743487954,lambda_eq_span,0.17857142857142855,0.17857142857142855,438.0,438.0,51,5,46,0.09803921568627451,1.0,5,0.2616894574327305,0.31346928172489935,1
abrupt_balanced,592703045,pht_arf_c1,43.371133655,lambda_eq_span,0.16666666666666669,0.16666666666666669,105.8,105.8,55,5,50,0.09090909090909091,1.0,5,0.2674239082487869,0.31778153006884013,1
abrupt_balanced,76953952,pht_arf_c1,45.0,grid,0.19607843137254902,0.19607843137254902,397.0,397.0,46,5,41,0.10869565217391304,1.0,5,0.27845169827966476,0.30437719184309653,3
abrupt_balanced,110020020,pht_arf_c1,45.0,grid,0.17543859649122806,0.17543859649122806,326.6,326.6,52,5,47,0.09615384615384616,1.0,5,0.2616894574327305,0.3166645018833615,1
abrupt_balanced,168388230,pht_arf_c1,45.0,grid,0.15625,0.15625,109.2,109.2,59,5,54,0.0847457627118644,1.0,5,0.2958756065284517,0.3119625925444863,8
abrupt_balanced,176092387,pht_arf_c1,45.0,grid,0.1492537313432836,0.1492537313432836,98.2,98.2,62,5,57,0.08064516129032258,1.0,5,0.27734891927657696,0.32765294194051175,5
abrupt_balanced,176623029,pht_arf_c1,45.0,grid,0.14492753623188406,0.14492753623188406,376.0,376.0,64,5,59,0.078125,1.0,5,0.30734450816056463,0.30887128198467334,11
abrupt_balanced,232150720,pht_arf_c1,45.0,grid,0.15873015873015872,0.15873015873015872,134.8,134.8,58,5,53,0.08620689655172414,1.0,5,0.26940891045434495,0.32723730354591507,3
abrupt_balanced,233227757,pht_arf_c1,45.0,grid,0.15384615384615385,0.15384615384615385,144.4,144.4,60,5,55,0.08333333333333333,1.0,5,0.31473312748125276,0.3153656319002468,12
abrupt_balanced,398083709,pht_arf_c1,45.0,grid,0.13888888888888887,0.13888888888888887,189.8,189.8,67,5,62,0.07462686567164178,1.0,5,0.29124393471548304,0.3174698012728926,10
abrupt_balanced,536987301,pht_arf_c1,45.0,grid,0.14084507042253522,0.14084507042253522,371.8,371.8,66,5,61,0.07575757575757576,1.0,5,0.3053595059550066,0.31328743992726327,9
abrupt_balanced,569531098,pht_arf_c1,45.0,grid,0.19607843137254902,0.19607843137254902,326.2,326.2,46,5,41,0.10869565217391304,1.0,5,0.2839655932951037,0.306273542018444,4
abrupt_balanced,570914454,pht_arf_c1,45.0,grid,0.14285714285714288,0.14285714285714288,279.6,279.6,65,5,60,0.07692307692307693,1.0,5,0.3011689457432731,0.322015846213794,9
abrupt_balanced,592703045,pht_arf_c1,45.0,grid,0.18867924528301885,0.18867924528301885,142.2,142.2,48,5,43,0.10416666666666667,1.0,5,0.2674239082487869,0.3125340953370568,1
abrupt_balanced,609942288,pht_arf_c1,45.0,grid,0.13888888888888887,0.13888888888888887,443.2,443.2,67,5,62,0.07462686567164178,1.0,5,0.29775033083370095,0.3149240161059878,11
abrupt_balanced,612016888,pht_arf_c1,45.0,grid,0.1515151515151515,0.1515151515151515,367.2,367.2,61,5,56,0.08196721311475409,1.0,5,0.27635641817379797,0.32058708923236784,5
abrupt_balanced,829139639,pht_arf_c1,45.0,grid,0.17857142857142855,0.17857142857142855,77.0,77.0,51,5,46,0.09803921568627451,1.0,5,0.2911336568151742,0.2986881413170542,9
abrupt_balanced,877132087,pht_arf_c1,45.0,grid,0.2222222222222222,0.2222222222222222,442.0,442.0,40,5,35,0.125,1.0,5,0.2640052933392148,0.30596181322249644,2
abrupt_balanced,911875363,pht_arf_c1,45.0,grid,0.14492753623188406,0.14492753623188406,409.2,409.2,64,5,59,0.078125,1.0,5,0.2998456109395677,0.3153656319002468,7
abrupt_balanced,1129302214,pht_arf_c1,45.0,grid,0.15873015873015872,0.15873015873015872,466.2,466.2,58,5,53,0.08620689655172414,1.0,5,0.29521393912659905,0.3207949084296662,8
abrupt_balanced,1206282609,pht_arf_c1,45.0,grid,0.1694915254237288,0.1694915254237288,131.2,131.2,54,5,49,0.09259259259259259,1.0,5,0.2848478164975739,0.31185868294583713,6
abrupt_balanced,1244265337,pht_arf_c1,45.0,grid,0.1923076923076923,0.1923076923076923,253.4,253.4,47,5,42,0.10638297872340426,1.0,5,0.3009483899426555,0.30453305624107024,7
abrupt_balanced,1258460216,pht_arf_c1,45.0,grid,0.1639344262295082,0.1639344262295082,128.8,128.8,56,5,51,0.08928571428571429,1.0,5,0.27657697397441555,0.3136771009221977,4
abrupt_balanced,1332204363,pht_arf_c1,45.0,grid,0.15384615384615385,0.15384615384615385,67.0,67.0,60,5,55,0.08333333333333333,1.0,5,0.2974194971327746,0.31679438888167294,7
abrupt_balanced,1337295874,pht_arf_c1,45.0,grid,0.14705882352941177,0.14705882352941177,422.0,422.0,63,5,58,0.07936507936507936,1.0,5,0.30271283634759594,0.3153396545005845,8
abrupt_balanced,1380564739,pht_arf_c1,45.0,grid,0.16129032258064516,0.16129032258064516,98.0,98.0,57,5,52,0.08771929824561403,1.0,5,0.2923467137185708,0.31300168853097804,9
abrupt_balanced,1395586264,pht_arf_c1,45.0,grid,0.1923076923076923,0.1923076923076923,103.8,103.8,47,5,42,0.10638297872340426,1.0,5,0.27503308337009263,0.3063514742174308,4
abrupt_balanced,1496786007,pht_arf_c1,45.0,grid,0.1694915254237288,0.1694915254237288,458.2,458.2,54,5,49,0.09259259259259259,1.0,5,0.307675341861491,0.3022470450707884,7
abrupt_balanced,1658700540,pht_arf_c1,45.0,grid,0.20408163265306123,0.20408163265306123,110.6,110.6,44,5,39,0.11363636363636363,1.0,5,0.2616894574327305,0.30507858163397844,1
abrupt_balanced,1737489325,pht_arf_c1,45.0,grid,0.1724137931034483,0.1724137931034483,270.0,270.0,53,5,48,0.09433962264150944,1.0,5,0.2954344949272166,0.30640342901675544,8
abrupt_balanced,1870843651,pht_arf_c1,45.0,grid,0.15873015873015872,0.15873015873015872,540.0,540.0,58,5,53,0.08620689655172414,1.0,5,0.30403617115130127,0.30718275100662423,10
abrupt_balanced,1944468667,pht_arf_c1,45.0,grid,0.16129032258064516,0.16129032258064516,110.0,110.0,57,5,52,0.08771929824561403,1.0,5,0.30458756065284515,0.31178075074685024,8
abrupt_balanced,877132087,pht_arf_c1,47.05643484,lambda_ref,0.22727272727272727,0.22727272727272727,96.4,96.4,39,5,34,0.1282051282051282,1.0,5,0.26334362593736216,0.310170151967788,2
abrupt_balanced,1244265337,pht_arf_c1,47.354501486,lambda_ref,0.1851851851851852,0.1851851851851852,196.0,196.0,49,5,44,0.10204081632653061,1.0,5,0.28804587560652845,0.30536433303026367,5
abrupt_balanced,1496786007,pht_arf_c1,47.510799468,lambda_ref,0.17543859649122806,0.17543859649122806,111.8,111.8,52,5,47,0.09615384615384616,1.0,5,0.2953242170269078,0.30541628782958824,5
abrupt_balanced,609942288,pht_arf_c1,47.956033081,lambda_ref,0.2222222222222222,0.2222222222222222,168.4,168.4,40,5,35,0.125,1.0,5,0.28550948389942654,0.28990778023119884,7
abrupt_balanced,176623029,pht_arf_c1,48.118011922,lambda_ref,0.17543859649122806,0.17543859649122806,438.8,438.8,52,5,47,0.09615384615384616,1.0,5,0.29775033083370095,0.2982465255227952,10
abrupt_balanced,76953952,pht_arf_c1,49.492021382,lambda_eq_span,0.2631578947368421,0.2631578947368421,192.4,192.4,33,5,28,0.15151515151515152,1.0,5,0.2642258491398324,0.2921937914014807,1
abrupt_balanced,1332204363,pht_arf_c1,49.765193373,lambda_ref,0.18867924528301885,0.18867924528301885,247.8,247.8,48,5,43,0.10416666666666667,1.0,5,0.3058006175562417,0.30094817508767374,8
abrupt_balanced,829139639,pht_arf_c1,49.824098825,lambda_ref,0.21276595744680848,0.21276595744680848,426.2,426.2,42,5,37,0.11904761904761904,1.0,5,0.2820908689898544,0.29951941810624755,6
abrupt_balanced,168388230,pht_arf_c1,50.977908075,lambda_ref,0.17543859649122806,0.17543859649122806,122.2,122.2,52,5,47,0.09615384615384616,1.0,5,0.2893692104102338,0.31048188076373556,5
abrupt_balanced,570914454,pht_arf_c1,51.913970888,lambda_ref,0.1724137931034483,0.1724137931034483,213.0,213.0,53,5,48,0.09433962264150944,1.0,5,0.3032642258491398,0.30923496557994545,10
abrupt_balanced,877132087,pht_arf_c1,52.053568333,lambda_eq_span,0.2222222222222222,0.2222222222222222,222.0,222.0,40,5,35,0.125,1.0,5,0.2604764005293339,0.3157033380958566,1
abrupt_balanced,1658700540,pht_arf_c1,52.098018825,lambda_ref,0.26666666666666666,0.26666666666666666,198.75,198.75,25,4,21,0.16,0.8,5,0.2616894574327305,0.28320561111832704,1
abrupt_balanced,76953952,pht_arf_c1,52.190890461,lambda_ref,0.25,0.25,181.4,181.4,35,5,30,0.14285714285714285,1.0,5,0.2642258491398324,0.29037537342512015,1
abrupt_balanced,1737489325,pht_arf_c1,52.304135859,lambda_ref,0.21739130434782605,0.21739130434782605,440.0,440.0,41,5,36,0.12195121951219512,1.0,5,0.26455668284075873,0.2944018703727757,4
abrupt_balanced,232150720,pht_arf_c1,52.74584496,lambda_ref,0.2222222222222222,0.2222222222222222,544.6,544.6,40,5,35,0.125,1.0,5,0.2672033524481694,0.3060917002208079,2
abrupt_balanced,612016888,pht_arf_c1,52.970714778,lambda_ref,0.20408163265306123,0.20408163265306123,119.4,119.4,44,5,39,0.11363636363636363,1.0,5,0.2560652845169828,0.31250811793739447,2
abrupt_balanced,1337295874,pht_arf_c1,55.733188659,lambda_eq_span,0.2222222222222222,0.2222222222222222,512.4,512.4,40,5,35,0.125,1.0,5,0.2669827966475518,0.30580594882452267,1
abrupt_balanced,612016888,pht_arf_c1,55.936108351,lambda_eq_span,0.25641025641025644,0.25641025641025644,159.2,159.2,34,5,29,0.14705882352941177,1.0,5,0.25220555800617556,0.3003766722951033,1
abrupt_balanced,176092387,pht_arf_c1,56.388569444,lambda_eq_span,0.23255813953488372,0.23255813953488372,461.8,461.8,38,5,33,0.13157894736842105,1.0,5,0.2574988972209969,0.3024808416677491,1
abrupt_balanced,592703045,pht_arf_c1,56.815585643,lambda_ref,0.2702702702702703,0.2702702702702703,162.6,162.6,32,5,27,0.15625,1.0,5,0.2674239082487869,0.2972074295363034,1
abrupt_balanced,232150720,pht_arf_c1,56.858623356,lambda_eq_span,0.24390243902439027,0.24390243902439027,630.4,630.4,36,5,31,0.1388888888888889,1.0,5,0.26268195853550946,0.30791011819716846,1
abrupt_balanced,609942288,pht_arf_c1,57.352382213,lambda_eq_span,0.2285714285714286,0.2285714285714286,171.5,171.5,30,4,26,0.13333333333333333,0.8,5,0.24867666519629467,0.28419275230549423,1
abrupt_balanced,1244265337,pht_arf_c1,61.704292059,lambda_eq_span,0.3125,0.3125,300.8,300.8,27,5,22,0.18518518518518517,1.0,5,0.2696294662549625,0.2919080400051955,1
abrupt_balanced,1944468667,pht_arf_c1,62.010448724,lambda_ref,0.2631578947368421,0.2631578947368421,177.0,177.0,33,5,28,0.15151515151515152,1.0,5,0.29554477282752534,0.3001948304974672,6
abrupt_balanced,1380564739,pht_arf_c1,62.018434644,lambda_eq_span,0.27777777777777773,0.27777777777777773,238.6,238.6,31,5,26,0.16129032258064516,1.0,5,0.24911777679752978,0.30048058189375243,1
abrupt_balanced,110020020,pht_arf_c1,63.938222975,lambda_ref,0.2857142857142857,0.2857142857142857,260.6,260.6,30,5,25,0.16666666666666666,1.0,5,0.2616894574327305,0.2972334069359657,1
abrupt_balanced,1129302214,pht_arf_c1,63.949435979,lambda_eq_span,0.25641025641025644,0.25641025641025644,180.8,180.8,34,5,29,0.14705882352941177,1.0,5,0.26477723864137626,0.30167554227821797,1
abrupt_balanced,569531098,pht_arf_c1,64.104469895,lambda_ref,0.2631578947368421,0.2631578947368421,206.0,206.0,33,5,28,0.15151515151515152,1.0,5,0.2731583590648434,0.30128588128328354,2
abrupt_balanced,569531098,pht_arf_c1,64.566656858,lambda_eq_span,0.27777777777777773,0.27777777777777773,187.6,187.6,31,5,26,0.16129032258064516,1.0,5,0.27492280546978387,0.30076633329003766,1
abrupt_balanced,76953952,pht_arf_c1,65.0,grid,0.30303030303030304,0.30303030303030304,267.6,267.6,28,5,23,0.17857142857142858,1.0,5,0.2642258491398324,0.2926354071957397,1
abrupt_balanced,110020020,pht_arf_c1,65.0,grid,0.3571428571428571,0.3571428571428571,254.2,254.2,23,5,18,0.21739130434782608,1.0,5,0.2616894574327305,0.2842706845044811,1
abrupt_balanced,168388230,pht_arf_c1,65.0,grid,0.25641025641025644,0.25641025641025644,247.4,247.4,34,5,29,0.14705882352941177,1.0,5,0.2807675341861491,0.2940122093778413,5
abrupt_balanced,176092387,pht_arf_c1,65.0,grid,0.27777777777777773,0.27777777777777773,253.8,253.8,31,5,26,0.16129032258064516,1.0,5,0.2574988972209969,0.296817768541369,1
abrupt_balanced,176623029,pht_arf_c1,65.0,grid,0.32258064516129037,0.32258064516129037,174.6,174.6,26,5,21,0.19230769230769232,1.0,5,0.27337891486546095,0.27575009741524875,4
abrupt_balanced,232150720,pht_arf_c1,65.0,grid,0.30303030303030304,0.30303030303030304,217.0,217.0,28,5,23,0.17857142857142858,1.0,5,0.26268195853550946,0.2951811923626445,1
abrupt_balanced,233227757,pht_arf_c1,65.0,grid,0.25641025641025644,0.25641025641025644,222.6,222.6,34,5,29,0.14705882352941177,1.0,5,0.28451698279664756,0.30448110144174567,4
abrupt_balanced,398083709,pht_arf_c1,65.0,grid,0.22727272727272727,0.22727272727272727,476.2,476.2,39,5,34,0.1282051282051282,1.0,5,0.27437141596823994,0.30411741784647356,4
abrupt_balanced,536987301,pht_arf_c1,65.0,grid,0.2702702702702703,0.2702702702702703,352.8,352.8,32,5,27,0.15625,1.0,5,0.2787825319805911,0.2937524353812183,3
abrupt_balanced,569531098,pht_arf_c1,65.0,grid,0.24390243902439027,0.24390243902439027,222.8,222.8,36,5,31,0.1388888888888889,1.0,5,0.27492280546978387,0.3098584231718405,1
abrupt_balanced,570914454,pht_arf_c1,65.0,grid,0.2222222222222222,0.2222222222222222,250.8,250.8,40,5,35,0.125,1.0,5,0.28054697838553155,0.3015196778802442,5
abrupt_balanced,592703045,pht_arf_c1,65.0,grid,0.25,0.25,202.5,202.5,27,4,23,0.14814814814814814,0.8,5,0.2674239082487869,0.2934147291856085,1
abrupt_balanced,609942288,pht_arf_c1,65.0,grid,0.3846153846153846,0.3846153846153846,181.0,181.0,21,5,16,0.23809523809523808,1.0,5,0.24867666519629467,0.2783997921808027,1
abrupt_balanced,612016888,pht_arf_c1,65.0,grid,0.30303030303030304,0.30303030303030304,167.6,167.6,28,5,23,0.17857142857142858,1.0,5,0.25220555800617556,0.29289518119236263,1
abrupt_balanced,829139639,pht_arf_c1,65.0,grid,0.3125,0.3125,246.4,246.4,27,5,22,0.18518518518518517,1.0,5,0.27635641817379797,0.288505000649435,4
abrupt_balanced,877132087,pht_arf_c1,65.0,grid,0.30303030303030304,0.30303030303030304,224.4,224.4,28,5,23,0.17857142857142858,1.0,5,0.2604764005293339,0.29871411871671644,1
abrupt_balanced,911875363,pht_arf_c1,65.0,grid,0.27777777777777773,0.27777777777777773,436.8,436.8,31,5,26,0.16129032258064516,1.0,5,0.27095280105866787,0.28995973503052347,2
abrupt_balanced,1129302214,pht_arf_c1,65.0,grid,0.29411764705882354,0.29411764705882354,178.4,178.4,29,5,24,0.1724137931034483,1.0,5,0.26477723864137626,0.29653201714508376,1
abrupt_balanced,1206282609,pht_arf_c1,65.0,grid,0.2702702702702703,0.2702702702702703,184.6,184.6,32,5,27,0.15625,1.0,5,0.26014556682840756,0.2920898818028315,2
abrupt_balanced,1244265337,pht_arf_c1,65.0,grid,0.3448275862068966,0.3448275862068966,320.6,320.6,24,5,19,0.20833333333333334,1.0,5,0.2696294662549625,0.2875957916612547,1
abrupt_balanced,1258460216,pht_arf_c1,65.0,grid,0.29411764705882354,0.29411764705882354,246.6,246.6,29,5,24,0.1724137931034483,1.0,5,0.2817600352889281,0.2815950123392648,5
abrupt_balanced,1332204363,pht_arf_c1,65.0,grid,0.32258064516129037,0.32258064516129037,219.0,219.0,26,5,21,0.19230769230769232,1.0,5,0.27293780326422584,0.2847642550980647,4
abrupt_balanced,1337295874,pht_arf_c1,65.0,grid,0.25641025641025644,0.25641025641025644,144.4,144.4,34,5,29,0.14705882352941177,1.0,5,0.2669827966475518,0.2994934407065853,1
abrupt_balanced,1380564739,pht_arf_c1,65.0,grid,0.32258064516129037,0.32258064516129037,181.0,181.0,26,5,21,0.19230769230769232,1.0,5,0.24911777679752978,0.28816729445382516,1
abrupt_balanced,1395586264,pht_arf_c1,65.0,grid,0.30303030303030304,0.30303030303030304,234.2,234.2,28,5,23,0.17857142857142858,1.0,5,0.2697397441552713,0.29079101181971684,3
abrupt_balanced,1496786007,pht_arf_c1,65.0,grid,0.25806451612903225,0.25806451612903225,204.75,204.75,26,4,22,0.15384615384615385,0.8,5,0.28639170710189676,0.28507598389401223,4
abrupt_balanced,1658700540,pht_arf_c1,65.0,grid,0.3125,0.3125,251.2,251.2,27,5,22,0.18518518518518517,1.0,5,0.2616894574327305,0.2890765034420055,1
abrupt_balanced,1737489325,pht_arf_c1,65.0,grid,0.25806451612903225,0.25806451612903225,303.75,303.75,26,4,22,0.15384615384615385,0.8,5,0.2523158359064843,0.287621769060917,1
abrupt_balanced,1870843651,pht_arf_c1,65.0,grid,0.27777777777777773,0.27777777777777773,215.0,215.0,31,5,26,0.16129032258064516,1.0,5,0.28043670048522273,0.2892583452396415,4
abrupt_balanced,1944468667,pht_arf_c1,65.0,grid,0.25,0.25,236.2,236.2,35,5,30,0.14285714285714285,1.0,5,0.2898103220114689,0.3024808416677491,5
abrupt_balanced,1737489325,pht_arf_c1,65.860197395,lambda_eq_span,0.25806451612903225,0.25806451612903225,312.0,312.0,26,4,22,0.15384615384615385,0.8,5,0.2544111160123511,0.28990778023119884,1
abrupt_balanced,1258460216,pht_arf_c1,66.035039961,lambda_eq_span,0.2285714285714286,0.2285714285714286,179.5,179.5,30,4,26,0.13333333333333333,0.8,5,0.257940008822232,0.29193401740485775,1
abrupt_balanced,1395586264,pht_arf_c1,66.385096878,lambda_ref,0.25641025641025644,0.25641025641025644,268.8,268.8,34,5,29,0.14705882352941177,1.0,5,0.2681958535509484,0.29951941810624755,3
abrupt_balanced,1870843651,pht_arf_c1,69.913282156,lambda_eq_span,0.37037037037037035,0.37037037037037035,253.4,253.4,22,5,17,0.22727272727272727,1.0,5,0.26036612262902514,0.28268606312508116,1
abrupt_balanced,398083709,pht_arf_c1,71.35201177,lambda_eq_span,0.4,0.4,388.0,388.0,20,5,15,0.25,1.0,5,0.2656594618438465,0.28193271853487467,1
abrupt_balanced,536987301,pht_arf_c1,74.830437481,lambda_eq_span,0.27586206896551724,0.27586206896551724,223.25,223.25,24,4,20,0.16666666666666666,0.8,5,0.275363917071019,0.2906611248214054,1
abrupt_balanced,829139639,pht_arf_c1,75.672528177,lambda_eq_span,0.3571428571428571,0.3571428571428571,260.4,260.4,23,5,18,0.21739130434782608,1.0,5,0.26080723423026025,0.28915443564099236,1
abrupt_balanced,1395586264,pht_arf_c1,76.284737408,lambda_eq_span,0.3571428571428571,0.3571428571428571,277.6,277.6,23,5,18,0.21739130434782608,1.0,5,0.2562858403176004,0.2837251591115729,1
abrupt_balanced,1206282609,pht_arf_c1,77.052515924,lambda_eq_span,0.3571428571428571,0.3571428571428571,613.2,613.2,23,5,18,0.21739130434782608,1.0,5,0.2555138950154389,0.28702428886868425,1
abrupt_balanced,1944468667,pht_arf_c1,83.317373276,lambda_eq_span,0.32000000000000006,0.32000000000000006,367.5,367.5,20,4,16,0.2,0.8,5,0.2627922364358183,0.29289518119236263,1
abrupt_balanced,233227757,pht_arf_c1,84.163062841,lambda_eq_span,0.37037037037037035,0.37037037037037035,420.8,420.8,22,5,17,0.22727272727272727,1.0,5,0.2657697397441553,0.2954409663592674,1
abrupt_balanced,176623029,pht_arf_c1,85.658913344,lambda_eq_span,0.5,0.5,306.4,306.4,15,5,10,0.3333333333333333,1.0,5,0.2627922364358183,0.2754383686193012,1
abrupt_balanced,1496786007,pht_arf_c1,87.840482205,lambda_eq_span,0.45454545454545453,0.45454545454545453,525.6,525.6,17,5,12,0.29411764705882354,1.0,5,0.27194530216144686,0.28289388232237955,1
abrupt_balanced,76953952,pht_arf_c1,95.0,grid,0.5263157894736842,0.5263157894736842,491.0,491.0,14,5,9,0.35714285714285715,1.0,5,0.2642258491398324,0.2759059618132225,1
abrupt_balanced,110020020,pht_arf_c1,95.0,grid,0.4166666666666667,0.4166666666666667,418.4,418.4,19,5,14,0.2631578947368421,1.0,5,0.2616894574327305,0.2839589557085336,1
abrupt_balanced,168388230,pht_arf_c1,95.0,grid,0.4347826086956522,0.4347826086956522,511.8,511.8,18,5,13,0.2777777777777778,1.0,5,0.26499779444199384,0.28154305753994024,2
abrupt_balanced,176092387,pht_arf_c1,95.0,grid,0.3076923076923077,0.3076923076923077,849.5,849.5,21,4,17,0.19047619047619047,0.8,5,0.2574988972209969,0.2905831926224185,1
abrupt_balanced,176623029,pht_arf_c1,95.0,grid,0.5,0.5,444.8,444.8,15,5,10,0.3333333333333333,1.0,5,0.2627922364358183,0.27406156643719964,1
abrupt_balanced,232150720,pht_arf_c1,95.0,grid,0.45454545454545453,0.45454545454545453,503.4,503.4,17,5,12,0.29411764705882354,1.0,5,0.26268195853550946,0.28102350954669436,1
abrupt_balanced,233227757,pht_arf_c1,95.0,grid,0.47619047619047616,0.47619047619047616,379.4,379.4,16,5,11,0.3125,1.0,5,0.2657697397441553,0.2858293284842187,1
abrupt_balanced,398083709,pht_arf_c1,95.0,grid,0.4,0.4,458.5,458.5,15,4,11,0.26666666666666666,0.8,5,0.2656594618438465,0.2797246395635797,1
abrupt_balanced,536987301,pht_arf_c1,95.0,grid,0.38095238095238093,0.38095238095238093,422.25,422.25,16,4,12,0.25,0.8,5,0.275363917071019,0.2802701649564879,1
abrupt_balanced,569531098,pht_arf_c1,95.0,grid,0.3636363636363636,0.3636363636363636,436.5,436.5,17,4,13,0.23529411764705882,0.8,5,0.27492280546978387,0.2796726847642551,1
abrupt_balanced,570914454,pht_arf_c1,95.0,grid,0.37037037037037035,0.37037037037037035,728.4,728.4,22,5,17,0.22727272727272727,1.0,5,0.26179973533303924,0.2906611248214054,2
abrupt_balanced,592703045,pht_arf_c1,95.0,grid,0.5,0.5,413.2,413.2,15,5,10,0.3333333333333333,1.0,5,0.2674239082487869,0.28278997272373035,1
abrupt_balanced,609942288,pht_arf_c1,95.0,grid,0.45454545454545453,0.45454545454545453,429.6,429.6,17,5,12,0.29411764705882354,1.0,5,0.24867666519629467,0.2792310689699961,1
abrupt_balanced,612016888,pht_arf_c1,95.0,grid,0.4210526315789473,0.4210526315789473,557.5,557.5,14,4,10,0.2857142857142857,0.8,5,0.25220555800617556,0.27530848162098975,1
abrupt_balanced,829139639,pht_arf_c1,95.0,grid,0.4,0.4,362.0,362.0,15,4,11,0.26666666666666666,0.8,5,0.26080723423026025,0.2825042213274451,1
abrupt_balanced,877132087,pht_arf_c1,95.0,grid,0.45454545454545453,0.45454545454545453,483.0,483.0,17,5,12,0.29411764705882354,1.0,5,0.2604764005293339,0.28606312508117937,1
abrupt_balanced,911875363,pht_arf_c1,95.0,grid,0.4347826086956522,0.4347826086956522,443.2,443.2,18,5,13,0.2777777777777778,1.0,5,0.27337891486546095,0.28393297830887126,2
abrupt_balanced,1129302214,pht_arf_c1,95.0,grid,0.5,0.5,455.2,455.2,15,5,10,0.3333333333333333,1.0,5,0.26477723864137626,0.2847382776984024,1
abrupt_balanced,1206282609,pht_arf_c1,95.0,grid,0.5,0.5,346.2,346.2,15,5,10,0.3333333333333333,1.0,5,0.2556241729157477,0.2758540070138979,1
abrupt_balanced,1244265337,pht_arf_c1,95.0,grid,0.5555555555555556,0.5555555555555556,488.4,488.4,13,5,8,0.38461538461538464,1.0,5,0.2696294662549625,0.2723470580594882,1
abrupt_balanced,1258460216,pht_arf_c1,95.0,grid,0.4347826086956522,0.4347826086956522,893.4,893.4,18,5,13,0.2777777777777778,1.0,5,0.257940008822232,0.28234835692947136,1
abrupt_balanced,1332204363,pht_arf_c1,95.0,grid,0.3478260869565218,0.3478260869565218,460.5,460.5,18,4,14,0.2222222222222222,0.8,5,0.2686369651521835,0.28445252630211715,2
abrupt_balanced,1337295874,pht_arf_c1,95.0,grid,0.5,0.5,465.8,465.8,15,5,10,0.3333333333333333,1.0,5,0.2669827966475518,0.277100922197688,1
abrupt_balanced,1380564739,pht_arf_c1,95.0,grid,0.4,0.4,500.5,500.5,15,4,11,0.26666666666666666,0.8,5,0.24911777679752978,0.2796726847642551,1
abrupt_balanced,1395586264,pht_arf_c1,95.0,grid,0.47619047619047616,0.47619047619047616,495.8,495.8,16,5,11,0.3125,1.0,5,0.2562858403176004,0.2821924925314976,1
abrupt_balanced,1496786007,pht_arf_c1,95.0,grid,0.5,0.5,527.4,527.4,15,5,10,0.3333333333333333,1.0,5,0.27194530216144686,0.276919080400052,1
abrupt_balanced,1658700540,pht_arf_c1,95.0,grid,0.45454545454545453,0.45454545454545453,382.4,382.4,17,5,12,0.29411764705882354,1.0,5,0.2616894574327305,0.2801143005585141,1
abrupt_balanced,1737489325,pht_arf_c1,95.0,grid,0.5,0.5,469.6,469.6,15,5,10,0.3333333333333333,1.0,5,0.2544111160123511,0.27699701259903886,1
abrupt_balanced,1870843651,pht_arf_c1,95.0,grid,0.5263157894736842,0.5263157894736842,496.6,496.6,14,5,9,0.35714285714285715,1.0,5,0.26036612262902514,0.27645148720613066,1
abrupt_balanced,1944468667,pht_arf_c1,95.0,grid,0.5,0.5,379.4,379.4,15,5,10,0.3333333333333333,1.0,5,0.2627922364358183,0.28076373555007145,1
abrupt_balanced,1332204363,pht_arf_c1,103.151676387,lambda_eq_span,0.47619047619047616,0.47619047619047616,508.8,508.8,16,5,11,0.3125,1.0,5,0.2545213939126599,0.2808936225483829,1
abrupt_balanced,168388230,pht_arf_c1,121.890778273,lambda_eq_span,0.5882352941176471,0.5882352941176471,740.4,740.4,12,5,7,0.4166666666666667,1.0,5,0.2594838994265549,0.2711261202753604,2
abrupt_balanced,911875363,pht_arf_c1,121.981969446,lambda_eq_span,0.47058823529411764,0.47058823529411764,570.25,570.25,12,4,8,0.3333333333333333,0.8,5,0.2661005734450816,0.2712560072736719,1
abrupt_balanced,570914454,pht_arf_c1,125.344339073,lambda_eq_span,0.5000000000000001,0.5000000000000001,530.5,530.5,11,4,7,0.36363636363636365,0.8,5,0.2560652845169828,0.2754643460189635,1
abrupt_balanced,76953952,pht_arf_c1,135.0,grid,0.5000000000000001,0.5000000000000001,431.75,638.75,11,4,7,0.36363636363636365,0.8,5,0.2642258491398324,0.27325626704766853,1
abrupt_balanced,110020020,pht_arf_c1,135.0,grid,0.4615384615384615,0.4615384615384615,620.6666666666666,620.6666666666666,8,3,5,0.375,0.6,5,0.2616894574327305,0.2700610468892064,1
abrupt_balanced,168388230,pht_arf_c1,135.0,grid,0.47058823529411764,0.47058823529411764,286.25,493.25,12,4,8,0.3333333333333333,0.8,5,0.25540361711513015,0.2801143005585141,1
abrupt_balanced,176092387,pht_arf_c1,135.0,grid,0.42857142857142855,0.42857142857142855,306.3333333333333,306.3333333333333,9,3,6,0.3333333333333333,0.6,5,0.2574988972209969,0.2679568775165606,1
abrupt_balanced,176623029,pht_arf_c1,135.0,grid,0.5714285714285714,0.5714285714285714,410.0,617.0,9,4,5,0.4444444444444444,0.8,5,0.2627922364358183,0.26930770229899986,1
abrupt_balanced,232150720,pht_arf_c1,135.0,grid,0.47058823529411764,0.47058823529411764,456.0,456.0,12,4,8,0.3333333333333333,0.8,5,0.26268195853550946,0.27598389401220935,1
abrupt_balanced,233227757,pht_arf_c1,135.0,grid,0.2857142857142857,0.2857142857142857,515.5,515.5,9,2,7,0.2222222222222222,0.4,5,0.2657697397441553,0.2726847642550981,1
abrupt_balanced,398083709,pht_arf_c1,135.0,grid,0.6666666666666666,0.6666666666666666,846.8,846.8,10,5,5,0.5,1.0,5,0.2656594618438465,0.27195739706455385,1
abrupt_balanced,536987301,pht_arf_c1,135.0,grid,0.4,0.4,528.3333333333334,528.3333333333334,10,3,7,0.3,0.6,5,0.275363917071019,0.27221717106117677,1
abrupt_balanced,569531098,pht_arf_c1,135.0,grid,0.4615384615384615,0.4615384615384615,290.6666666666667,290.6666666666667,8,3,5,0.375,0.6,5,0.27492280546978387,0.271619690868944,1
abrupt_balanced,570914454,pht_arf_c1,135.0,grid,0.6666666666666666,0.6666666666666666,801.6,801.6,10,5,5,0.5,1.0,5,0.2560652845169828,0.2723470580594882,1
abrupt_balanced,592703045,pht_arf_c1,135.0,grid,0.42857142857142855,0.42857142857142855,442.3333333333333,442.3333333333333,9,3,6,0.3333333333333333,0.6,5,0.2674239082487869,0.2733601766463177,1
abrupt_balanced,609942288,pht_arf_c1,135.0,grid,0.3076923076923077,0.3076923076923077,470.5,470.5,8,2,6,0.25,0.4,5,0.24867666519629467,0.26946356669697363,1
abrupt_balanced,612016888,pht_arf_c1,135.0,grid,0.25000000000000006,0.25000000000000006,421.5,421.5,11,2,9,0.18181818181818182,0.4,5,0.25220555800617556,0.27897129497337314,1
abrupt_balanced,829139639,pht_arf_c1,135.0,grid,0.47058823529411764,0.47058823529411764,634.0,634.0,12,4,8,0.3333333333333333,0.8,5,0.26080723423026025,0.27520457202234055,1
abrupt_balanced,877132087,pht_arf_c1,135.0,grid,0.3076923076923077,0.3076923076923077,474.5,474.5,8,2,6,0.25,0.4,5,0.2604764005293339,0.2675672165216262,1
abrupt_balanced,911875363,pht_arf_c1,135.0,grid,0.5333333333333333,0.5333333333333333,658.0,658.0,10,4,6,0.4,0.8,5,0.2688575209528011,0.2737498376412521,1
abrupt_balanced,1129302214,pht_arf_c1,135.0,grid,0.6666666666666666,0.6666666666666666,711.6,711.6,10,5,5,0.5,1.0,5,0.26477723864137626,0.2755422782179504,1
abrupt_balanced,1206282609,pht_arf_c1,135.0,grid,0.625,0.625,552.0,552.0,11,5,6,0.45454545454545453,1.0,5,0.2556241729157477,0.2713599168723211,1
abrupt_balanced,1244265337,pht_arf_c1,135.0,grid,0.4,0.4,555.3333333333334,555.3333333333334,10,3,7,0.3,0.6,5,0.2696294662549625,0.2752565268216651,1
abrupt_balanced,1258460216,pht_arf_c1,135.0,grid,0.2857142857142857,0.2857142857142857,409.5,409.5,9,2,7,0.2222222222222222,0.4,5,0.257940008822232,0.27512663982335367,1
abrupt_balanced,1332204363,pht_arf_c1,135.0,grid,0.6666666666666666,0.6666666666666666,784.0,784.0,10,5,5,0.5,1.0,5,0.2545213939126599,0.27689310300038966,1
abrupt_balanced,1337295874,pht_arf_c1,135.0,grid,0.4,0.4,721.0,721.0,10,3,7,0.3,0.6,5,0.2669827966475518,0.2721911936615145,1
abrupt_balanced,1380564739,pht_arf_c1,135.0,grid,0.5,0.5,467.6666666666667,467.6666666666667,7,3,4,0.42857142857142855,0.6,5,0.24911777679752978,0.26860631250811795,1
abrupt_balanced,1395586264,pht_arf_c1,135.0,grid,0.42857142857142855,0.42857142857142855,890.6666666666666,890.6666666666666,9,3,6,0.3333333333333333,0.6,5,0.2562858403176004,0.27315235744901933,1
abrupt_balanced,1496786007,pht_arf_c1,135.0,grid,0.5000000000000001,0.5000000000000001,627.75,834.75,11,4,7,0.36363636363636365,0.8,5,0.27194530216144686,0.2749188206260553,1
abrupt_balanced,1658700540,pht_arf_c1,135.0,grid,0.6666666666666666,0.6666666666666666,844.6,844.6,10,5,5,0.5,1.0,5,0.2616894574327305,0.2788154305753994,1
abrupt_balanced,1737489325,pht_arf_c1,135.0,grid,0.6666666666666666,0.6666666666666666,601.0,601.0,10,5,5,0.5,1.0,5,0.2544111160123511,0.2712819846733342,1
abrupt_balanced,1870843651,pht_arf_c1,135.0,grid,0.4,0.4,746.3333333333334,746.3333333333334,10,3,7,0.3,0.6,5,0.26036612262902514,0.27413949863618653,1
abrupt_balanced,1944468667,pht_arf_c1,135.0,grid,0.42857142857142855,0.42857142857142855,300.0,300.0,9,3,6,0.3333333333333333,0.6,5,0.2627922364358183,0.2711261202753604,1
abrupt_balanced,76953952,pht_arf_c1,200.0,grid,0.5,0.5,868.3333333333334,868.3333333333334,7,3,4,0.42857142857142855,0.6,5,0.2642258491398324,0.27299649305104556,1
abrupt_balanced,110020020,pht_arf_c1,200.0,grid,0.4615384615384615,0.4615384615384615,931.3333333333334,931.3333333333334,8,3,5,0.375,0.6,5,0.2616894574327305,0.276919080400052,1
abrupt_balanced,168388230,pht_arf_c1,200.0,grid,0.4615384615384615,0.4615384615384615,788.6666666666666,788.6666666666666,8,3,5,0.375,0.6,5,0.25540361711513015,0.27351604104429145,1
abrupt_balanced,176092387,pht_arf_c1,200.0,grid,0.5,0.5,1197.0,1473.0,7,3,4,0.42857142857142855,0.6,5,0.2574988972209969,0.27029484348616706,1
abrupt_balanced,176623029,pht_arf_c1,200.0,grid,0.5,0.5,968.6666666666666,968.6666666666666,7,3,4,0.42857142857142855,0.6,5,0.2627922364358183,0.27000909208988183,1
abrupt_balanced,232150720,pht_arf_c1,200.0,grid,0.5,0.5,1419.6666666666667,1419.6666666666667,7,3,4,0.42857142857142855,0.6,5,0.26268195853550946,0.27299649305104556,1
abrupt_balanced,233227757,pht_arf_c1,200.0,grid,0.5,0.5,867.3333333333334,867.3333333333334,7,3,4,0.42857142857142855,0.6,5,0.2657697397441553,0.27468502402909467,1
abrupt_balanced,398083709,pht_arf_c1,200.0,grid,0.4615384615384615,0.4615384615384615,676.0,676.0,8,3,5,0.375,0.6,5,0.2656594618438465,0.2705805948824523,1
abrupt_balanced,536987301,pht_arf_c1,200.0,grid,0.5,0.5,734.3333333333334,734.3333333333334,7,3,4,0.42857142857142855,0.6,5,0.275363917071019,0.26868424470710484,1
abrupt_balanced,569531098,pht_arf_c1,200.0,grid,0.5,0.5,694.0,694.0,7,3,4,0.42857142857142855,0.6,5,0.27492280546978387,0.27351604104429145,1
abrupt_balanced,570914454,pht_arf_c1,200.0,grid,0.5,0.5,718.6666666666666,718.6666666666666,7,3,4,0.42857142857142855,0.6,5,0.2560652845169828,0.26941161189764906,1
abrupt_balanced,592703045,pht_arf_c1,200.0,grid,0.5,0.5,930.6666666666666,930.6666666666666,7,3,4,0.42857142857142855,0.6,5,0.2674239082487869,0.2669697363293934,1
abrupt_balanced,609942288,pht_arf_c1,200.0,grid,0.5,0.5,721.3333333333334,721.3333333333334,7,3,4,0.42857142857142855,0.6,5,0.24867666519629467,0.2692557474996753,1
abrupt_balanced,612016888,pht_arf_c1,200.0,grid,0.4615384615384615,0.4615384615384615,679.3333333333334,679.3333333333334,8,3,5,0.375,0.6,5,0.25220555800617556,0.27237303545915054,1
abrupt_balanced,829139639,pht_arf_c1,200.0,grid,0.6666666666666666,0.6666666666666666,1265.5,1265.5,7,4,3,0.5714285714285714,0.8,5,0.26080723423026025,0.26948954409663595,1
abrupt_balanced,877132087,pht_arf_c1,200.0,grid,0.4615384615384615,0.4615384615384615,821.0,821.0,8,3,5,0.375,0.6,5,0.2604764005293339,0.2707624366800883,1
abrupt_balanced,911875363,pht_arf_c1,200.0,grid,0.5,0.5,694.6666666666666,694.6666666666666,7,3,4,0.42857142857142855,0.6,5,0.2688575209528011,0.2748149110274062,1
abrupt_balanced,1129302214,pht_arf_c1,200.0,grid,0.4615384615384615,0.4615384615384615,848.6666666666666,848.6666666666666,8,3,5,0.375,0.6,5,0.26477723864137626,0.27442525003247176,1
abrupt_balanced,1206282609,pht_arf_c1,200.0,grid,0.4615384615384615,0.4615384615384615,643.3333333333334,643.3333333333334,8,3,5,0.375,0.6,5,0.2556241729157477,0.26850240290946875,1
abrupt_balanced,1244265337,pht_arf_c1,200.0,grid,0.5,0.5,660.0,660.0,7,3,4,0.42857142857142855,0.6,5,0.2696294662549625,0.2699831146902195,1
abrupt_balanced,1258460216,pht_arf_c1,200.0,grid,0.5,0.5,1363.0,1363.0,7,3,4,0.42857142857142855,0.6,5,0.257940008822232,0.27276269645408496,1
abrupt_balanced,1332204363,pht_arf_c1,200.0,grid,0.5,0.5,650.0,650.0,7,3,4,0.42857142857142855,0.6,5,0.2545213939126599,0.2655409793479673,1
abrupt_balanced,1337295874,pht_arf_c1,200.0,grid,0.4615384615384615,0.4615384615384615,1067.3333333333333,1067.3333333333333,8,3,5,0.375,0.6,5,0.2669827966475518,0.26676191713209507,1
abrupt_balanced,1380564739,pht_arf_c1,200.0,grid,0.4615384615384615,0.4615384615384615,766.6666666666666,766.6666666666666,8,3,5,0.375,0.6,5,0.24911777679752978,0.26891804130406544,1
abrupt_balanced,1395586264,pht_arf_c1,200.0,grid,0.5,0.5,893.3333333333334,893.3333333333334,7,3,4,0.42857142857142855,0.6,5,0.2562858403176004,0.2704507078841408,1
abrupt_balanced,1496786007,pht_arf_c1,200.0,grid,0.5,0.5,804.6666666666666,804.6666666666666,7,3,4,0.42857142857142855,0.6,5,0.27194530216144686,0.2725288998571243,1
abrupt_balanced,1658700540,pht_arf_c1,200.0,grid,0.4615384615384615,0.4615384615384615,670.0,670.0,8,3,5,0.375,0.6,5,0.2616894574327305,0.27148980387063254,1
abrupt_balanced,1737489325,pht_arf_c1,200.0,grid,0.5,0.5,571.0,571.0,7,3,4,0.42857142857142855,0.6,5,0.2544111160123511,0.27523054942200287,1
abrupt_balanced,1870843651,pht_arf_c1,200.0,grid,0.5,0.5,603.6666666666666,603.6666666666666,7,3,4,0.42857142857142855,0.6,5,0.26036612262902514,0.26426808676451485,1
abrupt_balanced,1944468667,pht_arf_c1,200.0,grid,0.4615384615384615,0.4615384615384615,601.3333333333334,601.3333333333334,8,3,5,0.375,0.6,5,0.2627922364358183,0.26928172489933755,1
abrupt_balanced,76953952,pht_ht,8.0,grid,0.017543859649122806,0.017543859649122806,30.8,30.8,565,5,560,0.008849557522123894,1.0,5,0.5326422584913983,0.5648525782569165,107
abrupt_balanced,110020020,pht_ht,8.0,grid,0.017543859649122806,0.017543859649122806,30.8,30.8,565,5,560,0.008849557522123894,1.0,5,0.5326422584913983,0.5648525782569165,107
abrupt_balanced,168388230,pht_ht,8.0,grid,0.017543859649122806,0.017543859649122806,30.8,30.8,565,5,560,0.008849557522123894,1.0,5,0.5326422584913983,0.5648525782569165,107
abrupt_balanced,176092387,pht_ht,8.0,grid,0.017543859649122806,0.017543859649122806,30.8,30.8,565,5,560,0.008849557522123894,1.0,5,0.5326422584913983,0.5648525782569165,107
abrupt_balanced,176623029,pht_ht,8.0,grid,0.017543859649122806,0.017543859649122806,30.8,30.8,565,5,560,0.008849557522123894,1.0,5,0.5326422584913983,0.5648525782569165,107
abrupt_balanced,232150720,pht_ht,8.0,grid,0.017543859649122806,0.017543859649122806,30.8,30.8,565,5,560,0.008849557522123894,1.0,5,0.5326422584913983,0.5648525782569165,107
abrupt_balanced,233227757,pht_ht,8.0,grid,0.017543859649122806,0.017543859649122806,30.8,30.8,565,5,560,0.008849557522123894,1.0,5,0.5326422584913983,0.5648525782569165,107
abrupt_balanced,398083709,pht_ht,8.0,grid,0.017543859649122806,0.017543859649122806,30.8,30.8,565,5,560,0.008849557522123894,1.0,5,0.5326422584913983,0.5648525782569165,107
abrupt_balanced,536987301,pht_ht,8.0,grid,0.017543859649122806,0.017543859649122806,30.8,30.8,565,5,560,0.008849557522123894,1.0,5,0.5326422584913983,0.5648525782569165,107
abrupt_balanced,569531098,pht_ht,8.0,grid,0.017543859649122806,0.017543859649122806,30.8,30.8,565,5,560,0.008849557522123894,1.0,5,0.5326422584913983,0.5648525782569165,107
abrupt_balanced,570914454,pht_ht,8.0,grid,0.017543859649122806,0.017543859649122806,30.8,30.8,565,5,560,0.008849557522123894,1.0,5,0.5326422584913983,0.5648525782569165,107
abrupt_balanced,592703045,pht_ht,8.0,grid,0.017543859649122806,0.017543859649122806,30.8,30.8,565,5,560,0.008849557522123894,1.0,5,0.5326422584913983,0.5648525782569165,107
abrupt_balanced,609942288,pht_ht,8.0,grid,0.017543859649122806,0.017543859649122806,30.8,30.8,565,5,560,0.008849557522123894,1.0,5,0.5326422584913983,0.5648525782569165,107
abrupt_balanced,612016888,pht_ht,8.0,grid,0.017543859649122806,0.017543859649122806,30.8,30.8,565,5,560,0.008849557522123894,1.0,5,0.5326422584913983,0.5648525782569165,107
abrupt_balanced,829139639,pht_ht,8.0,grid,0.017543859649122806,0.017543859649122806,30.8,30.8,565,5,560,0.008849557522123894,1.0,5,0.5326422584913983,0.5648525782569165,107
abrupt_balanced,877132087,pht_ht,8.0,grid,0.017543859649122806,0.017543859649122806,30.8,30.8,565,5,560,0.008849557522123894,1.0,5,0.5326422584913983,0.5648525782569165,107
abrupt_balanced,911875363,pht_ht,8.0,grid,0.017543859649122806,0.017543859649122806,30.8,30.8,565,5,560,0.008849557522123894,1.0,5,0.5326422584913983,0.5648525782569165,107
abrupt_balanced,1129302214,pht_ht,8.0,grid,0.017543859649122806,0.017543859649122806,30.8,30.8,565,5,560,0.008849557522123894,1.0,5,0.5326422584913983,0.5648525782569165,107
abrupt_balanced,1206282609,pht_ht,8.0,grid,0.017543859649122806,0.017543859649122806,30.8,30.8,565,5,560,0.008849557522123894,1.0,5,0.5326422584913983,0.5648525782569165,107
abrupt_balanced,1244265337,pht_ht,8.0,grid,0.017543859649122806,0.017543859649122806,30.8,30.8,565,5,560,0.008849557522123894,1.0,5,0.5326422584913983,0.5648525782569165,107
abrupt_balanced,1258460216,pht_ht,8.0,grid,0.017543859649122806,0.017543859649122806,30.8,30.8,565,5,560,0.008849557522123894,1.0,5,0.5326422584913983,0.5648525782569165,107
abrupt_balanced,1332204363,pht_ht,8.0,grid,0.017543859649122806,0.017543859649122806,30.8,30.8,565,5,560,0.008849557522123894,1.0,5,0.5326422584913983,0.5648525782569165,107
abrupt_balanced,1337295874,pht_ht,8.0,grid,0.017543859649122806,0.017543859649122806,30.8,30.8,565,5,560,0.008849557522123894,1.0,5,0.5326422584913983,0.5648525782569165,107
abrupt_balanced,1380564739,pht_ht,8.0,grid,0.017543859649122806,0.017543859649122806,30.8,30.8,565,5,560,0.008849557522123894,1.0,5,0.5326422584913983,0.5648525782569165,107
abrupt_balanced,1395586264,pht_ht,8.0,grid,0.017543859649122806,0.017543859649122806,30.8,30.8,565,5,560,0.008849557522123894,1.0,5,0.5326422584913983,0.5648525782569165,107
abrupt_balanced,1496786007,pht_ht,8.0,grid,0.017543859649122806,0.017543859649122806,30.8,30.8,565,5,560,0.008849557522123894,1.0,5,0.5326422584913983,0.5648525782569165,107
abrupt_balanced,1658700540,pht_ht,8.0,grid,0.017543859649122806,0.017543859649122806,30.8,30.8,565,5,560,0.008849557522123894,1.0,5,0.5326422584913983,0.5648525782569165,107
abrupt_balanced,1737489325,pht_ht,8.0,grid,0.017543859649122806,0.017543859649122806,30.8,30.8,565,5,560,0.008849557522123894,1.0,5,0.5326422584913983,0.5648525782569165,107
abrupt_balanced,1870843651,pht_ht,8.0,grid,0.017543859649122806,0.017543859649122806,30.8,30.8,565,5,560,0.008849557522123894,1.0,5,0.5326422584913983,0.5648525782569165,107
abrupt_balanced,1944468667,pht_ht,8.0,grid,0.017543859649122806,0.017543859649122806,30.8,30.8,565,5,560,0.008849557522123894,1.0,5,0.5326422584913983,0.5648525782569165,107
abrupt_balanced,76953952,pht_ht,15.0,grid,0.03322259136212625,0.03322259136212625,23.8,23.8,296,5,291,0.016891891891891893,1.0,5,0.44827966475518305,0.5066632030133784,61
abrupt_balanced,110020020,pht_ht,15.0,grid,0.03322259136212625,0.03322259136212625,23.8,23.8,296,5,291,0.016891891891891893,1.0,5,0.44827966475518305,0.5066632030133784,61
abrupt_balanced,168388230,pht_ht,15.0,grid,0.03322259136212625,0.03322259136212625,23.8,23.8,296,5,291,0.016891891891891893,1.0,5,0.44827966475518305,0.5066632030133784,61
abrupt_balanced,176092387,pht_ht,15.0,grid,0.03322259136212625,0.03322259136212625,23.8,23.8,296,5,291,0.016891891891891893,1.0,5,0.44827966475518305,0.5066632030133784,61
abrupt_balanced,176623029,pht_ht,15.0,grid,0.03322259136212625,0.03322259136212625,23.8,23.8,296,5,291,0.016891891891891893,1.0,5,0.44827966475518305,0.5066632030133784,61
abrupt_balanced,232150720,pht_ht,15.0,grid,0.03322259136212625,0.03322259136212625,23.8,23.8,296,5,291,0.016891891891891893,1.0,5,0.44827966475518305,0.5066632030133784,61
abrupt_balanced,233227757,pht_ht,15.0,grid,0.03322259136212625,0.03322259136212625,23.8,23.8,296,5,291,0.016891891891891893,1.0,5,0.44827966475518305,0.5066632030133784,61
abrupt_balanced,398083709,pht_ht,15.0,grid,0.03322259136212625,0.03322259136212625,23.8,23.8,296,5,291,0.016891891891891893,1.0,5,0.44827966475518305,0.5066632030133784,61
abrupt_balanced,536987301,pht_ht,15.0,grid,0.03322259136212625,0.03322259136212625,23.8,23.8,296,5,291,0.016891891891891893,1.0,5,0.44827966475518305,0.5066632030133784,61
abrupt_balanced,569531098,pht_ht,15.0,grid,0.03322259136212625,0.03322259136212625,23.8,23.8,296,5,291,0.016891891891891893,1.0,5,0.44827966475518305,0.5066632030133784,61
abrupt_balanced,570914454,pht_ht,15.0,grid,0.03322259136212625,0.03322259136212625,23.8,23.8,296,5,291,0.016891891891891893,1.0,5,0.44827966475518305,0.5066632030133784,61
abrupt_balanced,592703045,pht_ht,15.0,grid,0.03322259136212625,0.03322259136212625,23.8,23.8,296,5,291,0.016891891891891893,1.0,5,0.44827966475518305,0.5066632030133784,61
abrupt_balanced,609942288,pht_ht,15.0,grid,0.03322259136212625,0.03322259136212625,23.8,23.8,296,5,291,0.016891891891891893,1.0,5,0.44827966475518305,0.5066632030133784,61
abrupt_balanced,612016888,pht_ht,15.0,grid,0.03322259136212625,0.03322259136212625,23.8,23.8,296,5,291,0.016891891891891893,1.0,5,0.44827966475518305,0.5066632030133784,61
abrupt_balanced,829139639,pht_ht,15.0,grid,0.03322259136212625,0.03322259136212625,23.8,23.8,296,5,291,0.016891891891891893,1.0,5,0.44827966475518305,0.5066632030133784,61
abrupt_balanced,877132087,pht_ht,15.0,grid,0.03322259136212625,0.03322259136212625,23.8,23.8,296,5,291,0.016891891891891893,1.0,5,0.44827966475518305,0.5066632030133784,61
abrupt_balanced,911875363,pht_ht,15.0,grid,0.03322259136212625,0.03322259136212625,23.8,23.8,296,5,291,0.016891891891891893,1.0,5,0.44827966475518305,0.5066632030133784,61
abrupt_balanced,1129302214,pht_ht,15.0,grid,0.03322259136212625,0.03322259136212625,23.8,23.8,296,5,291,0.016891891891891893,1.0,5,0.44827966475518305,0.5066632030133784,61
abrupt_balanced,1206282609,pht_ht,15.0,grid,0.03322259136212625,0.03322259136212625,23.8,23.8,296,5,291,0.016891891891891893,1.0,5,0.44827966475518305,0.5066632030133784,61
abrupt_balanced,1244265337,pht_ht,15.0,grid,0.03322259136212625,0.03322259136212625,23.8,23.8,296,5,291,0.016891891891891893,1.0,5,0.44827966475518305,0.5066632030133784,61
abrupt_balanced,1258460216,pht_ht,15.0,grid,0.03322259136212625,0.03322259136212625,23.8,23.8,296,5,291,0.016891891891891893,1.0,5,0.44827966475518305,0.5066632030133784,61
abrupt_balanced,1332204363,pht_ht,15.0,grid,0.03322259136212625,0.03322259136212625,23.8,23.8,296,5,291,0.016891891891891893,1.0,5,0.44827966475518305,0.5066632030133784,61
abrupt_balanced,1337295874,pht_ht,15.0,grid,0.03322259136212625,0.03322259136212625,23.8,23.8,296,5,291,0.016891891891891893,1.0,5,0.44827966475518305,0.5066632030133784,61
abrupt_balanced,1380564739,pht_ht,15.0,grid,0.03322259136212625,0.03322259136212625,23.8,23.8,296,5,291,0.016891891891891893,1.0,5,0.44827966475518305,0.5066632030133784,61
abrupt_balanced,1395586264,pht_ht,15.0,grid,0.03322259136212625,0.03322259136212625,23.8,23.8,296,5,291,0.016891891891891893,1.0,5,0.44827966475518305,0.5066632030133784,61
abrupt_balanced,1496786007,pht_ht,15.0,grid,0.03322259136212625,0.03322259136212625,23.8,23.8,296,5,291,0.016891891891891893,1.0,5,0.44827966475518305,0.5066632030133784,61
abrupt_balanced,1658700540,pht_ht,15.0,grid,0.03322259136212625,0.03322259136212625,23.8,23.8,296,5,291,0.016891891891891893,1.0,5,0.44827966475518305,0.5066632030133784,61
abrupt_balanced,1737489325,pht_ht,15.0,grid,0.03322259136212625,0.03322259136212625,23.8,23.8,296,5,291,0.016891891891891893,1.0,5,0.44827966475518305,0.5066632030133784,61
abrupt_balanced,1870843651,pht_ht,15.0,grid,0.03322259136212625,0.03322259136212625,23.8,23.8,296,5,291,0.016891891891891893,1.0,5,0.44827966475518305,0.5066632030133784,61
abrupt_balanced,1944468667,pht_ht,15.0,grid,0.03322259136212625,0.03322259136212625,23.8,23.8,296,5,291,0.016891891891891893,1.0,5,0.44827966475518305,0.5066632030133784,61
abrupt_balanced,76953952,pht_ht,21.0,grid,0.05347593582887701,0.05347593582887701,53.8,53.8,182,5,177,0.027472527472527472,1.0,5,0.39247904719894133,0.4470190933887518,31
abrupt_balanced,110020020,pht_ht,21.0,grid,0.05347593582887701,0.05347593582887701,53.8,53.8,182,5,177,0.027472527472527472,1.0,5,0.39247904719894133,0.4470190933887518,31
abrupt_balanced,168388230,pht_ht,21.0,grid,0.05347593582887701,0.05347593582887701,53.8,53.8,182,5,177,0.027472527472527472,1.0,5,0.39247904719894133,0.4470190933887518,31
abrupt_balanced,176092387,pht_ht,21.0,grid,0.05347593582887701,0.05347593582887701,53.8,53.8,182,5,177,0.027472527472527472,1.0,5,0.39247904719894133,0.4470190933887518,31
abrupt_balanced,176623029,pht_ht,21.0,grid,0.05347593582887701,0.05347593582887701,53.8,53.8,182,5,177,0.027472527472527472,1.0,5,0.39247904719894133,0.4470190933887518,31
abrupt_balanced,232150720,pht_ht,21.0,grid,0.05347593582887701,0.05347593582887701,53.8,53.8,182,5,177,0.027472527472527472,1.0,5,0.39247904719894133,0.4470190933887518,31
abrupt_balanced,233227757,pht_ht,21.0,grid,0.05347593582887701,0.05347593582887701,53.8,53.8,182,5,177,0.027472527472527472,1.0,5,0.39247904719894133,0.4470190933887518,31
abrupt_balanced,398083709,pht_ht,21.0,grid,0.05347593582887701,0.05347593582887701,53.8,53.8,182,5,177,0.027472527472527472,1.0,5,0.39247904719894133,0.4470190933887518,31
abrupt_balanced,536987301,pht_ht,21.0,grid,0.05347593582887701,0.05347593582887701,53.8,53.8,182,5,177,0.027472527472527472,1.0,5,0.39247904719894133,0.4470190933887518,31
abrupt_balanced,569531098,pht_ht,21.0,grid,0.05347593582887701,0.05347593582887701,53.8,53.8,182,5,177,0.027472527472527472,1.0,5,0.39247904719894133,0.4470190933887518,31
abrupt_balanced,570914454,pht_ht,21.0,grid,0.05347593582887701,0.05347593582887701,53.8,53.8,182,5,177,0.027472527472527472,1.0,5,0.39247904719894133,0.4470190933887518,31
abrupt_balanced,592703045,pht_ht,21.0,grid,0.05347593582887701,0.05347593582887701,53.8,53.8,182,5,177,0.027472527472527472,1.0,5,0.39247904719894133,0.4470190933887518,31
abrupt_balanced,609942288,pht_ht,21.0,grid,0.05347593582887701,0.05347593582887701,53.8,53.8,182,5,177,0.027472527472527472,1.0,5,0.39247904719894133,0.4470190933887518,31
abrupt_balanced,612016888,pht_ht,21.0,grid,0.05347593582887701,0.05347593582887701,53.8,53.8,182,5,177,0.027472527472527472,1.0,5,0.39247904719894133,0.4470190933887518,31
abrupt_balanced,829139639,pht_ht,21.0,grid,0.05347593582887701,0.05347593582887701,53.8,53.8,182,5,177,0.027472527472527472,1.0,5,0.39247904719894133,0.4470190933887518,31
abrupt_balanced,877132087,pht_ht,21.0,grid,0.05347593582887701,0.05347593582887701,53.8,53.8,182,5,177,0.027472527472527472,1.0,5,0.39247904719894133,0.4470190933887518,31
abrupt_balanced,911875363,pht_ht,21.0,grid,0.05347593582887701,0.05347593582887701,53.8,53.8,182,5,177,0.027472527472527472,1.0,5,0.39247904719894133,0.4470190933887518,31
abrupt_balanced,1129302214,pht_ht,21.0,grid,0.05347593582887701,0.05347593582887701,53.8,53.8,182,5,177,0.027472527472527472,1.0,5,0.39247904719894133,0.4470190933887518,31
abrupt_balanced,1206282609,pht_ht,21.0,grid,0.05347593582887701,0.05347593582887701,53.8,53.8,182,5,177,0.027472527472527472,1.0,5,0.39247904719894133,0.4470190933887518,31
abrupt_balanced,1244265337,pht_ht,21.0,grid,0.05347593582887701,0.05347593582887701,53.8,53.8,182,5,177,0.027472527472527472,1.0,5,0.39247904719894133,0.4470190933887518,31
abrupt_balanced,1258460216,pht_ht,21.0,grid,0.05347593582887701,0.05347593582887701,53.8,53.8,182,5,177,0.027472527472527472,1.0,5,0.39247904719894133,0.4470190933887518,31
abrupt_balanced,1332204363,pht_ht,21.0,grid,0.05347593582887701,0.05347593582887701,53.8,53.8,182,5,177,0.027472527472527472,1.0,5,0.39247904719894133,0.4470190933887518,31
abrupt_balanced,1337295874,pht_ht,21.0,grid,0.05347593582887701,0.05347593582887701,53.8,53.8,182,5,177,0.027472527472527472,1.0,5,0.39247904719894133,0.4470190933887518,31
abrupt_balanced,1380564739,pht_ht,21.0,grid,0.05347593582887701,0.05347593582887701,53.8,53.8,182,5,177,0.027472527472527472,1.0,5,0.39247904719894133,0.4470190933887518,31
abrupt_balanced,1395586264,pht_ht,21.0,grid,0.05347593582887701,0.05347593582887701,53.8,53.8,182,5,177,0.027472527472527472,1.0,5,0.39247904719894133,0.4470190933887518,31
abrupt_balanced,1496786007,pht_ht,21.0,grid,0.05347593582887701,0.05347593582887701,53.8,53.8,182,5,177,0.027472527472527472,1.0,5,0.39247904719894133,0.4470190933887518,31
abrupt_balanced,1658700540,pht_ht,21.0,grid,0.05347593582887701,0.05347593582887701,53.8,53.8,182,5,177,0.027472527472527472,1.0,5,0.39247904719894133,0.4470190933887518,31
abrupt_balanced,1737489325,pht_ht,21.0,grid,0.05347593582887701,0.05347593582887701,53.8,53.8,182,5,177,0.027472527472527472,1.0,5,0.39247904719894133,0.4470190933887518,31
abrupt_balanced,1870843651,pht_ht,21.0,grid,0.05347593582887701,0.05347593582887701,53.8,53.8,182,5,177,0.027472527472527472,1.0,5,0.39247904719894133,0.4470190933887518,31
abrupt_balanced,1944468667,pht_ht,21.0,grid,0.05347593582887701,0.05347593582887701,53.8,53.8,182,5,177,0.027472527472527472,1.0,5,0.39247904719894133,0.4470190933887518,31
abrupt_balanced,76953952,pht_ht,30.0,grid,0.08771929824561404,0.08771929824561404,188.4,188.4,109,5,104,0.045871559633027525,1.0,5,0.35807234230260254,0.4444213534225224,16
abrupt_balanced,110020020,pht_ht,30.0,grid,0.08771929824561404,0.08771929824561404,188.4,188.4,109,5,104,0.045871559633027525,1.0,5,0.35807234230260254,0.4444213534225224,16
abrupt_balanced,168388230,pht_ht,30.0,grid,0.08771929824561404,0.08771929824561404,188.4,188.4,109,5,104,0.045871559633027525,1.0,5,0.35807234230260254,0.4444213534225224,16
abrupt_balanced,176092387,pht_ht,30.0,grid,0.08771929824561404,0.08771929824561404,188.4,188.4,109,5,104,0.045871559633027525,1.0,5,0.35807234230260254,0.4444213534225224,16
abrupt_balanced,176623029,pht_ht,30.0,grid,0.08771929824561404,0.08771929824561404,188.4,188.4,109,5,104,0.045871559633027525,1.0,5,0.35807234230260254,0.4444213534225224,16
abrupt_balanced,232150720,pht_ht,30.0,grid,0.08771929824561404,0.08771929824561404,188.4,188.4,109,5,104,0.045871559633027525,1.0,5,0.35807234230260254,0.4444213534225224,16
abrupt_balanced,233227757,pht_ht,30.0,grid,0.08771929824561404,0.08771929824561404,188.4,188.4,109,5,104,0.045871559633027525,1.0,5,0.35807234230260254,0.4444213534225224,16
abrupt_balanced,398083709,pht_ht,30.0,grid,0.08771929824561404,0.08771929824561404,188.4,188.4,109,5,104,0.045871559633027525,1.0,5,0.35807234230260254,0.4444213534225224,16
abrupt_balanced,536987301,pht_ht,30.0,grid,0.08771929824561404,0.08771929824561404,188.4,188.4,109,5,104,0.045871559633027525,1.0,5,0.35807234230260254,0.4444213534225224,16
abrupt_balanced,569531098,pht_ht,30.0,grid,0.08771929824561404,0.08771929824561404,188.4,188.4,109,5,104,0.045871559633027525,1.0,5,0.35807234230260254,0.4444213534225224,16
abrupt_balanced,570914454,pht_ht,30.0,grid,0.08771929824561404,0.08771929824561404,188.4,188.4,109,5,104,0.045871559633027525,1.0,5,0.35807234230260254,0.4444213534225224,16
abrupt_balanced,592703045,pht_ht,30.0,grid,0.08771929824561404,0.08771929824561404,188.4,188.4,109,5,104,0.045871559633027525,1.0,5,0.35807234230260254,0.4444213534225224,16
abrupt_balanced,609942288,pht_ht,30.0,grid,0.08771929824561404,0.08771929824561404,188.4,188.4,109,5,104,0.045871559633027525,1.0,5,0.35807234230260254,0.4444213534225224,16
abrupt_balanced,612016888,pht_ht,30.0,grid,0.08771929824561404,0.08771929824561404,188.4,188.4,109,5,104,0.045871559633027525,1.0,5,0.35807234230260254,0.4444213534225224,16
abrupt_balanced,829139639,pht_ht,30.0,grid,0.08771929824561404,0.08771929824561404,188.4,188.4,109,5,104,0.045871559633027525,1.0,5,0.35807234230260254,0.4444213534225224,16
abrupt_balanced,877132087,pht_ht,30.0,grid,0.08771929824561404,0.08771929824561404,188.4,188.4,109,5,104,0.045871559633027525,1.0,5,0.35807234230260254,0.4444213534225224,16
abrupt_balanced,911875363,pht_ht,30.0,grid,0.08771929824561404,0.08771929824561404,188.4,188.4,109,5,104,0.045871559633027525,1.0,5,0.35807234230260254,0.4444213534225224,16
abrupt_balanced,1129302214,pht_ht,30.0,grid,0.08771929824561404,0.08771929824561404,188.4,188.4,109,5,104,0.045871559633027525,1.0,5,0.35807234230260254,0.4444213534225224,16
abrupt_balanced,1206282609,pht_ht,30.0,grid,0.08771929824561404,0.08771929824561404,188.4,188.4,109,5,104,0.045871559633027525,1.0,5,0.35807234230260254,0.4444213534225224,16
abrupt_balanced,1244265337,pht_ht,30.0,grid,0.08771929824561404,0.08771929824561404,188.4,188.4,109,5,104,0.045871559633027525,1.0,5,0.35807234230260254,0.4444213534225224,16
abrupt_balanced,1258460216,pht_ht,30.0,grid,0.08771929824561404,0.08771929824561404,188.4,188.4,109,5,104,0.045871559633027525,1.0,5,0.35807234230260254,0.4444213534225224,16
abrupt_balanced,1332204363,pht_ht,30.0,grid,0.08771929824561404,0.08771929824561404,188.4,188.4,109,5,104,0.045871559633027525,1.0,5,0.35807234230260254,0.4444213534225224,16
abrupt_balanced,1337295874,pht_ht,30.0,grid,0.08771929824561404,0.08771929824561404,188.4,188.4,109,5,104,0.045871559633027525,1.0,5,0.35807234230260254,0.4444213534225224,16
abrupt_balanced,1380564739,pht_ht,30.0,grid,0.08771929824561404,0.08771929824561404,188.4,188.4,109,5,104,0.045871559633027525,1.0,5,0.35807234230260254,0.4444213534225224,16
abrupt_balanced,1395586264,pht_ht,30.0,grid,0.08771929824561404,0.08771929824561404,188.4,188.4,109,5,104,0.045871559633027525,1.0,5,0.35807234230260254,0.4444213534225224,16
abrupt_balanced,1496786007,pht_ht,30.0,grid,0.08771929824561404,0.08771929824561404,188.4,188.4,109,5,104,0.045871559633027525,1.0,5,0.35807234230260254,0.4444213534225224,16
abrupt_balanced,1658700540,pht_ht,30.0,grid,0.08771929824561404,0.08771929824561404,188.4,188.4,109,5,104,0.045871559633027525,1.0,5,0.35807234230260254,0.4444213534225224,16
abrupt_balanced,1737489325,pht_ht,30.0,grid,0.08771929824561404,0.08771929824561404,188.4,188.4,109,5,104,0.045871559633027525,1.0,5,0.35807234230260254,0.4444213534225224,16
abrupt_balanced,1870843651,pht_ht,30.0,grid,0.08771929824561404,0.08771929824561404,188.4,188.4,109,5,104,0.045871559633027525,1.0,5,0.35807234230260254,0.4444213534225224,16
abrupt_balanced,1944468667,pht_ht,30.0,grid,0.08771929824561404,0.08771929824561404,188.4,188.4,109,5,104,0.045871559633027525,1.0,5,0.35807234230260254,0.4444213534225224,16
abrupt_balanced,76953952,pht_ht,44.902377993,lambda_ref,0.12698412698412698,0.12698412698412698,96.75,96.75,58,4,54,0.06896551724137931,0.8,5,0.34351565946184387,0.39108975191583323,5
abrupt_balanced,110020020,pht_ht,44.902377993,lambda_ref,0.12698412698412698,0.12698412698412698,96.75,96.75,58,4,54,0.06896551724137931,0.8,5,0.34351565946184387,0.39108975191583323,5
abrupt_balanced,168388230,pht_ht,44.902377993,lambda_ref,0.12698412698412698,0.12698412698412698,96.75,96.75,58,4,54,0.06896551724137931,0.8,5,0.34351565946184387,0.39108975191583323,5
abrupt_balanced,176092387,pht_ht,44.902377993,lambda_ref,0.12698412698412698,0.12698412698412698,96.75,96.75,58,4,54,0.06896551724137931,0.8,5,0.34351565946184387,0.39108975191583323,5
abrupt_balanced,176623029,pht_ht,44.902377993,lambda_ref,0.12698412698412698,0.12698412698412698,96.75,96.75,58,4,54,0.06896551724137931,0.8,5,0.34351565946184387,0.39108975191583323,5
abrupt_balanced,232150720,pht_ht,44.902377993,lambda_ref,0.12698412698412698,0.12698412698412698,96.75,96.75,58,4,54,0.06896551724137931,0.8,5,0.34351565946184387,0.39108975191583323,5
abrupt_balanced,233227757,pht_ht,44.902377993,lambda_ref,0.12698412698412698,0.12698412698412698,96.75,96.75,58,4,54,0.06896551724137931,0.8,5,0.34351565946184387,0.39108975191583323,5
abrupt_balanced,398083709,pht_ht,44.902377993,lambda_ref,0.12698412698412698,0.12698412698412698,96.75,96.75,58,4,54,0.06896551724137931,0.8,5,0.34351565946184387,0.39108975191583323,5
abrupt_balanced,536987301,pht_ht,44.902377993,lambda_ref,0.12698412698412698,0.12698412698412698,96.75,96.75,58,4,54,0.06896551724137931,0.8,5,0.34351565946184387,0.39108975191583323,5
abrupt_balanced,569531098,pht_ht,44.902377993,lambda_ref,0.12698412698412698,0.12698412698412698,96.75,96.75,58,4,54,0.06896551724137931,0.8,5,0.34351565946184387,0.39108975191583323,5
abrupt_balanced,570914454,pht_ht,44.902377993,lambda_ref,0.12698412698412698,0.12698412698412698,96.75,96.75,58,4,54,0.06896551724137931,0.8,5,0.34351565946184387,0.39108975191583323,5
abrupt_balanced,592703045,pht_ht,44.902377993,lambda_ref,0.12698412698412698,0.12698412698412698,96.75,96.75,58,4,54,0.06896551724137931,0.8,5,0.34351565946184387,0.39108975191583323,5
abrupt_balanced,609942288,pht_ht,44.902377993,lambda_ref,0.12698412698412698,0.12698412698412698,96.75,96.75,58,4,54,0.06896551724137931,0.8,5,0.34351565946184387,0.39108975191583323,5
abrupt_balanced,612016888,pht_ht,44.902377993,lambda_ref,0.12698412698412698,0.12698412698412698,96.75,96.75,58,4,54,0.06896551724137931,0.8,5,0.34351565946184387,0.39108975191583323,5
abrupt_balanced,829139639,pht_ht,44.902377993,lambda_ref,0.12698412698412698,0.12698412698412698,96.75,96.75,58,4,54,0.06896551724137931,0.8,5,0.34351565946184387,0.39108975191583323,5
abrupt_balanced,877132087,pht_ht,44.902377993,lambda_ref,0.12698412698412698,0.12698412698412698,96.75,96.75,58,4,54,0.06896551724137931,0.8,5,0.34351565946184387,0.39108975191583323,5
abrupt_balanced,911875363,pht_ht,44.902377993,lambda_ref,0.12698412698412698,0.12698412698412698,96.75,96.75,58,4,54,0.06896551724137931,0.8,5,0.34351565946184387,0.39108975191583323,5
abrupt_balanced,1129302214,pht_ht,44.902377993,lambda_ref,0.12698412698412698,0.12698412698412698,96.75,96.75,58,4,54,0.06896551724137931,0.8,5,0.34351565946184387,0.39108975191583323,5
abrupt_balanced,1206282609,pht_ht,44.902377993,lambda_ref,0.12698412698412698,0.12698412698412698,96.75,96.75,58,4,54,0.06896551724137931,0.8,5,0.34351565946184387,0.39108975191583323,5
abrupt_balanced,1244265337,pht_ht,44.902377993,lambda_ref,0.12698412698412698,0.12698412698412698,96.75,96.75,58,4,54,0.06896551724137931,0.8,5,0.34351565946184387,0.39108975191583323,5
abrupt_balanced,1258460216,pht_ht,44.902377993,lambda_ref,0.12698412698412698,0.12698412698412698,96.75,96.75,58,4,54,0.06896551724137931,0.8,5,0.34351565946184387,0.39108975191583323,5
abrupt_balanced,1332204363,pht_ht,44.902377993,lambda_ref,0.12698412698412698,0.12698412698412698,96.75,96.75,58,4,54,0.06896551724137931,0.8,5,0.34351565946184387,0.39108975191583323,5
abrupt_balanced,1337295874,pht_ht,44.902377993,lambda_ref,0.12698412698412698,0.12698412698412698,96.75,96.75,58,4,54,0.06896551724137931,0.8,5,0.34351565946184387,0.39108975191583323,5
abrupt_balanced,1380564739,pht_ht,44.902377993,lambda_ref,0.12698412698412698,0.12698412698412698,96.75,96.75,58,4,54,0.06896551724137931,0.8,5,0.34351565946184387,0.39108975191583323,5
abrupt_balanced,1395586264,pht_ht,44.902377993,lambda_ref,0.12698412698412698,0.12698412698412698,96.75,96.75,58,4,54,0.06896551724137931,0.8,5,0.34351565946184387,0.39108975191583323,5
abrupt_balanced,1496786007,pht_ht,44.902377993,lambda_ref,0.12698412698412698,0.12698412698412698,96.75,96.75,58,4,54,0.06896551724137931,0.8,5,0.34351565946184387,0.39108975191583323,5
abrupt_balanced,1658700540,pht_ht,44.902377993,lambda_ref,0.12698412698412698,0.12698412698412698,96.75,96.75,58,4,54,0.06896551724137931,0.8,5,0.34351565946184387,0.39108975191583323,5
abrupt_balanced,1737489325,pht_ht,44.902377993,lambda_ref,0.12698412698412698,0.12698412698412698,96.75,96.75,58,4,54,0.06896551724137931,0.8,5,0.34351565946184387,0.39108975191583323,5
abrupt_balanced,1870843651,pht_ht,44.902377993,lambda_ref,0.12698412698412698,0.12698412698412698,96.75,96.75,58,4,54,0.06896551724137931,0.8,5,0.34351565946184387,0.39108975191583323,5
abrupt_balanced,1944468667,pht_ht,44.902377993,lambda_ref,0.12698412698412698,0.12698412698412698,96.75,96.75,58,4,54,0.06896551724137931,0.8,5,0.34351565946184387,0.39108975191583323,5
abrupt_balanced,76953952,pht_ht,45.0,grid,0.18181818181818182,0.18181818181818182,665.2,665.2,50,5,45,0.1,1.0,5,0.34351565946184387,0.38384205741005323,5
abrupt_balanced,110020020,pht_ht,45.0,grid,0.18181818181818182,0.18181818181818182,665.2,665.2,50,5,45,0.1,1.0,5,0.34351565946184387,0.38384205741005323,5
abrupt_balanced,168388230,pht_ht,45.0,grid,0.18181818181818182,0.18181818181818182,665.2,665.2,50,5,45,0.1,1.0,5,0.34351565946184387,0.38384205741005323,5
abrupt_balanced,176092387,pht_ht,45.0,grid,0.18181818181818182,0.18181818181818182,665.2,665.2,50,5,45,0.1,1.0,5,0.34351565946184387,0.38384205741005323,5
abrupt_balanced,176623029,pht_ht,45.0,grid,0.18181818181818182,0.18181818181818182,665.2,665.2,50,5,45,0.1,1.0,5,0.34351565946184387,0.38384205741005323,5
abrupt_balanced,232150720,pht_ht,45.0,grid,0.18181818181818182,0.18181818181818182,665.2,665.2,50,5,45,0.1,1.0,5,0.34351565946184387,0.38384205741005323,5
abrupt_balanced,233227757,pht_ht,45.0,grid,0.18181818181818182,0.18181818181818182,665.2,665.2,50,5,45,0.1,1.0,5,0.34351565946184387,0.38384205741005323,5
abrupt_balanced,398083709,pht_ht,45.0,grid,0.18181818181818182,0.18181818181818182,665.2,665.2,50,5,45,0.1,1.0,5,0.34351565946184387,0.38384205741005323,5
abrupt_balanced,536987301,pht_ht,45.0,grid,0.18181818181818182,0.18181818181818182,665.2,665.2,50,5,45,0.1,1.0,5,0.34351565946184387,0.38384205741005323,5
abrupt_balanced,569531098,pht_ht,45.0,grid,0.18181818181818182,0.18181818181818182,665.2,665.2,50,5,45,0.1,1.0,5,0.34351565946184387,0.38384205741005323,5
abrupt_balanced,570914454,pht_ht,45.0,grid,0.18181818181818182,0.18181818181818182,665.2,665.2,50,5,45,0.1,1.0,5,0.34351565946184387,0.38384205741005323,5
abrupt_balanced,592703045,pht_ht,45.0,grid,0.18181818181818182,0.18181818181818182,665.2,665.2,50,5,45,0.1,1.0,5,0.34351565946184387,0.38384205741005323,5
abrupt_balanced,609942288,pht_ht,45.0,grid,0.18181818181818182,0.18181818181818182,665.2,665.2,50,5,45,0.1,1.0,5,0.34351565946184387,0.38384205741005323,5
abrupt_balanced,612016888,pht_ht,45.0,grid,0.18181818181818182,0.18181818181818182,665.2,665.2,50,5,45,0.1,1.0,5,0.34351565946184387,0.38384205741005323,5
abrupt_balanced,829139639,pht_ht,45.0,grid,0.18181818181818182,0.18181818181818182,665.2,665.2,50,5,45,0.1,1.0,5,0.34351565946184387,0.38384205741005323,5
abrupt_balanced,877132087,pht_ht,45.0,grid,0.18181818181818182,0.18181818181818182,665.2,665.2,50,5,45,0.1,1.0,5,0.34351565946184387,0.38384205741005323,5
abrupt_balanced,911875363,pht_ht,45.0,grid,0.18181818181818182,0.18181818181818182,665.2,665.2,50,5,45,0.1,1.0,5,0.34351565946184387,0.38384205741005323,5
abrupt_balanced,1129302214,pht_ht,45.0,grid,0.18181818181818182,0.18181818181818182,665.2,665.2,50,5,45,0.1,1.0,5,0.34351565946184387,0.38384205741005323,5
abrupt_balanced,1206282609,pht_ht,45.0,grid,0.18181818181818182,0.18181818181818182,665.2,665.2,50,5,45,0.1,1.0,5,0.34351565946184387,0.38384205741005323,5
abrupt_balanced,1244265337,pht_ht,45.0,grid,0.18181818181818182,0.18181818181818182,665.2,665.2,50,5,45,0.1,1.0,5,0.34351565946184387,0.38384205741005323,5
abrupt_balanced,1258460216,pht_ht,45.0,grid,0.18181818181818182,0.18181818181818182,665.2,665.2,50,5,45,0.1,1.0,5,0.34351565946184387,0.38384205741005323,5
abrupt_balanced,1332204363,pht_ht,45.0,grid,0.18181818181818182,0.18181818181818182,665.2,665.2,50,5,45,0.1,1.0,5,0.34351565946184387,0.38384205741005323,5
abrupt_balanced,1337295874,pht_ht,45.0,grid,0.18181818181818182,0.18181818181818182,665.2,665.2,50,5,45,0.1,1.0,5,0.34351565946184387,0.38384205741005323,5
abrupt_balanced,1380564739,pht_ht,45.0,grid,0.18181818181818182,0.18181818181818182,665.2,665.2,50,5,45,0.1,1.0,5,0.34351565946184387,0.38384205741005323,5
abrupt_balanced,1395586264,pht_ht,45.0,grid,0.18181818181818182,0.18181818181818182,665.2,665.2,50,5,45,0.1,1.0,5,0.34351565946184387,0.38384205741005323,5
abrupt_balanced,1496786007,pht_ht,45.0,grid,0.18181818181818182,0.18181818181818182,665.2,665.2,50,5,45,0.1,1.0,5,0.34351565946184387,0.38384205741005323,5
abrupt_balanced,1658700540,pht_ht,45.0,grid,0.18181818181818182,0.18181818181818182,665.2,665.2,50,5,45,0.1,1.0,5,0.34351565946184387,0.38384205741005323,5
abrupt_balanced,1737489325,pht_ht,45.0,grid,0.18181818181818182,0.18181818181818182,665.2,665.2,50,5,45,0.1,1.0,5,0.34351565946184387,0.38384205741005323,5
abrupt_balanced,1870843651,pht_ht,45.0,grid,0.18181818181818182,0.18181818181818182,665.2,665.2,50,5,45,0.1,1.0,5,0.34351565946184387,0.38384205741005323,5
abrupt_balanced,1944468667,pht_ht,45.0,grid,0.18181818181818182,0.18181818181818182,665.2,665.2,50,5,45,0.1,1.0,5,0.34351565946184387,0.38384205741005323,5
abrupt_balanced,76953952,pht_ht,47.603462905,lambda_eq_span,0.18604651162790697,0.18604651162790697,174.5,174.5,38,4,34,0.10526315789473684,0.8,5,0.3309439788266431,0.41348227042473046,1
abrupt_balanced,110020020,pht_ht,47.603462905,lambda_eq_span,0.18604651162790697,0.18604651162790697,174.5,174.5,38,4,34,0.10526315789473684,0.8,5,0.3309439788266431,0.41348227042473046,1
abrupt_balanced,168388230,pht_ht,47.603462905,lambda_eq_span,0.18604651162790697,0.18604651162790697,174.5,174.5,38,4,34,0.10526315789473684,0.8,5,0.3309439788266431,0.41348227042473046,1
abrupt_balanced,176092387,pht_ht,47.603462905,lambda_eq_span,0.18604651162790697,0.18604651162790697,174.5,174.5,38,4,34,0.10526315789473684,0.8,5,0.3309439788266431,0.41348227042473046,1
abrupt_balanced,176623029,pht_ht,47.603462905,lambda_eq_span,0.18604651162790697,0.18604651162790697,174.5,174.5,38,4,34,0.10526315789473684,0.8,5,0.3309439788266431,0.41348227042473046,1
abrupt_balanced,232150720,pht_ht,47.603462905,lambda_eq_span,0.18604651162790697,0.18604651162790697,174.5,174.5,38,4,34,0.10526315789473684,0.8,5,0.3309439788266431,0.41348227042473046,1
abrupt_balanced,233227757,pht_ht,47.603462905,lambda_eq_span,0.18604651162790697,0.18604651162790697,174.5,174.5,38,4,34,0.10526315789473684,0.8,5,0.3309439788266431,0.41348227042473046,1
abrupt_balanced,398083709,pht_ht,47.603462905,lambda_eq_span,0.18604651162790697,0.18604651162790697,174.5,174.5,38,4,34,0.10526315789473684,0.8,5,0.3309439788266431,0.41348227042473046,1
abrupt_balanced,536987301,pht_ht,47.603462905,lambda_eq_span,0.18604651162790697,0.18604651162790697,174.5,174.5,38,4,34,0.10526315789473684,0.8,5,0.3309439788266431,0.41348227042473046,1
abrupt_balanced,569531098,pht_ht,47.603462905,lambda_eq_span,0.18604651162790697,0.18604651162790697,174.5,174.5,38,4,34,0.10526315789473684,0.8,5,0.3309439788266431,0.41348227042473046,1
abrupt_balanced,570914454,pht_ht,47.603462905,lambda_eq_span,0.18604651162790697,0.18604651162790697,174.5,174.5,38,4,34,0.10526315789473684,0.8,5,0.3309439788266431,0.41348227042473046,1
abrupt_balanced,592703045,pht_ht,47.603462905,lambda_eq_span,0.18604651162790697,0.18604651162790697,174.5,174.5,38,4,34,0.10526315789473684,0.8,5,0.3309439788266431,0.41348227042473046,1
abrupt_balanced,609942288,pht_ht,47.603462905,lambda_eq_span,0.18604651162790697,0.18604651162790697,174.5,174.5,38,4,34,0.10526315789473684,0.8,5,0.3309439788266431,0.41348227042473046,1
abrupt_balanced,612016888,pht_ht,47.603462905,lambda_eq_span,0.18604651162790697,0.18604651162790697,174.5,174.5,38,4,34,0.10526315789473684,0.8,5,0.3309439788266431,0.41348227042473046,1
abrupt_balanced,829139639,pht_ht,47.603462905,lambda_eq_span,0.18604651162790697,0.18604651162790697,174.5,174.5,38,4,34,0.10526315789473684,0.8,5,0.3309439788266431,0.41348227042473046,1
abrupt_balanced,877132087,pht_ht,47.603462905,lambda_eq_span,0.18604651162790697,0.18604651162790697,174.5,174.5,38,4,34,0.10526315789473684,0.8,5,0.3309439788266431,0.41348227042473046,1
abrupt_balanced,911875363,pht_ht,47.603462905,lambda_eq_span,0.18604651162790697,0.18604651162790697,174.5,174.5,38,4,34,0.10526315789473684,0.8,5,0.3309439788266431,0.41348227042473046,1
abrupt_balanced,1129302214,pht_ht,47.603462905,lambda_eq_span,0.18604651162790697,0.18604651162790697,174.5,174.5,38,4,34,0.10526315789473684,0.8,5,0.3309439788266431,0.41348227042473046,1
abrupt_balanced,1206282609,pht_ht,47.603462905,lambda_eq_span,0.18604651162790697,0.18604651162790697,174.5,174.5,38,4,34,0.10526315789473684,0.8,5,0.3309439788266431,0.41348227042473046,1
abrupt_balanced,1244265337,pht_ht,47.603462905,lambda_eq_span,0.18604651162790697,0.18604651162790697,174.5,174.5,38,4,34,0.10526315789473684,0.8,5,0.3309439788266431,0.41348227042473046,1
abrupt_balanced,1258460216,pht_ht,47.603462905,lambda_eq_span,0.18604651162790697,0.18604651162790697,174.5,174.5,38,4,34,0.10526315789473684,0.8,5,0.3309439788266431,0.41348227042473046,1
abrupt_balanced,1332204363,pht_ht,47.603462905,lambda_eq_span,0.18604651162790697,0.18604651162790697,174.5,174.5,38,4,34,0.10526315789473684,0.8,5,0.3309439788266431,0.41348227042473046,1
abrupt_balanced,1337295874,pht_ht,47.603462905,lambda_eq_span,0.18604651162790697,0.18604651162790697,174.5,174.5,38,4,34,0.10526315789473684,0.8,5,0.3309439788266431,0.41348227042473046,1
abrupt_balanced,1380564739,pht_ht,47.603462905,lambda_eq_span,0.18604651162790697,0.18604651162790697,174.5,174.5,38,4,34,0.10526315789473684,0.8,5,0.3309439788266431,0.41348227042473046,1
abrupt_balanced,1395586264,pht_ht,47.603462905,lambda_eq_span,0.18604651162790697,0.18604651162790697,174.5,174.5,38,4,34,0.10526315789473684,0.8,5,0.3309439788266431,0.41348227042473046,1
abrupt_balanced,1496786007,pht_ht,47.603462905,lambda_eq_span,0.18604651162790697,0.18604651162790697,174.5,174.5,38,4,34,0.10526315789473684,0.8,5,0.3309439788266431,0.41348227042473046,1
abrupt_balanced,1658700540,pht_ht,47.603462905,lambda_eq_span,0.18604651162790697,0.18604651162790697,174.5,174.5,38,4,34,0.10526315789473684,0.8,5,0.3309439788266431,0.41348227042473046,1
abrupt_balanced,1737489325,pht_ht,47.603462905,lambda_eq_span,0.18604651162790697,0.18604651162790697,174.5,174.5,38,4,34,0.10526315789473684,0.8,5,0.3309439788266431,0.41348227042473046,1
abrupt_balanced,1870843651,pht_ht,47.603462905,lambda_eq_span,0.18604651162790697,0.18604651162790697,174.5,174.5,38,4,34,0.10526315789473684,0.8,5,0.3309439788266431,0.41348227042473046,1
abrupt_balanced,1944468667,pht_ht,47.603462905,lambda_eq_span,0.18604651162790697,0.18604651162790697,174.5,174.5,38,4,34,0.10526315789473684,0.8,5,0.3309439788266431,0.41348227042473046,1
abrupt_balanced,76953952,pht_ht,65.0,grid,0.19999999999999998,0.19999999999999998,400.0,400.0,35,4,31,0.11428571428571428,0.8,5,0.3356859285399206,0.3825172100272763,1
abrupt_balanced,110020020,pht_ht,65.0,grid,0.19999999999999998,0.19999999999999998,400.0,400.0,35,4,31,0.11428571428571428,0.8,5,0.3356859285399206,0.3825172100272763,1
abrupt_balanced,168388230,pht_ht,65.0,grid,0.19999999999999998,0.19999999999999998,400.0,400.0,35,4,31,0.11428571428571428,0.8,5,0.3356859285399206,0.3825172100272763,1
abrupt_balanced,176092387,pht_ht,65.0,grid,0.19999999999999998,0.19999999999999998,400.0,400.0,35,4,31,0.11428571428571428,0.8,5,0.3356859285399206,0.3825172100272763,1
abrupt_balanced,176623029,pht_ht,65.0,grid,0.19999999999999998,0.19999999999999998,400.0,400.0,35,4,31,0.11428571428571428,0.8,5,0.3356859285399206,0.3825172100272763,1
abrupt_balanced,232150720,pht_ht,65.0,grid,0.19999999999999998,0.19999999999999998,400.0,400.0,35,4,31,0.11428571428571428,0.8,5,0.3356859285399206,0.3825172100272763,1
abrupt_balanced,233227757,pht_ht,65.0,grid,0.19999999999999998,0.19999999999999998,400.0,400.0,35,4,31,0.11428571428571428,0.8,5,0.3356859285399206,0.3825172100272763,1
abrupt_balanced,398083709,pht_ht,65.0,grid,0.19999999999999998,0.19999999999999998,400.0,400.0,35,4,31,0.11428571428571428,0.8,5,0.3356859285399206,0.3825172100272763,1
abrupt_balanced,536987301,pht_ht,65.0,grid,0.19999999999999998,0.19999999999999998,400.0,400.0,35,4,31,0.11428571428571428,0.8,5,0.3356859285399206,0.3825172100272763,1
abrupt_balanced,569531098,pht_ht,65.0,grid,0.19999999999999998,0.19999999999999998,400.0,400.0,35,4,31,0.11428571428571428,0.8,5,0.3356859285399206,0.3825172100272763,1
abrupt_balanced,570914454,pht_ht,65.0,grid,0.19999999999999998,0.19999999999999998,400.0,400.0,35,4,31,0.11428571428571428,0.8,5,0.3356859285399206,0.3825172100272763,1
abrupt_balanced,592703045,pht_ht,65.0,grid,0.19999999999999998,0.19999999999999998,400.0,400.0,35,4,31,0.11428571428571428,0.8,5,0.3356859285399206,0.3825172100272763,1
abrupt_balanced,609942288,pht_ht,65.0,grid,0.19999999999999998,0.19999999999999998,400.0,400.0,35,4,31,0.11428571428571428,0.8,5,0.3356859285399206,0.3825172100272763,1
abrupt_balanced,612016888,pht_ht,65.0,grid,0.19999999999999998,0.19999999999999998,400.0,400.0,35,4,31,0.11428571428571428,0.8,5,0.3356859285399206,0.3825172100272763,1
abrupt_balanced,829139639,pht_ht,65.0,grid,0.19999999999999998,0.19999999999999998,400.0,400.0,35,4,31,0.11428571428571428,0.8,5,0.3356859285399206,0.3825172100272763,1
abrupt_balanced,877132087,pht_ht,65.0,grid,0.19999999999999998,0.19999999999999998,400.0,400.0,35,4,31,0.11428571428571428,0.8,5,0.3356859285399206,0.3825172100272763,1
abrupt_balanced,911875363,pht_ht,65.0,grid,0.19999999999999998,0.19999999999999998,400.0,400.0,35,4,31,0.11428571428571428,0.8,5,0.3356859285399206,0.3825172100272763,1
abrupt_balanced,1129302214,pht_ht,65.0,grid,0.19999999999999998,0.19999999999999998,400.0,400.0,35,4,31,0.11428571428571428,0.8,5,0.3356859285399206,0.3825172100272763,1
abrupt_balanced,1206282609,pht_ht,65.0,grid,0.19999999999999998,0.19999999999999998,400.0,400.0,35,4,31,0.11428571428571428,0.8,5,0.3356859285399206,0.3825172100272763,1
abrupt_balanced,1244265337,pht_ht,65.0,grid,0.19999999999999998,0.19999999999999998,400.0,400.0,35,4,31,0.11428571428571428,0.8,5,0.3356859285399206,0.3825172100272763,1
abrupt_balanced,1258460216,pht_ht,65.0,grid,0.19999999999999998,0.19999999999999998,400.0,400.0,35,4,31,0.11428571428571428,0.8,5,0.3356859285399206,0.3825172100272763,1
abrupt_balanced,1332204363,pht_ht,65.0,grid,0.19999999999999998,0.19999999999999998,400.0,400.0,35,4,31,0.11428571428571428,0.8,5,0.3356859285399206,0.3825172100272763,1
abrupt_balanced,1337295874,pht_ht,65.0,grid,0.19999999999999998,0.19999999999999998,400.0,400.0,35,4,31,0.11428571428571428,0.8,5,0.3356859285399206,0.3825172100272763,1
abrupt_balanced,1380564739,pht_ht,65.0,grid,0.19999999999999998,0.19999999999999998,400.0,400.0,35,4,31,0.11428571428571428,0.8,5,0.3356859285399206,0.3825172100272763,1
abrupt_balanced,1395586264,pht_ht,65.0,grid,0.19999999999999998,0.19999999999999998,400.0,400.0,35,4,31,0.11428571428571428,0.8,5,0.3356859285399206,0.3825172100272763,1
abrupt_balanced,1496786007,pht_ht,65.0,grid,0.19999999999999998,0.19999999999999998,400.0,400.0,35,4,31,0.11428571428571428,0.8,5,0.3356859285399206,0.3825172100272763,1
abrupt_balanced,1658700540,pht_ht,65.0,grid,0.19999999999999998,0.19999999999999998,400.0,400.0,35,4,31,0.11428571428571428,0.8,5,0.3356859285399206,0.3825172100272763,1
abrupt_balanced,1737489325,pht_ht,65.0,grid,0.19999999999999998,0.19999999999999998,400.0,400.0,35,4,31,0.11428571428571428,0.8,5,0.3356859285399206,0.3825172100272763,1
abrupt_balanced,1870843651,pht_ht,65.0,grid,0.19999999999999998,0.19999999999999998,400.0,400.0,35,4,31,0.11428571428571428,0.8,5,0.3356859285399206,0.3825172100272763,1
abrupt_balanced,1944468667,pht_ht,65.0,grid,0.19999999999999998,0.19999999999999998,400.0,400.0,35,4,31,0.11428571428571428,0.8,5,0.3356859285399206,0.3825172100272763,1
abrupt_balanced,76953952,pht_ht,95.0,grid,0.2608695652173913,0.2608695652173913,280.0,280.0,18,3,15,0.16666666666666666,0.6,5,0.34296426996029994,0.3738927133393947,1
abrupt_balanced,110020020,pht_ht,95.0,grid,0.2608695652173913,0.2608695652173913,280.0,280.0,18,3,15,0.16666666666666666,0.6,5,0.34296426996029994,0.3738927133393947,1
abrupt_balanced,168388230,pht_ht,95.0,grid,0.2608695652173913,0.2608695652173913,280.0,280.0,18,3,15,0.16666666666666666,0.6,5,0.34296426996029994,0.3738927133393947,1
abrupt_balanced,176092387,pht_ht,95.0,grid,0.2608695652173913,0.2608695652173913,280.0,280.0,18,3,15,0.16666666666666666,0.6,5,0.34296426996029994,0.3738927133393947,1
abrupt_balanced,176623029,pht_ht,95.0,grid,0.2608695652173913,0.2608695652173913,280.0,280.0,18,3,15,0.16666666666666666,0.6,5,0.34296426996029994,0.3738927133393947,1
abrupt_balanced,232150720,pht_ht,95.0,grid,0.2608695652173913,0.2608695652173913,280.0,280.0,18,3,15,0.16666666666666666,0.6,5,0.34296426996029994,0.3738927133393947,1
abrupt_balanced,233227757,pht_ht,95.0,grid,0.2608695652173913,0.2608695652173913,280.0,280.0,18,3,15,0.16666666666666666,0.6,5,0.34296426996029994,0.3738927133393947,1
abrupt_balanced,398083709,pht_ht,95.0,grid,0.2608695652173913,0.2608695652173913,280.0,280.0,18,3,15,0.16666666666666666,0.6,5,0.34296426996029994,0.3738927133393947,1
abrupt_balanced,536987301,pht_ht,95.0,grid,0.2608695652173913,0.2608695652173913,280.0,280.0,18,3,15,0.16666666666666666,0.6,5,0.34296426996029994,0.3738927133393947,1
abrupt_balanced,569531098,pht_ht,95.0,grid,0.2608695652173913,0.2608695652173913,280.0,280.0,18,3,15,0.16666666666666666,0.6,5,0.34296426996029994,0.3738927133393947,1
abrupt_balanced,570914454,pht_ht,95.0,grid,0.2608695652173913,0.2608695652173913,280.0,280.0,18,3,15,0.16666666666666666,0.6,5,0.34296426996029994,0.3738927133393947,1
abrupt_balanced,592703045,pht_ht,95.0,grid,0.2608695652173913,0.2608695652173913,280.0,280.0,18,3,15,0.16666666666666666,0.6,5,0.34296426996029994,0.3738927133393947,1
abrupt_balanced,609942288,pht_ht,95.0,grid,0.2608695652173913,0.2608695652173913,280.0,280.0,18,3,15,0.16666666666666666,0.6,5,0.34296426996029994,0.3738927133393947,1
abrupt_balanced,612016888,pht_ht,95.0,grid,0.2608695652173913,0.2608695652173913,280.0,280.0,18,3,15,0.16666666666666666,0.6,5,0.34296426996029994,0.3738927133393947,1
abrupt_balanced,829139639,pht_ht,95.0,grid,0.2608695652173913,0.2608695652173913,280.0,280.0,18,3,15,0.16666666666666666,0.6,5,0.34296426996029994,0.3738927133393947,1
abrupt_balanced,877132087,pht_ht,95.0,grid,0.2608695652173913,0.2608695652173913,280.0,280.0,18,3,15,0.16666666666666666,0.6,5,0.34296426996029994,0.3738927133393947,1
abrupt_balanced,911875363,pht_ht,95.0,grid,0.2608695652173913,0.2608695652173913,280.0,280.0,18,3,15,0.16666666666666666,0.6,5,0.34296426996029994,0.3738927133393947,1
abrupt_balanced,1129302214,pht_ht,95.0,grid,0.2608695652173913,0.2608695652173913,280.0,280.0,18,3,15,0.16666666666666666,0.6,5,0.34296426996029994,0.3738927133393947,1
abrupt_balanced,1206282609,pht_ht,95.0,grid,0.2608695652173913,0.2608695652173913,280.0,280.0,18,3,15,0.16666666666666666,0.6,5,0.34296426996029994,0.3738927133393947,1
abrupt_balanced,1244265337,pht_ht,95.0,grid,0.2608695652173913,0.2608695652173913,280.0,280.0,18,3,15,0.16666666666666666,0.6,5,0.34296426996029994,0.3738927133393947,1
abrupt_balanced,1258460216,pht_ht,95.0,grid,0.2608695652173913,0.2608695652173913,280.0,280.0,18,3,15,0.16666666666666666,0.6,5,0.34296426996029994,0.3738927133393947,1
abrupt_balanced,1332204363,pht_ht,95.0,grid,0.2608695652173913,0.2608695652173913,280.0,280.0,18,3,15,0.16666666666666666,0.6,5,0.34296426996029994,0.3738927133393947,1
abrupt_balanced,1337295874,pht_ht,95.0,grid,0.2608695652173913,0.2608695652173913,280.0,280.0,18,3,15,0.16666666666666666,0.6,5,0.34296426996029994,0.3738927133393947,1
abrupt_balanced,1380564739,pht_ht,95.0,grid,0.2608695652173913,0.2608695652173913,280.0,280.0,18,3,15,0.16666666666666666,0.6,5,0.34296426996029994,0.3738927133393947,1
abrupt_balanced,1395586264,pht_ht,95.0,grid,0.2608695652173913,0.2608695652173913,280.0,280.0,18,3,15,0.16666666666666666,0.6,5,0.34296426996029994,0.3738927133393947,1
abrupt_balanced,1496786007,pht_ht,95.0,grid,0.2608695652173913,0.2608695652173913,280.0,280.0,18,3,15,0.16666666666666666,0.6,5,0.34296426996029994,0.3738927133393947,1
abrupt_balanced,1658700540,pht_ht,95.0,grid,0.2608695652173913,0.2608695652173913,280.0,280.0,18,3,15,0.16666666666666666,0.6,5,0.34296426996029994,0.3738927133393947,1
abrupt_balanced,1737489325,pht_ht,95.0,grid,0.2608695652173913,0.2608695652173913,280.0,280.0,18,3,15,0.16666666666666666,0.6,5,0.34296426996029994,0.3738927133393947,1
abrupt_balanced,1870843651,pht_ht,95.0,grid,0.2608695652173913,0.2608695652173913,280.0,280.0,18,3,15,0.16666666666666666,0.6,5,0.34296426996029994,0.3738927133393947,1
abrupt_balanced,1944468667,pht_ht,95.0,grid,0.2608695652173913,0.2608695652173913,280.0,280.0,18,3,15,0.16666666666666666,0.6,5,0.34296426996029994,0.3738927133393947,1
abrupt_balanced,76953952,pht_ht,135.0,grid,0.4,0.4,389.25,389.25,15,4,11,0.26666666666666666,0.8,5,0.34958094397882666,0.3886738537472399,1
abrupt_balanced,110020020,pht_ht,135.0,grid,0.4,0.4,389.25,389.25,15,4,11,0.26666666666666666,0.8,5,0.34958094397882666,0.3886738537472399,1
abrupt_balanced,168388230,pht_ht,135.0,grid,0.4,0.4,389.25,389.25,15,4,11,0.26666666666666666,0.8,5,0.34958094397882666,0.3886738537472399,1
abrupt_balanced,176092387,pht_ht,135.0,grid,0.4,0.4,389.25,389.25,15,4,11,0.26666666666666666,0.8,5,0.34958094397882666,0.3886738537472399,1
abrupt_balanced,176623029,pht_ht,135.0,grid,0.4,0.4,389.25,389.25,15,4,11,0.26666666666666666,0.8,5,0.34958094397882666,0.3886738537472399,1
abrupt_balanced,232150720,pht_ht,135.0,grid,0.4,0.4,389.25,389.25,15,4,11,0.26666666666666666,0.8,5,0.34958094397882666,0.3886738537472399,1
abrupt_balanced,233227757,pht_ht,135.0,grid,0.4,0.4,389.25,389.25,15,4,11,0.26666666666666666,0.8,5,0.34958094397882666,0.3886738537472399,1
abrupt_balanced,398083709,pht_ht,135.0,grid,0.4,0.4,389.25,389.25,15,4,11,0.26666666666666666,0.8,5,0.34958094397882666,0.3886738537472399,1
abrupt_balanced,536987301,pht_ht,135.0,grid,0.4,0.4,389.25,389.25,15,4,11,0.26666666666666666,0.8,5,0.34958094397882666,0.3886738537472399,1
abrupt_balanced,569531098,pht_ht,135.0,grid,0.4,0.4,389.25,389.25,15,4,11,0.26666666666666666,0.8,5,0.34958094397882666,0.3886738537472399,1
abrupt_balanced,570914454,pht_ht,135.0,grid,0.4,0.4,389.25,389.25,15,4,11,0.26666666666666666,0.8,5,0.34958094397882666,0.3886738537472399,1
abrupt_balanced,592703045,pht_ht,135.0,grid,0.4,0.4,389.25,389.25,15,4,11,0.26666666666666666,0.8,5,0.34958094397882666,0.3886738537472399,1
abrupt_balanced,609942288,pht_ht,135.0,grid,0.4,0.4,389.25,389.25,15,4,11,0.26666666666666666,0.8,5,0.34958094397882666,0.3886738537472399,1
abrupt_balanced,612016888,pht_ht,135.0,grid,0.4,0.4,389.25,389.25,15,4,11,0.26666666666666666,0.8,5,0.34958094397882666,0.3886738537472399,1
abrupt_balanced,829139639,pht_ht,135.0,grid,0.4,0.4,389.25,389.25,15,4,11,0.26666666666666666,0.8,5,0.34958094397882666,0.3886738537472399,1
abrupt_balanced,877132087,pht_ht,135.0,grid,0.4,0.4,389.25,389.25,15,4,11,0.26666666666666666,0.8,5,0.34958094397882666,0.3886738537472399,1
abrupt_balanced,911875363,pht_ht,135.0,grid,0.4,0.4,389.25,389.25,15,4,11,0.26666666666666666,0.8,5,0.34958094397882666,0.3886738537472399,1
abrupt_balanced,1129302214,pht_ht,135.0,grid,0.4,0.4,389.25,389.25,15,4,11,0.26666666666666666,0.8,5,0.34958094397882666,0.3886738537472399,1
abrupt_balanced,1206282609,pht_ht,135.0,grid,0.4,0.4,389.25,389.25,15,4,11,0.26666666666666666,0.8,5,0.34958094397882666,0.3886738537472399,1
abrupt_balanced,1244265337,pht_ht,135.0,grid,0.4,0.4,389.25,389.25,15,4,11,0.26666666666666666,0.8,5,0.34958094397882666,0.3886738537472399,1
abrupt_balanced,1258460216,pht_ht,135.0,grid,0.4,0.4,389.25,389.25,15,4,11,0.26666666666666666,0.8,5,0.34958094397882666,0.3886738537472399,1
abrupt_balanced,1332204363,pht_ht,135.0,grid,0.4,0.4,389.25,389.25,15,4,11,0.26666666666666666,0.8,5,0.34958094397882666,0.3886738537472399,1
abrupt_balanced,1337295874,pht_ht,135.0,grid,0.4,0.4,389.25,389.25,15,4,11,0.26666666666666666,0.8,5,0.34958094397882666,0.3886738537472399,1
abrupt_balanced,1380564739,pht_ht,135.0,grid,0.4,0.4,389.25,389.25,15,4,11,0.26666666666666666,0.8,5,0.34958094397882666,0.3886738537472399,1
abrupt_balanced,1395586264,pht_ht,135.0,grid,0.4,0.4,389.25,389.25,15,4,11,0.26666666666666666,0.8,5,0.34958094397882666,0.3886738537472399,1
abrupt_balanced,1496786007,pht_ht,135.0,grid,0.4,0.4,389.25,389.25,15,4,11,0.26666666666666666,0.8,5,0.34958094397882666,0.3886738537472399,1
abrupt_balanced,1658700540,pht_ht,135.0,grid,0.4,0.4,389.25,389.25,15,4,11,0.26666666666666666,0.8,5,0.34958094397882666,0.3886738537472399,1
abrupt_balanced,1737489325,pht_ht,135.0,grid,0.4,0.4,389.25,389.25,15,4,11,0.26666666666666666,0.8,5,0.34958094397882666,0.3886738537472399,1
abrupt_balanced,1870843651,pht_ht,135.0,grid,0.4,0.4,389.25,389.25,15,4,11,0.26666666666666666,0.8,5,0.34958094397882666,0.3886738537472399,1
abrupt_balanced,1944468667,pht_ht,135.0,grid,0.4,0.4,389.25,389.25,15,4,11,0.26666666666666666,0.8,5,0.34958094397882666,0.3886738537472399,1
abrupt_balanced,76953952,pht_ht,200.0,grid,0.37499999999999994,0.37499999999999994,807.6666666666666,807.6666666666666,11,3,8,0.2727272727272727,0.6,5,0.3613806793118659,0.37233406935965707,1
abrupt_balanced,110020020,pht_ht,200.0,grid,0.37499999999999994,0.37499999999999994,807.6666666666666,807.6666666666666,11,3,8,0.2727272727272727,0.6,5,0.3613806793118659,0.37233406935965707,1
abrupt_balanced,168388230,pht_ht,200.0,grid,0.37499999999999994,0.37499999999999994,807.6666666666666,807.6666666666666,11,3,8,0.2727272727272727,0.6,5,0.3613806793118659,0.37233406935965707,1
abrupt_balanced,176092387,pht_ht,200.0,grid,0.37499999999999994,0.37499999999999994,807.6666666666666,807.6666666666666,11,3,8,0.2727272727272727,0.6,5,0.3613806793118659,0.37233406935965707,1
abrupt_balanced,176623029,pht_ht,200.0,grid,0.37499999999999994,0.37499999999999994,807.6666666666666,807.6666666666666,11,3,8,0.2727272727272727,0.6,5,0.3613806793118659,0.37233406935965707,1
abrupt_balanced,232150720,pht_ht,200.0,grid,0.37499999999999994,0.37499999999999994,807.6666666666666,807.6666666666666,11,3,8,0.2727272727272727,0.6,5,0.3613806793118659,0.37233406935965707,1
abrupt_balanced,233227757,pht_ht,200.0,grid,0.37499999999999994,0.37499999999999994,807.6666666666666,807.6666666666666,11,3,8,0.2727272727272727,0.6,5,0.3613806793118659,0.37233406935965707,1
abrupt_balanced,398083709,pht_ht,200.0,grid,0.37499999999999994,0.37499999999999994,807.6666666666666,807.6666666666666,11,3,8,0.2727272727272727,0.6,5,0.3613806793118659,0.37233406935965707,1
abrupt_balanced,536987301,pht_ht,200.0,grid,0.37499999999999994,0.37499999999999994,807.6666666666666,807.6666666666666,11,3,8,0.2727272727272727,0.6,5,0.3613806793118659,0.37233406935965707,1
abrupt_balanced,569531098,pht_ht,200.0,grid,0.37499999999999994,0.37499999999999994,807.6666666666666,807.6666666666666,11,3,8,0.2727272727272727,0.6,5,0.3613806793118659,0.37233406935965707,1
abrupt_balanced,570914454,pht_ht,200.0,grid,0.37499999999999994,0.37499999999999994,807.6666666666666,807.6666666666666,11,3,8,0.2727272727272727,0.6,5,0.3613806793118659,0.37233406935965707,1
abrupt_balanced,592703045,pht_ht,200.0,grid,0.37499999999999994,0.37499999999999994,807.6666666666666,807.6666666666666,11,3,8,0.2727272727272727,0.6,5,0.3613806793118659,0.37233406935965707,1
abrupt_balanced,609942288,pht_ht,200.0,grid,0.37499999999999994,0.37499999999999994,807.6666666666666,807.6666666666666,11,3,8,0.2727272727272727,0.6,5,0.3613806793118659,0.37233406935965707,1
abrupt_balanced,612016888,pht_ht,200.0,grid,0.37499999999999994,0.37499999999999994,807.6666666666666,807.6666666666666,11,3,8,0.2727272727272727,0.6,5,0.3613806793118659,0.37233406935965707,1
abrupt_balanced,829139639,pht_ht,200.0,grid,0.37499999999999994,0.37499999999999994,807.6666666666666,807.6666666666666,11,3,8,0.2727272727272727,0.6,5,0.3613806793118659,0.37233406935965707,1
abrupt_balanced,877132087,pht_ht,200.0,grid,0.37499999999999994,0.37499999999999994,807.6666666666666,807.6666666666666,11,3,8,0.2727272727272727,0.6,5,0.3613806793118659,0.37233406935965707,1
abrupt_balanced,911875363,pht_ht,200.0,grid,0.37499999999999994,0.37499999999999994,807.6666666666666,807.6666666666666,11,3,8,0.2727272727272727,0.6,5,0.3613806793118659,0.37233406935965707,1
abrupt_balanced,1129302214,pht_ht,200.0,grid,0.37499999999999994,0.37499999999999994,807.6666666666666,807.6666666666666,11,3,8,0.2727272727272727,0.6,5,0.3613806793118659,0.37233406935965707,1
abrupt_balanced,1206282609,pht_ht,200.0,grid,0.37499999999999994,0.37499999999999994,807.6666666666666,807.6666666666666,11,3,8,0.2727272727272727,0.6,5,0.3613806793118659,0.37233406935965707,1
abrupt_balanced,1244265337,pht_ht,200.0,grid,0.37499999999999994,0.37499999999999994,807.6666666666666,807.6666666666666,11,3,8,0.2727272727272727,0.6,5,0.3613806793118659,0.37233406935965707,1
abrupt_balanced,1258460216,pht_ht,200.0,grid,0.37499999999999994,0.37499999999999994,807.6666666666666,807.6666666666666,11,3,8,0.2727272727272727,0.6,5,0.3613806793118659,0.37233406935965707,1
abrupt_balanced,1332204363,pht_ht,200.0,grid,0.37499999999999994,0.37499999999999994,807.6666666666666,807.6666666666666,11,3,8,0.2727272727272727,0.6,5,0.3613806793118659,0.37233406935965707,1
abrupt_balanced,1337295874,pht_ht,200.0,grid,0.37499999999999994,0.37499999999999994,807.6666666666666,807.6666666666666,11,3,8,0.2727272727272727,0.6,5,0.3613806793118659,0.37233406935965707,1
abrupt_balanced,1380564739,pht_ht,200.0,grid,0.37499999999999994,0.37499999999999994,807.6666666666666,807.6666666666666,11,3,8,0.2727272727272727,0.6,5,0.3613806793118659,0.37233406935965707,1
abrupt_balanced,1395586264,pht_ht,200.0,grid,0.37499999999999994,0.37499999999999994,807.6666666666666,807.6666666666666,11,3,8,0.2727272727272727,0.6,5,0.3613806793118659,0.37233406935965707,1
abrupt_balanced,1496786007,pht_ht,200.0,grid,0.37499999999999994,0.37499999999999994,807.6666666666666,807.6666666666666,11,3,8,0.2727272727272727,0.6,5,0.3613806793118659,0.37233406935965707,1
abrupt_balanced,1658700540,pht_ht,200.0,grid,0.37499999999999994,0.37499999999999994,807.6666666666666,807.6666666666666,11,3,8,0.2727272727272727,0.6,5,0.3613806793118659,0.37233406935965707,1
abrupt_balanced,1737489325,pht_ht,200.0,grid,0.37499999999999994,0.37499999999999994,807.6666666666666,807.6666666666666,11,3,8,0.2727272727272727,0.6,5,0.3613806793118659,0.37233406935965707,1
abrupt_balanced,1870843651,pht_ht,200.0,grid,0.37499999999999994,0.37499999999999994,807.6666666666666,807.6666666666666,11,3,8,0.2727272727272727,0.6,5,0.3613806793118659,0.37233406935965707,1
abrupt_balanced,1944468667,pht_ht,200.0,grid,0.37499999999999994,0.37499999999999994,807.6666666666666,807.6666666666666,11,3,8,0.2727272727272727,0.6,5,0.3613806793118659,0.37233406935965707,1
gradual_balanced,76953952,pht_arf_c1,8.0,grid,0.007246376811594203,0.007246376811594203,12.0,12.0,275,1,274,0.0036363636363636364,1.0,1,0.34578956431892544,0.5340381385238613,145
gradual_balanced,110020020,pht_arf_c1,8.0,grid,0.008130081300813009,0.008130081300813009,11.0,11.0,245,1,244,0.004081632653061225,1.0,1,0.33571551575684516,0.5309752000790435,122
gradual_balanced,168388230,pht_arf_c1,8.0,grid,0.007905138339920948,0.007905138339920948,10.0,10.0,252,1,251,0.003968253968253968,1.0,1,0.34690890304804545,0.5389783618219544,130
gradual_balanced,176092387,pht_arf_c1,8.0,grid,0.007662835249042146,0.007662835249042146,12.0,12.0,260,1,259,0.0038461538461538464,1.0,1,0.37050111933872915,0.5457958699733227,124
gradual_balanced,176623029,pht_arf_c1,8.0,grid,0.00749063670411985,0.00749063670411985,12.0,12.0,266,1,265,0.0037593984962406013,1.0,1,0.34975030136042706,0.537101076968679,141
gradual_balanced,232150720,pht_arf_c1,8.0,grid,0.007434944237918215,0.007434944237918215,20.0,20.0,268,1,267,0.0037313432835820895,1.0,1,0.3689512657137937,0.5477719592925601,131
gradual_balanced,233227757,pht_arf_c1,8.0,grid,0.007936507936507936,0.007936507936507936,12.0,12.0,251,1,250,0.00398406374501992,1.0,1,0.3503530222145686,0.5472779369627507,131
gradual_balanced,398083709,pht_arf_c1,8.0,grid,0.007246376811594203,0.007246376811594203,12.0,12.0,275,1,274,0.0036363636363636364,1.0,1,0.3600826588599966,0.5386819484240688,136
gradual_balanced,536987301,pht_arf_c1,8.0,grid,0.007662835249042146,0.007662835249042146,12.0,12.0,260,1,259,0.0038461538461538464,1.0,1,0.36378508696400896,0.5597272996739453,127
gradual_balanced,569531098,pht_arf_c1,8.0,grid,0.007874015748031496,0.007874015748031496,10.0,10.0,253,1,252,0.003952569169960474,1.0,1,0.3726536938178061,0.5610117577314495,123
gradual_balanced,570914454,pht_arf_c1,8.0,grid,0.007380073800738007,0.007380073800738007,16.0,16.0,270,1,269,0.003703703703703704,1.0,1,0.364904425693129,0.5431281493923525,138
gradual_balanced,592703045,pht_arf_c1,8.0,grid,0.00784313725490196,0.00784313725490196,12.0,12.0,254,1,253,0.003937007874015748,1.0,1,0.33330463234027896,0.5304811777492343,130
gradual_balanced,609942288,pht_arf_c1,8.0,grid,0.0075187969924812035,0.0075187969924812035,10.0,10.0,265,1,264,0.0037735849056603774,1.0,1,0.36223523333907354,0.5433257583242762,140
gradual_balanced,612016888,pht_arf_c1,8.0,grid,0.007220216606498195,0.007220216606498195,19.0,19.0,276,1,275,0.0036231884057971015,1.0,1,0.3438091957981746,0.5376939037644501,142
gradual_balanced,829139639,pht_arf_c1,8.0,grid,0.007042253521126761,0.007042253521126761,12.0,12.0,283,1,282,0.0035335689045936395,1.0,1,0.33631823661098675,0.5357178144452129,146
gradual_balanced,877132087,pht_arf_c1,8.0,grid,0.007547169811320754,0.007547169811320754,12.0,12.0,264,1,263,0.003787878787878788,1.0,1,0.3414844153607715,0.5260349767809505,132
gradual_balanced,911875363,pht_arf_c1,8.0,grid,0.007272727272727273,0.007272727272727273,12.0,12.0,274,1,273,0.0036496350364963502,1.0,1,0.33915963492336837,0.5312716134769292,137
gradual_balanced,1129302214,pht_arf_c1,8.0,grid,0.00806451612903226,0.00806451612903226,12.0,12.0,247,1,246,0.004048582995951417,1.0,1,0.34535904942311,0.5596284952079834,124
gradual_balanced,1206282609,pht_arf_c1,8.0,grid,0.0072992700729927005,0.0072992700729927005,12.0,12.0,273,1,272,0.003663003663003663,1.0,1,0.37627001894265544,0.556367947831242,140
gradual_balanced,1244265337,pht_arf_c1,8.0,grid,0.0075187969924812035,0.0075187969924812035,15.0,15.0,265,1,264,0.0037735849056603774,1.0,1,0.33089374892371276,0.5289003062938444,141
gradual_balanced,1258460216,pht_arf_c1,8.0,grid,0.007751937984496124,0.007751937984496124,12.0,12.0,257,1,256,0.0038910505836575876,1.0,1,0.3563802307559842,0.5453018476435135,131
gradual_balanced,1332204363,pht_arf_c1,8.0,grid,0.007462686567164179,0.007462686567164179,12.0,12.0,267,1,266,0.003745318352059925,1.0,1,0.3375236783192698,0.538484339492145,139
gradual_balanced,1337295874,pht_arf_c1,8.0,grid,0.007194244604316546,0.007194244604316546,12.0,12.0,277,1,276,0.0036101083032490976,1.0,1,0.361632512484932,0.5487600039521786,135
gradual_balanced,1380564739,pht_arf_c1,8.0,grid,0.0076045627376425855,0.0076045627376425855,12.0,12.0,262,1,261,0.003816793893129771,1.0,1,0.3351988978818667,0.5300859598853869,130
gradual_balanced,1395586264,pht_arf_c1,8.0,grid,0.007782101167315175,0.007782101167315175,12.0,12.0,256,1,255,0.00390625,1.0,1,0.3537110384019287,0.5484635905542931,129
gradual_balanced,1496786007,pht_arf_c1,8.0,grid,0.007407407407407408,0.007407407407407408,12.0,12.0,269,1,268,0.0037174721189591076,1.0,1,0.34320647494403306,0.5246517142574845,137
gradual_balanced,1658700540,pht_arf_c1,8.0,grid,0.007272727272727273,0.007272727272727273,10.0,10.0,274,1,273,0.0036496350364963502,1.0,1,0.33261580850697436,0.5382867305602214,138
gradual_balanced,1737489325,pht_arf_c1,8.0,grid,0.007220216606498195,0.007220216606498195,11.0,11.0,276,1,275,0.0036231884057971015,1.0,1,0.325727570173928,0.5410532556071534,137
gradual_balanced,1870843651,pht_arf_c1,8.0,grid,0.007352941176470588,0.007352941176470588,12.0,12.0,271,1,270,0.0036900369003690036,1.0,1,0.351902875839504,0.5417448868688864,141
gradual_balanced,1944468667,pht_arf_c1,8.0,grid,0.00806451612903226,0.00806451612903226,12.0,12.0,247,1,246,0.004048582995951417,1.0,1,0.33218529361115895,0.5264301946447979,119
gradual_balanced,1380564739,pht_arf_c1,14.435335845,lambda_ref,0.015873015873015872,0.015873015873015872,24.0,24.0,125,1,124,0.008,1.0,1,0.2675219562596866,0.46299772749728285,58
gradual_balanced,609942288,pht_arf_c1,14.462624788,lambda_ref,0.014814814814814815,0.014814814814814815,28.0,28.0,134,1,133,0.007462686567164179,1.0,1,0.29111417255037025,0.4844382966110068,65
gradual_balanced,76953952,pht_arf_c1,15.0,grid,0.014598540145985401,0.014598540145985401,33.0,33.0,136,1,135,0.007352941176470588,1.0,1,0.28172894782159463,0.4713961071040411,66
gradual_balanced,110020020,pht_arf_c1,15.0,grid,0.015151515151515152,0.015151515151515152,30.0,30.0,131,1,130,0.007633587786259542,1.0,1,0.28870328913380405,0.4689259954549946,68
gradual_balanced,168388230,pht_arf_c1,15.0,grid,0.015151515151515152,0.015151515151515152,40.0,40.0,131,1,130,0.007633587786259542,1.0,1,0.29051145169622866,0.4845371010769687,64
gradual_balanced,176092387,pht_arf_c1,15.0,grid,0.014388489208633093,0.014388489208633093,20.0,20.0,138,1,137,0.007246376811594203,1.0,1,0.3190115377992079,0.4770279616638672,63
gradual_balanced,176623029,pht_arf_c1,15.0,grid,0.01612903225806452,0.01612903225806452,26.0,26.0,123,1,122,0.008130081300813009,1.0,1,0.28603409677974856,0.45489576128841025,67
gradual_balanced,232150720,pht_arf_c1,15.0,grid,0.015748031496062992,0.015748031496062992,28.0,28.0,126,1,125,0.007936507936507936,1.0,1,0.30024108834165664,0.4749530678786681,57
gradual_balanced,233227757,pht_arf_c1,15.0,grid,0.01612903225806452,0.01612903225806452,29.0,29.0,123,1,122,0.008130081300813009,1.0,1,0.2977441019459273,0.4808813358363798,61
gradual_balanced,398083709,pht_arf_c1,15.0,grid,0.014492753623188404,0.014492753623188404,19.0,19.0,137,1,136,0.0072992700729927005,1.0,1,0.2912002755295333,0.4648750123505582,69
gradual_balanced,536987301,pht_arf_c1,15.0,grid,0.013333333333333332,0.013333333333333332,45.0,45.0,149,1,148,0.006711409395973154,1.0,1,0.3106595488203892,0.4932318940816125,74
gradual_balanced,569531098,pht_arf_c1,15.0,grid,0.014705882352941178,0.014705882352941178,17.0,17.0,135,1,134,0.007407407407407408,1.0,1,0.3231444807990356,0.4965912459243158,59
gradual_balanced,570914454,pht_arf_c1,15.0,grid,0.014705882352941178,0.014705882352941178,29.0,29.0,135,1,134,0.007407407407407408,1.0,1,0.3022214568624074,0.4880940618515957,62
gradual_balanced,592703045,pht_arf_c1,15.0,grid,0.016260162601626018,0.016260162601626018,40.0,40.0,122,1,121,0.00819672131147541,1.0,1,0.2760461511968314,0.47060567137634624,64
gradual_balanced,609942288,pht_arf_c1,15.0,grid,0.014598540145985401,0.014598540145985401,23.0,23.0,136,1,135,0.007352941176470588,1.0,1,0.2915446874461856,0.4882916707835194,68
gradual_balanced,612016888,pht_arf_c1,15.0,grid,0.014925373134328356,0.014925373134328356,40.0,40.0,133,1,132,0.007518796992481203,1.0,1,0.27561563630101604,0.4755458946744393,65
gradual_balanced,829139639,pht_arf_c1,15.0,grid,0.015503875968992248,0.015503875968992248,29.0,29.0,128,1,127,0.0078125,1.0,1,0.26734975030136043,0.46438099002074895,65
gradual_balanced,877132087,pht_arf_c1,15.0,grid,0.01612903225806452,0.01612903225806452,29.0,29.0,123,1,122,0.008130081300813009,1.0,1,0.2835371103840193,0.46230609623554986,63
gradual_balanced,911875363,pht_arf_c1,15.0,grid,0.01612903225806452,0.01612903225806452,41.0,41.0,123,1,122,0.008130081300813009,1.0,1,0.2752712243843637,0.4625037051674736,64
gradual_balanced,1129302214,pht_arf_c1,15.0,grid,0.015625,0.015625,28.0,28.0,127,1,126,0.007874015748031496,1.0,1,0.30118822111245047,0.47969568224483744,65
gradual_balanced,1206282609,pht_arf_c1,15.0,grid,0.015384615384615384,0.015384615384615384,28.0,28.0,129,1,128,0.007751937984496124,1.0,1,0.28448424315481313,0.4744590455488588,61
gradual_balanced,1244265337,pht_arf_c1,15.0,grid,0.016,0.016,28.0,28.0,124,1,123,0.008064516129032258,1.0,1,0.27087997244704665,0.4631953364292066,61
gradual_balanced,1258460216,pht_arf_c1,15.0,grid,0.01680672268907563,0.01680672268907563,25.0,25.0,118,1,117,0.00847457627118644,1.0,1,0.2975718959876012,0.47505187234463,60
gradual_balanced,1332204363,pht_arf_c1,15.0,grid,0.015625,0.015625,28.0,28.0,127,1,126,0.007874015748031496,1.0,1,0.2732047528844498,0.4691236043869183,65
gradual_balanced,1337295874,pht_arf_c1,15.0,grid,0.014492753623188404,0.014492753623188404,8.0,8.0,137,1,136,0.0072992700729927005,1.0,1,0.2949027036335457,0.47277936962750716,67
gradual_balanced,1380564739,pht_arf_c1,15.0,grid,0.01639344262295082,0.01639344262295082,27.0,27.0,121,1,120,0.008264462809917356,1.0,1,0.2755295333218529,0.46220729176958797,57
gradual_balanced,1395586264,pht_arf_c1,15.0,grid,0.015384615384615384,0.015384615384615384,31.0,31.0,129,1,128,0.007751937984496124,1.0,1,0.30136042707077665,0.4770279616638672,65
gradual_balanced,1496786007,pht_arf_c1,15.0,grid,0.015503875968992248,0.015503875968992248,20.0,20.0,128,1,127,0.0078125,1.0,1,0.28474255209230237,0.4616144649738168,65
gradual_balanced,1658700540,pht_arf_c1,15.0,grid,0.014285714285714287,0.014285714285714287,27.0,27.0,139,1,138,0.007194244604316547,1.0,1,0.2825899776132254,0.4743602410828969,68
gradual_balanced,1737489325,pht_arf_c1,15.0,grid,0.015267175572519085,0.015267175572519085,11.0,11.0,130,1,129,0.007692307692307693,1.0,1,0.26700533838470814,0.46230609623554986,67
gradual_balanced,1870843651,pht_arf_c1,15.0,grid,0.014814814814814815,0.014814814814814815,22.0,22.0,134,1,133,0.007462686567164179,1.0,1,0.29352505596693645,0.4816717715640747,66
gradual_balanced,1944468667,pht_arf_c1,15.0,grid,0.01886792452830189,0.01886792452830189,31.0,31.0,105,1,104,0.009523809523809525,1.0,1,0.2797485793008438,0.46003359351842704,55
gradual_balanced,829139639,pht_arf_c1,15.317341268,lambda_ref,0.01639344262295082,0.01639344262295082,30.0,30.0,121,1,120,0.008264462809917356,1.0,1,0.26476666092646806,0.4619108783717024,60
gradual_balanced,168388230,pht_arf_c1,15.792451441,lambda_ref,0.015267175572519085,0.015267175572519085,29.0,29.0,130,1,129,0.007692307692307693,1.0,1,0.28396762527983466,0.47149491157000295,66
gradual_balanced,1737489325,pht_arf_c1,16.451966465,lambda_ref,0.020202020202020204,0.020202020202020204,44.0,44.0,98,1,97,0.01020408163265306,1.0,1,0.253831582572757,0.4318743207192965,52
gradual_balanced,1870843651,pht_arf_c1,16.538532645,lambda_ref,0.016949152542372885,0.016949152542372885,29.0,29.0,117,1,116,0.008547008547008548,1.0,1,0.27802651971758224,0.467937950795376,57
gradual_balanced,110020020,pht_arf_c1,17.422620058,lambda_ref,0.019801980198019802,0.019801980198019802,26.0,26.0,100,1,99,0.01,1.0,1,0.2541759944894093,0.4562790238118763,49
gradual_balanced,1129302214,pht_arf_c1,17.5842866,lambda_ref,0.020618556701030924,0.020618556701030924,45.0,45.0,96,1,95,0.010416666666666666,1.0,1,0.2846564491131393,0.4601323979843889,51
gradual_balanced,76953952,pht_arf_c1,18.142825097,lambda_ref,0.01785714285714286,0.01785714285714286,32.0,32.0,111,1,110,0.009009009009009009,1.0,1,0.262527983468228,0.4519316273095544,55
gradual_balanced,536987301,pht_arf_c1,18.743821323,lambda_ref,0.017094017094017096,0.017094017094017096,40.0,40.0,116,1,115,0.008620689655172414,1.0,1,0.30118822111245047,0.4631953364292066,60
gradual_balanced,877132087,pht_arf_c1,18.827889115,lambda_ref,0.02197802197802198,0.02197802197802198,61.0,61.0,90,1,89,0.011111111111111112,1.0,1,0.2744101945927329,0.4382966110068175,50
gradual_balanced,1206282609,pht_arf_c1,19.886521667,lambda_ref,0.02173913043478261,0.02173913043478261,45.0,45.0,91,1,90,0.01098901098901099,1.0,1,0.28009299121749615,0.4501531469222409,46
gradual_balanced,398083709,pht_arf_c1,20.012288749,lambda_ref,0.020618556701030924,0.020618556701030924,58.0,58.0,96,1,95,0.010416666666666666,1.0,1,0.2738074737385914,0.44511411915818594,49
gradual_balanced,1337295874,pht_arf_c1,20.255985707,lambda_ref,0.020618556701030924,0.020618556701030924,40.0,40.0,96,1,95,0.010416666666666666,1.0,1,0.26640261753056654,0.4437308566347199,48
gradual_balanced,592703045,pht_arf_c1,20.357616574,lambda_ref,0.024999999999999998,0.024999999999999998,44.0,44.0,79,1,78,0.012658227848101266,1.0,1,0.24005510590666437,0.4503507558541646,39
gradual_balanced,612016888,pht_arf_c1,20.428909868,lambda_ref,0.026666666666666665,0.026666666666666665,118.0,118.0,74,1,73,0.013513513513513514,1.0,1,0.24995694851041847,0.4332575832427626,41
gradual_balanced,1496786007,pht_arf_c1,20.639413953,lambda_ref,0.02469135802469136,0.02469135802469136,24.0,24.0,80,1,79,0.0125,1.0,1,0.26226967453073874,0.4238711589763857,46
gradual_balanced,76953952,pht_arf_c1,21.0,grid,0.02531645569620253,0.02531645569620253,22.0,22.0,78,1,77,0.01282051282051282,1.0,1,0.23204752884449803,0.4362217172216184,35
gradual_balanced,110020020,pht_arf_c1,21.0,grid,0.025641025641025647,0.025641025641025647,50.0,50.0,77,1,76,0.012987012987012988,1.0,1,0.23523333907353194,0.45044956032012645,35
gradual_balanced,168388230,pht_arf_c1,21.0,grid,0.021276595744680854,0.021276595744680854,31.0,31.0,93,1,92,0.010752688172043012,1.0,1,0.2773376958842776,0.4427428119751013,47
gradual_balanced,176092387,pht_arf_c1,21.0,grid,0.02222222222222222,0.02222222222222222,53.0,53.0,89,1,88,0.011235955056179775,1.0,1,0.2776821078009299,0.44956032012646974,43
gradual_balanced,176623029,pht_arf_c1,21.0,grid,0.024096385542168676,0.024096385542168676,71.0,71.0,82,1,81,0.012195121951219513,1.0,1,0.2605476149474772,0.4193261535421401,47
gradual_balanced,232150720,pht_arf_c1,21.0,grid,0.025974025974025976,0.025974025974025976,11.0,11.0,76,1,75,0.013157894736842105,1.0,1,0.2542620974685724,0.45459934789052464,32
gradual_balanced,233227757,pht_arf_c1,21.0,grid,0.02857142857142857,0.02857142857142857,40.0,40.0,69,1,68,0.014492753623188406,1.0,1,0.26287239538488033,0.45163521391166883,34
gradual_balanced,398083709,pht_arf_c1,21.0,grid,0.02380952380952381,0.02380952380952381,30.0,30.0,83,1,82,0.012048192771084338,1.0,1,0.26562769071809883,0.4180416954846359,44
gradual_balanced,536987301,pht_arf_c1,21.0,grid,0.020408163265306124,0.020408163265306124,25.0,25.0,97,1,96,0.010309278350515464,1.0,1,0.274496297571896,0.446497381681652,49
gradual_balanced,569531098,pht_arf_c1,21.0,grid,0.02247191011235955,0.02247191011235955,39.0,39.0,88,1,87,0.011363636363636364,1.0,1,0.28982262786292406,0.4577610908013042,43
gradual_balanced,570914454,pht_arf_c1,21.0,grid,0.022727272727272724,0.022727272727272724,45.0,45.0,87,1,86,0.011494252873563218,1.0,1,0.2753573273635268,0.44017389586009287,45
gradual_balanced,592703045,pht_arf_c1,21.0,grid,0.02531645569620253,0.02531645569620253,45.0,45.0,78,1,77,0.01282051282051282,1.0,1,0.24573790253142758,0.4435332477027962,41
gradual_balanced,609942288,pht_arf_c1,21.0,grid,0.025974025974025976,0.025974025974025976,42.0,42.0,76,1,75,0.013157894736842105,1.0,1,0.2596865851558464,0.42999703586602117,39
gradual_balanced,612016888,pht_arf_c1,21.0,grid,0.02531645569620253,0.02531645569620253,119.0,119.0,78,1,77,0.01282051282051282,1.0,1,0.24875150680213534,0.42505681256792804,42
gradual_balanced,829139639,pht_arf_c1,21.0,grid,0.0273972602739726,0.0273972602739726,26.0,26.0,72,1,71,0.013888888888888888,1.0,1,0.23058377819872566,0.43226953858314393,34
gradual_balanced,877132087,pht_arf_c1,21.0,grid,0.02857142857142857,0.02857142857142857,30.0,30.0,69,1,68,0.014492753623188406,1.0,1,0.2588255553642156,0.42535322596581365,37
gradual_balanced,911875363,pht_arf_c1,21.0,grid,0.02631578947368421,0.02631578947368421,45.0,45.0,75,1,74,0.013333333333333334,1.0,1,0.24823488892715687,0.42100582946349174,42
gradual_balanced,1129302214,pht_arf_c1,21.0,grid,0.028169014084507043,0.028169014084507043,70.0,70.0,70,1,69,0.014285714285714285,1.0,1,0.24634062338556914,0.4506471692520502,33
gradual_balanced,1206282609,pht_arf_c1,21.0,grid,0.02222222222222222,0.02222222222222222,42.0,42.0,89,1,88,0.011235955056179775,1.0,1,0.2719132081970036,0.4513388005137832,45
gradual_balanced,1244265337,pht_arf_c1,21.0,grid,0.027027027027027025,0.027027027027027025,40.0,40.0,73,1,72,0.0136986301369863,1.0,1,0.23807473738591356,0.4384942199387412,36
gradual_balanced,1258460216,pht_arf_c1,21.0,grid,0.024999999999999998,0.024999999999999998,73.0,73.0,79,1,78,0.012658227848101266,1.0,1,0.25322886171861547,0.4608240292461219,37
gradual_balanced,1332204363,pht_arf_c1,21.0,grid,0.02469135802469136,0.02469135802469136,70.0,70.0,80,1,79,0.0125,1.0,1,0.2510762872395385,0.4374073708131608,44
gradual_balanced,1337295874,pht_arf_c1,21.0,grid,0.027027027027027025,0.027027027027027025,42.0,42.0,73,1,72,0.0136986301369863,1.0,1,0.25297055278112623,0.42051180713368247,37
gradual_balanced,1380564739,pht_arf_c1,21.0,grid,0.02380952380952381,0.02380952380952381,196.0,196.0,83,1,82,0.012048192771084338,1.0,1,0.24745996211468918,0.4448177057603004,39
gradual_balanced,1395586264,pht_arf_c1,21.0,grid,0.028985507246376812,0.028985507246376812,29.0,29.0,68,1,67,0.014705882352941176,1.0,1,0.271224384363699,0.4363205216875803,36
gradual_balanced,1496786007,pht_arf_c1,21.0,grid,0.025974025974025976,0.025974025974025976,25.0,25.0,76,1,75,0.013157894736842105,1.0,1,0.2560702600309971,0.4252544214998518,40
gradual_balanced,1658700540,pht_arf_c1,21.0,grid,0.025641025641025647,0.025641025641025647,91.0,91.0,77,1,76,0.012987012987012988,1.0,1,0.2403995178233167,0.4214998517933011,39
gradual_balanced,1737489325,pht_arf_c1,21.0,grid,0.022988505747126436,0.022988505747126436,22.0,22.0,86,1,85,0.011627906976744186,1.0,1,0.23729981057344585,0.4416559628495208,39
gradual_balanced,1870843651,pht_arf_c1,21.0,grid,0.02197802197802198,0.02197802197802198,43.0,43.0,90,1,89,0.011111111111111112,1.0,1,0.2563285689684863,0.458650330994961,42
gradual_balanced,1944468667,pht_arf_c1,21.0,grid,0.028169014084507043,0.028169014084507043,106.0,106.0,70,1,69,0.014285714285714285,1.0,1,0.25322886171861547,0.4387906333366268,33
gradual_balanced,1395586264,pht_arf_c1,21.189074248,lambda_ref,0.02631578947368421,0.02631578947368421,30.0,30.0,75,1,74,0.013333333333333334,1.0,1,0.2732908558636129,0.442940420907025,40
gradual_balanced,176092387,pht_arf_c1,21.315882325,lambda_ref,0.02531645569620253,0.02531645569620253,62.0,62.0,78,1,77,0.01282051282051282,1.0,1,0.27544343034268987,0.43612291275565657,38
gradual_balanced,911875363,pht_arf_c1,22.119262874,lambda_ref,0.028169014084507043,0.028169014084507043,69.0,69.0,70,1,69,0.014285714285714285,1.0,1,0.2371276046151197,0.42861377334255507,34
gradual_balanced,569531098,pht_arf_c1,22.404644251,lambda_ref,0.025641025641025647,0.025641025641025647,62.0,62.0,77,1,76,0.012987012987012988,1.0,1,0.2893060099879456,0.4419523762474064,41
gradual_balanced,176623029,pht_arf_c1,22.557982832,lambda_ref,0.02531645569620253,0.02531645569620253,53.0,53.0,78,1,77,0.01282051282051282,1.0,1,0.26519717582228347,0.419424958008102,43
gradual_balanced,570914454,pht_arf_c1,23.391805053,lambda_ref,0.031746031746031744,0.031746031746031744,30.0,30.0,62,1,61,0.016129032258064516,1.0,1,0.2720854141553298,0.397292757632645,38
gradual_balanced,1944468667,pht_arf_c1,23.491963655,lambda_ref,0.03278688524590164,0.03278688524590164,23.0,23.0,60,1,59,0.016666666666666666,1.0,1,0.246168417427243,0.42564963936369926,31
gradual_balanced,1258460216,pht_arf_c1,23.764540792,lambda_ref,0.030303030303030307,0.030303030303030307,69.0,69.0,65,1,64,0.015384615384615385,1.0,1,0.2629584983640434,0.43790139314297005,32
gradual_balanced,233227757,pht_arf_c1,24.276175022,lambda_ref,0.03225806451612903,0.03225806451612903,66.0,66.0,61,1,60,0.01639344262295082,1.0,1,0.25004305148958156,0.4394822645983599,31
gradual_balanced,1332204363,pht_arf_c1,25.857074827,lambda_ref,0.03389830508474576,0.03389830508474576,49.0,49.0,58,1,57,0.017241379310344827,1.0,1,0.23592216290683657,0.4151763659717419,33
gradual_balanced,232150720,pht_arf_c1,27.765605539,lambda_ref,0.03508771929824561,0.03508771929824561,58.0,58.0,56,1,55,0.017857142857142856,1.0,1,0.25279834682280006,0.4247603991700425,25
gradual_balanced,76953952,pht_arf_c1,30.0,grid,0.044444444444444446,0.044444444444444446,62.0,62.0,44,1,43,0.022727272727272728,1.0,1,0.2239538488031686,0.3942298191878273,26
gradual_balanced,110020020,pht_arf_c1,30.0,grid,0.046511627906976744,0.046511627906976744,70.0,70.0,42,1,41,0.023809523809523808,1.0,1,0.2017392801790942,0.4174488686888647,18
gradual_balanced,168388230,pht_arf_c1,30.0,grid,0.04081632653061225,0.04081632653061225,63.0,63.0,48,1,47,0.020833333333333332,1.0,1,0.2415188565524367,0.40104732733919574,26
gradual_balanced,176092387,pht_arf_c1,30.0,grid,0.0392156862745098,0.0392156862745098,73.0,73.0,50,1,49,0.02,1.0,1,0.24143275357327362,0.41280505878865725,26
gradual_balanced,176623029,pht_arf_c1,30.0,grid,0.05714285714285715,0.05714285714285715,70.0,70.0,34,1,33,0.029411764705882353,1.0,1,0.22998105734458413,0.35786977571386225,25
gradual_balanced,232150720,pht_arf_c1,30.0,grid,0.04878048780487806,0.04878048780487806,1119.0,1119.0,40,1,39,0.025,1.0,1,0.2493542276562769,0.3943286236537892,23
gradual_balanced,233227757,pht_arf_c1,30.0,grid,0.0392156862745098,0.0392156862745098,165.0,165.0,50,1,49,0.02,1.0,1,0.24659893232305838,0.43286236537891515,26
gradual_balanced,398083709,pht_arf_c1,30.0,grid,0.044444444444444446,0.044444444444444446,63.0,63.0,44,1,43,0.022727272727272728,1.0,1,0.20914413638711898,0.39867602015611103,20
gradual_balanced,536987301,pht_arf_c1,30.0,grid,0.034482758620689655,0.034482758620689655,72.0,72.0,57,1,56,0.017543859649122806,1.0,1,0.2371276046151197,0.414385930244047,30
gradual_balanced,569531098,pht_arf_c1,30.0,grid,0.039999999999999994,0.039999999999999994,40.0,40.0,49,1,48,0.02040816326530612,1.0,1,0.25822283451007405,0.42406876790830944,25
gradual_balanced,570914454,pht_arf_c1,30.0,grid,0.0392156862745098,0.0392156862745098,62.0,62.0,50,1,49,0.02,1.0,1,0.24539349061477528,0.4100385337417251,24
gradual_balanced,592703045,pht_arf_c1,30.0,grid,0.046511627906976744,0.046511627906976744,73.0,73.0,42,1,41,0.023809523809523808,1.0,1,0.21431031513690374,0.42110463392945363,23
gradual_balanced,609942288,pht_arf_c1,30.0,grid,0.044444444444444446,0.044444444444444446,1199.0,1199.0,44,1,43,0.022727272727272728,1.0,1,0.22800068882383331,0.41507756150578007,24
gradual_balanced,612016888,pht_arf_c1,30.0,grid,0.04081632653061225,0.04081632653061225,70.0,70.0,48,1,47,0.020833333333333332,1.0,1,0.22292061305321165,0.41902974014425454,25
gradual_balanced,829139639,pht_arf_c1,30.0,grid,0.052631578947368425,0.052631578947368425,88.0,88.0,37,1,36,0.02702702702702703,1.0,1,0.20070604442913725,0.400849718407272,16
gradual_balanced,877132087,pht_arf_c1,30.0,grid,0.05128205128205127,0.05128205128205127,63.0,63.0,38,1,37,0.02631578947368421,1.0,1,0.21749612536593765,0.40974212034383956,17
gradual_balanced,911875363,pht_arf_c1,30.0,grid,0.052631578947368425,0.052631578947368425,70.0,70.0,37,1,36,0.02702702702702703,1.0,1,0.21956259686585156,0.4005533050093864,20
gradual_balanced,1129302214,pht_arf_c1,30.0,grid,0.038461538461538464,0.038461538461538464,63.0,63.0,51,1,50,0.0196078431372549,1.0,1,0.24444635784398142,0.43661693508546584,27
gradual_balanced,1206282609,pht_arf_c1,30.0,grid,0.0392156862745098,0.0392156862745098,68.0,68.0,50,1,49,0.02,1.0,1,0.23592216290683657,0.4209070249975299,24
gradual_balanced,1244265337,pht_arf_c1,30.0,grid,0.047619047619047616,0.047619047619047616,62.0,62.0,41,1,40,0.024390243902439025,1.0,1,0.2300671603237472,0.4109277739353819,22
gradual_balanced,1258460216,pht_arf_c1,30.0,grid,0.04166666666666667,0.04166666666666667,162.0,162.0,47,1,46,0.02127659574468085,1.0,1,0.23729981057344585,0.41991898033791125,24
gradual_balanced,1332204363,pht_arf_c1,30.0,grid,0.042553191489361694,0.042553191489361694,39.0,39.0,46,1,45,0.021739130434782608,1.0,1,0.2230067160323747,0.40638276850113625,25
gradual_balanced,1337295874,pht_arf_c1,30.0,grid,0.03773584905660378,0.03773584905660378,63.0,63.0,52,1,51,0.019230769230769232,1.0,1,0.24444635784398142,0.40252939432862367,30
gradual_balanced,1380564739,pht_arf_c1,30.0,grid,0.04545454545454545,0.04545454545454545,72.0,72.0,43,1,42,0.023255813953488372,1.0,1,0.21586016876183917,0.4075684220926786,21
gradual_balanced,1395586264,pht_arf_c1,30.0,grid,0.04166666666666667,0.04166666666666667,57.0,57.0,47,1,46,0.02127659574468085,1.0,1,0.24789047701050457,0.4185357178144452,24
gradual_balanced,1496786007,pht_arf_c1,30.0,grid,0.04166666666666667,0.04166666666666667,66.0,66.0,47,1,46,0.02127659574468085,1.0,1,0.23032546926123643,0.40717320422883113,28
gradual_balanced,1658700540,pht_arf_c1,30.0,grid,0.04081632653061225,0.04081632653061225,62.0,62.0,48,1,47,0.020833333333333332,1.0,1,0.22438436369898399,0.39610710404110266,27
gradual_balanced,1737489325,pht_arf_c1,30.0,grid,0.04081632653061225,0.04081632653061225,52.0,52.0,48,1,47,0.020833333333333332,1.0,1,0.21146891682452212,0.40015808714553897,24
gradual_balanced,1870843651,pht_arf_c1,30.0,grid,0.037037037037037035,0.037037037037037035,63.0,63.0,53,1,52,0.018867924528301886,1.0,1,0.24513518167728604,0.410137338207687,28
gradual_balanced,1944468667,pht_arf_c1,30.0,grid,0.046511627906976744,0.046511627906976744,92.0,92.0,42,1,41,0.023809523809523808,1.0,1,0.2361804718443258,0.41063136053749627,22
gradual_balanced,1658700540,pht_arf_c1,30.963631779,lambda_ref,0.046511627906976744,0.046511627906976744,67.0,67.0,42,1,41,0.023809523809523808,1.0,1,0.21267435853280522,0.4051971149095939,20
gradual_balanced,1244265337,pht_arf_c1,34.794568181,lambda_ref,0.0,0.0,,,34,0,34,0.0,0.0,1,0.2173239194076115,0.403715047920166,18
gradual_balanced,76953952,pht_arf_c1,45.0,grid,0.0,0.0,,,19,0,19,0.0,0.0,1,0.2030308248665404,0.3618219543523367,14
gradual_balanced,110020020,pht_arf_c1,45.0,grid,0.07142857142857142,0.07142857142857142,1117.0,1117.0,27,1,26,0.037037037037037035,1.0,1,0.215687962803513,0.3882027467641537,16
gradual_balanced,168388230,pht_arf_c1,45.0,grid,0.0,0.0,,,18,0,18,0.0,0.0,1,0.20604442913724816,0.3575733623159767,14
gradual_balanced,176092387,pht_arf_c1,45.0,grid,0.0,0.0,,,25,0,25,0.0,0.0,1,0.21715171344928536,0.3746665349273787,13
gradual_balanced,176623029,pht_arf_c1,45.0,grid,0.0,0.0,,,15,0,15,0.0,0.0,1,0.19089030480454625,0.34660606659421006,10
gradual_balanced,232150720,pht_arf_c1,45.0,grid,0.07142857142857142,0.07142857142857142,1202.0,1202.0,27,1,26,0.037037037037037035,1.0,1,0.234200103323575,0.3805948028850904,17
gradual_balanced,233227757,pht_arf_c1,45.0,grid,0.0,0.0,,,21,0,21,0.0,0.0,1,0.20466678147063888,0.38434937259164115,13
gradual_balanced,398083709,pht_arf_c1,45.0,grid,0.0,0.0,,,22,0,22,0.0,0.0,1,0.20113655932495264,0.3626123900800316,14
gradual_balanced,536987301,pht_arf_c1,45.0,grid,0.0,0.0,,,23,0,23,0.0,0.0,1,0.20079214740830031,0.3647860883311926,14
gradual_balanced,569531098,pht_arf_c1,45.0,grid,0.0,0.0,,,26,0,26,0.0,0.0,1,0.22920613053211641,0.4029246121924711,13
gradual_balanced,570914454,pht_arf_c1,45.0,grid,0.0,0.0,,,21,0,21,0.0,0.0,1,0.2103495780954021,0.3734808813358364,13
gradual_balanced,592703045,pht_arf_c1,45.0,grid,0.0,0.0,,,21,0,21,0.0,0.0,1,0.2086275185121405,0.36458847939926886,15
gradual_balanced,609942288,pht_arf_c1,45.0,grid,0.07407407407407407,0.07407407407407407,1179.0,1179.0,26,1,25,0.038461538461538464,1.0,1,0.2115550198036852,0.3965023219049501,14
gradual_balanced,612016888,pht_arf_c1,45.0,grid,0.0,0.0,,,22,0,22,0.0,0.0,1,0.1919235405545032,0.37990317162335735,12
gradual_balanced,829139639,pht_arf_c1,45.0,grid,0.1111111111111111,0.1111111111111111,894.0,894.0,17,1,16,0.058823529411764705,1.0,1,0.19080420182538316,0.3857326351151072,8
gradual_balanced,877132087,pht_arf_c1,45.0,grid,0.0,0.0,,,16,0,16,0.0,0.0,1,0.20191148613742035,0.3564865131903962,11
gradual_balanced,911875363,pht_arf_c1,45.0,grid,0.0,0.0,,,20,0,20,0.0,0.0,1,0.19218184949199243,0.38662187530876396,9
gradual_balanced,1129302214,pht_arf_c1,45.0,grid,0.0,0.0,,,15,0,15,0.0,0.0,1,0.20440847253314964,0.3565853176563581,12
gradual_balanced,1206282609,pht_arf_c1,45.0,grid,0.0,0.0,,,18,0,18,0.0,0.0,1,0.19002927501291544,0.3654777195929256,11
gradual_balanced,1244265337,pht_arf_c1,45.0,grid,0.0,0.0,,,16,0,16,0.0,0.0,1,0.1996728086791803,0.35786977571386225,11
gradual_balanced,1258460216,pht_arf_c1,45.0,grid,0.07407407407407407,0.07407407407407407,625.0,625.0,26,1,25,0.038461538461538464,1.0,1,0.21542965386602375,0.39166090307281887,14
gradual_balanced,1332204363,pht_arf_c1,45.0,grid,0.0,0.0,,,14,0,14,0.0,0.0,1,0.177544343034269,0.3572769489180911,8
gradual_balanced,1337295874,pht_arf_c1,45.0,grid,0.0,0.0,,,15,0,15,0.0,0.0,1,0.1877905975546754,0.34324671475150675,12
gradual_balanced,1380564739,pht_arf_c1,45.0,grid,0.07999999999999999,0.07999999999999999,1195.0,1195.0,24,1,23,0.041666666666666664,1.0,1,0.19743413122094025,0.3860290485129928,13
gradual_balanced,1395586264,pht_arf_c1,45.0,grid,0.0,0.0,,,17,0,17,0.0,0.0,1,0.2103495780954021,0.3556960774627013,11
gradual_balanced,1496786007,pht_arf_c1,45.0,grid,0.0,0.0,,,19,0,19,0.0,0.0,1,0.19132081970036163,0.37585218851892105,11
gradual_balanced,1658700540,pht_arf_c1,45.0,grid,0.0,0.0,,,15,0,15,0.0,0.0,1,0.1869295677630446,0.3576721667819385,9
gradual_balanced,1737489325,pht_arf_c1,45.0,grid,0.0,0.0,,,17,0,17,0.0,0.0,1,0.19071809884622007,0.35055824523268453,12
gradual_balanced,1870843651,pht_arf_c1,45.0,grid,0.0,0.0,,,24,0,24,0.0,0.0,1,0.2050111933872912,0.3728880545400652,16
gradual_balanced,1944468667,pht_arf_c1,45.0,grid,0.0,0.0,,,21,0,21,0.0,0.0,1,0.21181332874117445,0.3807924118170141,12
gradual_balanced,76953952,pht_arf_c1,65.0,grid,0.0,0.0,,,10,0,10,0.0,0.0,1,0.1918374375753401,0.3510522675624938,9
gradual_balanced,110020020,pht_arf_c1,65.0,grid,0.0,0.0,,,11,0,11,0.0,0.0,1,0.17831926984673668,0.3617231498863749,6
gradual_balanced,168388230,pht_arf_c1,65.0,grid,0.0,0.0,,,11,0,11,0.0,0.0,1,0.18624074392973997,0.36093271415867995,7
gradual_balanced,176092387,pht_arf_c1,65.0,grid,0.0,0.0,,,12,0,12,0.0,0.0,1,0.20389185465817117,0.34235747455785004,9
gradual_balanced,176623029,pht_arf_c1,65.0,grid,0.0,0.0,,,8,0,8,0.0,0.0,1,0.1741863268469089,0.35184270329018874,5
gradual_balanced,232150720,pht_arf_c1,65.0,grid,0.0,0.0,,,10,0,10,0.0,0.0,1,0.1918374375753401,0.3533247702796166,8
gradual_balanced,233227757,pht_arf_c1,65.0,grid,0.0,0.0,,,16,0,16,0.0,0.0,1,0.20836920957465127,0.3733820768698745,10
gradual_balanced,398083709,pht_arf_c1,65.0,grid,0.0,0.0,,,7,0,7,0.0,0.0,1,0.16772860340967796,0.34324671475150675,5
gradual_balanced,536987301,pht_arf_c1,65.0,grid,0.0,0.0,,,11,0,11,0.0,0.0,1,0.1836576545548476,0.3522379211540362,8
gradual_balanced,569531098,pht_arf_c1,65.0,grid,0.11764705882352941,0.11764705882352941,6.0,6.0,16,1,15,0.0625,1.0,1,0.23230583778198727,0.3553008595988539,11
gradual_balanced,570914454,pht_arf_c1,65.0,grid,0.0,0.0,,,11,0,11,0.0,0.0,1,0.19691751334596178,0.3556960774627013,9
gradual_balanced,592703045,pht_arf_c1,65.0,grid,0.0,0.0,,,12,0,12,0.0,0.0,1,0.1836576545548476,0.36360043473965026,8
gradual_balanced,609942288,pht_arf_c1,65.0,grid,0.16666666666666669,0.16666666666666669,7.0,7.0,11,1,10,0.09090909090909091,1.0,1,0.18546581711727225,0.3559924908605869,6
gradual_balanced,612016888,pht_arf_c1,65.0,grid,0.16666666666666669,0.16666666666666669,7.0,7.0,11,1,10,0.09090909090909091,1.0,1,0.18890993628379543,0.3510522675624938,8
gradual_balanced,829139639,pht_arf_c1,65.0,grid,0.0,0.0,,,11,0,11,0.0,0.0,1,0.18357155157568453,0.3531271613476929,7
gradual_balanced,877132087,pht_arf_c1,65.0,grid,0.13333333333333333,0.13333333333333333,7.0,7.0,14,1,13,0.07142857142857142,1.0,1,0.19898398484587568,0.3700227250271712,8
gradual_balanced,911875363,pht_arf_c1,65.0,grid,0.14285714285714288,0.14285714285714288,13.0,13.0,13,1,12,0.07692307692307693,1.0,1,0.17961081453418287,0.3703191384250568,5
gradual_balanced,1129302214,pht_arf_c1,65.0,grid,0.0,0.0,,,14,0,14,0.0,0.0,1,0.18908214224212158,0.3870170931726114,7
gradual_balanced,1206282609,pht_arf_c1,65.0,grid,0.0,0.0,,,10,0,10,0.0,0.0,1,0.18563802307559843,0.33692322892994764,8
gradual_balanced,1244265337,pht_arf_c1,65.0,grid,0.15384615384615385,0.15384615384615385,19.0,19.0,12,1,11,0.08333333333333333,1.0,1,0.1820216979507491,0.37595099298488294,5
gradual_balanced,1258460216,pht_arf_c1,65.0,grid,0.0,0.0,,,12,0,12,0.0,0.0,1,0.19657310142930945,0.35500444620096827,9
gradual_balanced,1332204363,pht_arf_c1,65.0,grid,0.0,0.0,,,12,0,12,0.0,0.0,1,0.18701567074220768,0.36014227843098506,9
gradual_balanced,1337295874,pht_arf_c1,65.0,grid,0.0,0.0,,,8,0,8,0.0,0.0,1,0.17900809368004134,0.33998616737476534,7
gradual_balanced,1380564739,pht_arf_c1,65.0,grid,0.0,0.0,,,12,0,12,0.0,0.0,1,0.1934733941794386,0.3501630273688371,9
gradual_balanced,1395586264,pht_arf_c1,65.0,grid,0.11764705882352941,0.11764705882352941,7.0,7.0,16,1,15,0.0625,1.0,1,0.1943344239710694,0.3683430491058196,8
gradual_balanced,1496786007,pht_arf_c1,65.0,grid,0.15384615384615385,0.15384615384615385,1.0,1.0,12,1,11,0.08333333333333333,1.0,1,0.17289478215946272,0.3728880545400652,4
gradual_balanced,1658700540,pht_arf_c1,65.0,grid,0.0,0.0,,,8,0,8,0.0,0.0,1,0.17358360599276734,0.35253433455192174,5
gradual_balanced,1737489325,pht_arf_c1,65.0,grid,0.0,0.0,,,9,0,9,0.0,0.0,1,0.17478904770105044,0.34690247999209567,6
gradual_balanced,1870843651,pht_arf_c1,65.0,grid,0.0,0.0,,,6,0,6,0.0,0.0,1,0.1680730153263303,0.3503606363007608,5
gradual_balanced,1944468667,pht_arf_c1,65.0,grid,0.0,0.0,,,12,0,12,0.0,0.0,1,0.19200964353366626,0.3598458650330995,8
gradual_balanced,609942288,pht_arf_c1,69.529794425,lambda_eq_span,0.2857142857142857,0.2857142857142857,27.0,27.0,6,1,5,0.16666666666666666,1.0,1,0.1651455140347856,0.3554984685307776,1
gradual_balanced,1244265337,pht_arf_c1,69.615483195,lambda_eq_span,0.0,0.0,,,6,0,6,0.0,0.0,1,0.1642844842431548,0.35688173105424364,3
gradual_balanced,1380564739,pht_arf_c1,74.762832284,lambda_eq_span,0.2857142857142857,0.2857142857142857,5.0,5.0,6,1,5,0.16666666666666666,1.0,1,0.17160323747201653,0.3606363007607944,2
gradual_balanced,1129302214,pht_arf_c1,75.846136421,lambda_eq_span,0.25,0.25,24.0,24.0,7,1,6,0.14285714285714285,1.0,1,0.16333735147236095,0.3682442446398577,2
gradual_balanced,1395586264,pht_arf_c1,77.034685165,lambda_eq_span,0.2857142857142857,0.2857142857142857,20.0,20.0,6,1,5,0.16666666666666666,1.0,1,0.1545548475977269,0.3559924908605869,1
gradual_balanced,569531098,pht_arf_c1,78.582882851,lambda_eq_span,0.2222222222222222,0.2222222222222222,67.0,67.0,8,1,7,0.125,1.0,1,0.16910625107628724,0.3693310937654382,2
gradual_balanced,233227757,pht_arf_c1,81.308044493,lambda_eq_span,0.33333333333333337,0.33333333333333337,20.0,20.0,5,1,4,0.2,1.0,1,0.162304115722404,0.35381879260942595,2
gradual_balanced,1944468667,pht_arf_c1,81.785415113,lambda_eq_span,0.2857142857142857,0.2857142857142857,39.0,39.0,6,1,5,0.16666666666666666,1.0,1,0.16290683657654556,0.3701215294931331,1
gradual_balanced,570914454,pht_arf_c1,81.963336051,lambda_eq_span,0.4,0.4,69.0,69.0,4,1,3,0.25,1.0,1,0.16239021870156709,0.3536211836775022,2
gradual_balanced,911875363,pht_arf_c1,82.702977955,lambda_eq_span,0.4,0.4,20.0,20.0,4,1,3,0.25,1.0,1,0.15937661443085932,0.3524355300859599,1
gradual_balanced,232150720,pht_arf_c1,83.93683973,lambda_eq_span,0.33333333333333337,0.33333333333333337,36.0,36.0,5,1,4,0.2,1.0,1,0.1642844842431548,0.3503606363007608,2
gradual_balanced,877132087,pht_arf_c1,85.671494514,lambda_eq_span,0.33333333333333337,0.33333333333333337,48.0,48.0,5,1,4,0.2,1.0,1,0.16790080936800414,0.34868096037940915,2
gradual_balanced,829139639,pht_arf_c1,87.161158532,lambda_eq_span,0.4,0.4,62.0,62.0,4,1,3,0.25,1.0,1,0.16953676597210263,0.34611204426440073,2
gradual_balanced,612016888,pht_arf_c1,88.735247254,lambda_eq_span,0.4,0.4,58.0,58.0,4,1,3,0.25,1.0,1,0.16772860340967796,0.3493725916411422,2
gradual_balanced,1258460216,pht_arf_c1,88.78423351,lambda_eq_span,0.4,0.4,22.0,22.0,4,1,3,0.25,1.0,1,0.16945066299293957,0.3519415077561506,1
gradual_balanced,1332204363,pht_arf_c1,88.807031304,lambda_eq_span,0.4,0.4,71.0,71.0,4,1,3,0.25,1.0,1,0.17160323747201653,0.3372196423278332,2
gradual_balanced,1337295874,pht_arf_c1,90.811630994,lambda_eq_span,0.5,0.5,52.0,52.0,3,1,2,0.3333333333333333,1.0,1,0.1664370587222318,0.3406777986364984,1
gradual_balanced,1658700540,pht_arf_c1,94.971819282,lambda_eq_span,0.4,0.4,58.0,58.0,4,1,3,0.25,1.0,1,0.17229206130532115,0.3397885584428416,2
gradual_balanced,76953952,pht_arf_c1,95.0,grid,0.2857142857142857,0.2857142857142857,52.0,52.0,6,1,5,0.16666666666666666,1.0,1,0.1815911830549337,0.3547080328030827,4
gradual_balanced,110020020,pht_arf_c1,95.0,grid,0.4,0.4,58.0,58.0,4,1,3,0.25,1.0,1,0.16488720509729637,0.3481869380495998,2
gradual_balanced,168388230,pht_arf_c1,95.0,grid,0.33333333333333337,0.33333333333333337,50.0,50.0,5,1,4,0.2,1.0,1,0.16841742724298261,0.3495702005730659,2
gradual_balanced,176092387,pht_arf_c1,95.0,grid,0.2857142857142857,0.2857142857142857,66.0,66.0,6,1,5,0.16666666666666666,1.0,1,0.18796280351300154,0.3447287817409347,4
gradual_balanced,176623029,pht_arf_c1,95.0,grid,0.33333333333333337,0.33333333333333337,27.0,27.0,5,1,4,0.2,1.0,1,0.1852936111589461,0.3471000889240194,3
gradual_balanced,232150720,pht_arf_c1,95.0,grid,0.5,0.5,53.0,53.0,3,1,2,0.3333333333333333,1.0,1,0.16290683657654556,0.34838454698152355,1
gradual_balanced,233227757,pht_arf_c1,95.0,grid,0.5,0.5,30.0,30.0,3,1,2,0.3333333333333333,1.0,1,0.16170139486826243,0.3431479102855449,1
gradual_balanced,398083709,pht_arf_c1,95.0,grid,0.4,0.4,42.0,42.0,4,1,3,0.25,1.0,1,0.17237816428448424,0.3553996640648157,2
gradual_balanced,536987301,pht_arf_c1,95.0,grid,0.5,0.5,48.0,48.0,3,1,2,0.3333333333333333,1.0,1,0.15756845186843466,0.3417646477620788,1
gradual_balanced,569531098,pht_arf_c1,95.0,grid,0.4,0.4,15.0,15.0,4,1,3,0.25,1.0,1,0.17057000172205958,0.35371998814346406,1
gradual_balanced,570914454,pht_arf_c1,95.0,grid,0.5,0.5,27.0,27.0,3,1,2,0.3333333333333333,1.0,1,0.16247632168073015,0.34423475941112536,1
gradual_balanced,592703045,pht_arf_c1,95.0,grid,0.2857142857142857,0.2857142857142857,37.0,37.0,6,1,5,0.16666666666666666,1.0,1,0.16273463061821938,0.3659717419227349,2
gradual_balanced,609942288,pht_arf_c1,95.0,grid,0.4,0.4,91.0,91.0,4,1,3,0.25,1.0,1,0.1680730153263303,0.35204031222211246,2
gradual_balanced,612016888,pht_arf_c1,95.0,grid,0.5,0.5,26.0,26.0,3,1,2,0.3333333333333333,1.0,1,0.16790080936800414,0.3529295524157692,1
gradual_balanced,829139639,pht_arf_c1,95.0,grid,0.4,0.4,61.0,61.0,4,1,3,0.25,1.0,1,0.17057000172205958,0.35371998814346406,2
gradual_balanced,877132087,pht_arf_c1,95.0,grid,0.4,0.4,71.0,71.0,4,1,3,0.25,1.0,1,0.1668675736180472,0.34976780950498965,2
gradual_balanced,911875363,pht_arf_c1,95.0,grid,0.5,0.5,22.0,22.0,3,1,2,0.3333333333333333,1.0,1,0.16135698295161013,0.3500642229028752,1
gradual_balanced,1129302214,pht_arf_c1,95.0,grid,0.5,0.5,62.0,62.0,3,1,2,0.3333333333333333,1.0,1,0.16394007232650248,0.3502618318347989,1
gradual_balanced,1206282609,pht_arf_c1,95.0,grid,0.33333333333333337,0.33333333333333337,71.0,71.0,5,1,4,0.2,1.0,1,0.18426037540898915,0.34117182096630766,3
gradual_balanced,1244265337,pht_arf_c1,95.0,grid,0.4,0.4,61.0,61.0,4,1,3,0.25,1.0,1,0.16135698295161013,0.3489773737772947,1
gradual_balanced,1258460216,pht_arf_c1,95.0,grid,0.5,0.5,40.0,40.0,3,1,2,0.3333333333333333,1.0,1,0.16815911830549338,0.34858215591344727,1
gradual_balanced,1332204363,pht_arf_c1,95.0,grid,0.4,0.4,52.0,52.0,4,1,3,0.25,1.0,1,0.17117272257620114,0.35302835688173106,1
gradual_balanced,1337295874,pht_arf_c1,95.0,grid,0.4,0.4,250.0,250.0,4,1,3,0.25,1.0,1,0.16867573618047185,0.3418634522280407,2
gradual_balanced,1380564739,pht_arf_c1,95.0,grid,0.4,0.4,52.0,52.0,4,1,3,0.25,1.0,1,0.16979507490959186,0.3470012844580575,1
gradual_balanced,1395586264,pht_arf_c1,95.0,grid,0.5,0.5,30.0,30.0,3,1,2,0.3333333333333333,1.0,1,0.15644911313931462,0.34858215591344727,1
gradual_balanced,1496786007,pht_arf_c1,95.0,grid,0.33333333333333337,0.33333333333333337,40.0,40.0,5,1,4,0.2,1.0,1,0.16824522128465644,0.34462997727497285,2
gradual_balanced,1658700540,pht_arf_c1,95.0,grid,0.4,0.4,48.0,48.0,4,1,3,0.25,1.0,1,0.172119855346995,0.345914435332477,2
gradual_balanced,1737489325,pht_arf_c1,95.0,grid,0.4,0.4,65.0,65.0,4,1,3,0.25,1.0,1,0.16867573618047185,0.341665843296117,2
gradual_balanced,1870843651,pht_arf_c1,95.0,grid,0.25,0.25,153.0,153.0,7,1,6,0.14285714285714285,1.0,1,0.1697089719304288,0.3471000889240194,4
gradual_balanced,1944468667,pht_arf_c1,95.0,grid,0.33333333333333337,0.33333333333333337,17.0,17.0,5,1,4,0.2,1.0,1,0.1663509557430687,0.3583637980436716,1
gradual_balanced,592703045,pht_arf_c1,96.951197147,lambda_eq_span,0.5,0.5,57.0,57.0,3,1,2,0.3333333333333333,1.0,1,0.16738419149302566,0.3534235747455785,1
gradual_balanced,398083709,pht_arf_c1,97.391270399,lambda_eq_span,0.4,0.4,62.0,62.0,4,1,3,0.25,1.0,1,0.16032374720165318,0.34630965319632445,1
gradual_balanced,536987301,pht_arf_c1,100.209794432,lambda_eq_span,0.5,0.5,79.0,79.0,3,1,2,0.3333333333333333,1.0,1,0.16127087997244705,0.34304910581958303,1
gradual_balanced,1206282609,pht_arf_c1,103.509020269,lambda_eq_span,0.5,0.5,55.0,55.0,3,1,2,0.3333333333333333,1.0,1,0.16419838126399172,0.34542041300266774,1
gradual_balanced,76953952,pht_arf_c1,104.381731093,lambda_eq_span,0.5,0.5,104.0,104.0,3,1,2,0.3333333333333333,1.0,1,0.1622180127432409,0.36093271415867995,1
gradual_balanced,176092387,pht_arf_c1,106.867508471,lambda_eq_span,0.5,0.5,50.0,50.0,3,1,2,0.3333333333333333,1.0,1,0.17702772515929052,0.34334551921746864,1
gradual_balanced,176623029,pht_arf_c1,108.752096295,lambda_eq_span,0.5,0.5,117.0,117.0,3,1,2,0.3333333333333333,1.0,1,0.16721198553469951,0.341665843296117,1
gradual_balanced,1870843651,pht_arf_c1,109.582215548,lambda_eq_span,0.5,0.5,57.0,57.0,3,1,2,0.3333333333333333,1.0,1,0.1651455140347856,0.34947139610710404,1
gradual_balanced,168388230,pht_arf_c1,109.966164291,lambda_eq_span,0.5,0.5,70.0,70.0,3,1,2,0.3333333333333333,1.0,1,0.16264852763905632,0.3468036755261338,1
gradual_balanced,1496786007,pht_arf_c1,120.768198878,lambda_eq_span,0.5,0.5,134.0,134.0,3,1,2,0.3333333333333333,1.0,1,0.165576028930601,0.3511510720284557,1
gradual_balanced,1737489325,pht_arf_c1,122.561089903,lambda_eq_span,0.5,0.5,145.0,145.0,3,1,2,0.3333333333333333,1.0,1,0.1675563974513518,0.3417646477620788,1
gradual_balanced,110020020,pht_arf_c1,125.723305911,lambda_eq_span,0.5,0.5,131.0,131.0,3,1,2,0.3333333333333333,1.0,1,0.16049595315997933,0.35055824523268453,1
gradual_balanced,76953952,pht_arf_c1,135.0,grid,0.5,0.5,181.0,181.0,3,1,2,0.3333333333333333,1.0,1,0.16213190976407785,0.3510522675624938,1
gradual_balanced,110020020,pht_arf_c1,135.0,grid,0.5,0.5,183.0,183.0,3,1,2,0.3333333333333333,1.0,1,0.16127087997244705,0.3590554293054046,1
gradual_balanced,168388230,pht_arf_c1,135.0,grid,0.5,0.5,146.0,146.0,3,1,2,0.3333333333333333,1.0,1,0.16264852763905632,0.35045944076672264,1
gradual_balanced,176092387,pht_arf_c1,135.0,grid,0.5,0.5,150.0,150.0,3,1,2,0.3333333333333333,1.0,1,0.17366970897193043,0.3502618318347989,1
gradual_balanced,176623029,pht_arf_c1,135.0,grid,0.5,0.5,193.0,193.0,3,1,2,0.3333333333333333,1.0,1,0.1667814706388841,0.34018377630668906,1
gradual_balanced,232150720,pht_arf_c1,135.0,grid,0.5,0.5,151.0,151.0,3,1,2,0.3333333333333333,1.0,1,0.16247632168073015,0.35688173105424364,1
gradual_balanced,233227757,pht_arf_c1,135.0,grid,0.5,0.5,148.0,148.0,3,1,2,0.3333333333333333,1.0,1,0.15929051145169623,0.35302835688173106,1
gradual_balanced,398083709,pht_arf_c1,135.0,grid,0.5,0.5,122.0,122.0,3,1,2,0.3333333333333333,1.0,1,0.16032374720165318,0.33801007805552813,1
gradual_balanced,536987301,pht_arf_c1,135.0,grid,0.5,0.5,162.0,162.0,3,1,2,0.3333333333333333,1.0,1,0.160151541243327,0.34117182096630766,1
gradual_balanced,569531098,pht_arf_c1,135.0,grid,0.5,0.5,151.0,151.0,3,1,2,0.3333333333333333,1.0,1,0.1676425004305149,0.3489773737772947,1
gradual_balanced,570914454,pht_arf_c1,135.0,grid,0.5,0.5,163.0,163.0,3,1,2,0.3333333333333333,1.0,1,0.16213190976407785,0.34423475941112536,1
gradual_balanced,592703045,pht_arf_c1,135.0,grid,0.5,0.5,150.0,150.0,3,1,2,0.3333333333333333,1.0,1,0.16609264680557947,0.3428514968876593,1
gradual_balanced,609942288,pht_arf_c1,135.0,grid,0.5,0.5,172.0,172.0,3,1,2,0.3333333333333333,1.0,1,0.16609264680557947,0.3502618318347989,1
gradual_balanced,612016888,pht_arf_c1,135.0,grid,0.5,0.5,172.0,172.0,3,1,2,0.3333333333333333,1.0,1,0.16523161701394867,0.34966900503902776,1
gradual_balanced,829139639,pht_arf_c1,135.0,grid,0.5,0.5,174.0,174.0,3,1,2,0.3333333333333333,1.0,1,0.1687618391596349,0.34245627902381187,1
gradual_balanced,877132087,pht_arf_c1,135.0,grid,0.5,0.5,166.0,166.0,3,1,2,0.3333333333333333,1.0,1,0.16729808851386258,0.3421598656259263,1
gradual_balanced,911875363,pht_arf_c1,135.0,grid,0.5,0.5,125.0,125.0,3,1,2,0.3333333333333333,1.0,1,0.159032202514207,0.3457168264005533,1
gradual_balanced,1129302214,pht_arf_c1,135.0,grid,0.5,0.5,119.0,119.0,3,1,2,0.3333333333333333,1.0,1,0.16342345445152404,0.3542140104732734,1
gradual_balanced,1206282609,pht_arf_c1,135.0,grid,0.5,0.5,149.0,149.0,3,1,2,0.3333333333333333,1.0,1,0.16454279318064405,0.3521391166880743,1
gradual_balanced,1244265337,pht_arf_c1,135.0,grid,0.5,0.5,144.0,144.0,3,1,2,0.3333333333333333,1.0,1,0.16247632168073015,0.34858215591344727,1
gradual_balanced,1258460216,pht_arf_c1,135.0,grid,0.5,0.5,146.0,146.0,3,1,2,0.3333333333333333,1.0,1,0.16695367659721028,0.3588578203734809,1
gradual_balanced,1332204363,pht_arf_c1,135.0,grid,0.5,0.5,137.0,137.0,3,1,2,0.3333333333333333,1.0,1,0.17057000172205958,0.3491749827092185,1
gradual_balanced,1337295874,pht_arf_c1,135.0,grid,0.5,0.5,144.0,144.0,3,1,2,0.3333333333333333,1.0,1,0.16703977957637334,0.33909692718110857,1
gradual_balanced,1380564739,pht_arf_c1,135.0,grid,0.5,0.5,170.0,170.0,3,1,2,0.3333333333333333,1.0,1,0.16910625107628724,0.3508546586305701,1
gradual_balanced,1395586264,pht_arf_c1,135.0,grid,0.5,0.5,148.0,148.0,3,1,2,0.3333333333333333,1.0,1,0.15541587738935767,0.3478905246517143,1
gradual_balanced,1496786007,pht_arf_c1,135.0,grid,0.5,0.5,161.0,161.0,3,1,2,0.3333333333333333,1.0,1,0.16902014809712415,0.3561900997925106,1
gradual_balanced,1658700540,pht_arf_c1,135.0,grid,0.5,0.5,185.0,185.0,3,1,2,0.3333333333333333,1.0,1,0.1680730153263303,0.35302835688173106,1
gradual_balanced,1737489325,pht_arf_c1,135.0,grid,0.5,0.5,164.0,164.0,3,1,2,0.3333333333333333,1.0,1,0.16574823488892715,0.33998616737476534,1
gradual_balanced,1870843651,pht_arf_c1,135.0,grid,0.5,0.5,174.0,174.0,3,1,2,0.3333333333333333,1.0,1,0.16256242465989323,0.34611204426440073,1
gradual_balanced,1944468667,pht_arf_c1,135.0,grid,0.5,0.5,156.0,156.0,3,1,2,0.3333333333333333,1.0,1,0.16342345445152404,0.354510423871159,1
gradual_balanced,76953952,pht_arf_c1,200.0,grid,0.5,0.5,408.0,408.0,3,1,2,0.3333333333333333,1.0,1,0.16204580678491476,0.35371998814346406,1
gradual_balanced,110020020,pht_arf_c1,200.0,grid,0.5,0.5,471.0,471.0,3,1,2,0.3333333333333333,1.0,1,0.16161529188909937,0.35688173105424364,1
gradual_balanced,168388230,pht_arf_c1,200.0,grid,0.5,0.5,376.0,376.0,3,1,2,0.3333333333333333,1.0,1,0.16290683657654556,0.3498666139709515,1
gradual_balanced,176092387,pht_arf_c1,200.0,grid,0.5,0.5,385.0,385.0,3,1,2,0.3333333333333333,1.0,1,0.17366970897193043,0.3534235747455785,1
gradual_balanced,176623029,pht_arf_c1,200.0,grid,0.5,0.5,437.0,437.0,3,1,2,0.3333333333333333,1.0,1,0.16609264680557947,0.34947139610710404,1
gradual_balanced,232150720,pht_arf_c1,200.0,grid,0.5,0.5,407.0,407.0,3,1,2,0.3333333333333333,1.0,1,0.16273463061821938,0.34996541843691337,1
gradual_balanced,233227757,pht_arf_c1,200.0,grid,0.5,0.5,457.0,457.0,3,1,2,0.3333333333333333,1.0,1,0.15937661443085932,0.35154628989230313,1
gradual_balanced,398083709,pht_arf_c1,200.0,grid,0.5,0.5,375.0,375.0,3,1,2,0.3333333333333333,1.0,1,0.15946271741002238,0.35401640154134967,1
gradual_balanced,536987301,pht_arf_c1,200.0,grid,0.5,0.5,347.0,347.0,3,1,2,0.3333333333333333,1.0,1,0.15972102634751162,0.35381879260942595,1
gradual_balanced,569531098,pht_arf_c1,200.0,grid,0.5,0.5,443.0,443.0,3,1,2,0.3333333333333333,1.0,1,0.16738419149302566,0.35490564173500644,1
gradual_balanced,570914454,pht_arf_c1,200.0,grid,0.5,0.5,358.0,358.0,3,1,2,0.3333333333333333,1.0,1,0.15920440847253314,0.3511510720284557,1
gradual_balanced,592703045,pht_arf_c1,200.0,grid,0.5,0.5,395.0,395.0,3,1,2,0.3333333333333333,1.0,1,0.16626485276390562,0.3559924908605869,1
gradual_balanced,609942288,pht_arf_c1,200.0,grid,0.5,0.5,392.0,392.0,3,1,2,0.3333333333333333,1.0,1,0.16505941105562252,0.3533247702796166,1
gradual_balanced,612016888,pht_arf_c1,200.0,grid,0.5,0.5,428.0,428.0,3,1,2,0.3333333333333333,1.0,1,0.1656621319097641,0.34966900503902776,1
gradual_balanced,829139639,pht_arf_c1,200.0,grid,0.5,0.5,414.0,414.0,3,1,2,0.3333333333333333,1.0,1,0.16979507490959186,0.35460922833712083,1
gradual_balanced,877132087,pht_arf_c1,200.0,grid,0.5,0.5,397.0,397.0,3,1,2,0.3333333333333333,1.0,1,0.16531771999311176,0.35411520600731156,1
gradual_balanced,911875363,pht_arf_c1,200.0,grid,0.5,0.5,441.0,441.0,3,1,2,0.3333333333333333,1.0,1,0.1578267608059239,0.3562889042584725,1
gradual_balanced,1129302214,pht_arf_c1,200.0,grid,0.5,0.5,415.0,415.0,3,1,2,0.3333333333333333,1.0,1,0.1610986740141209,0.3532259658136548,1
gradual_balanced,1206282609,pht_arf_c1,200.0,grid,0.5,0.5,337.0,337.0,3,1,2,0.3333333333333333,1.0,1,0.16376786636817633,0.3431479102855449,1
gradual_balanced,1244265337,pht_arf_c1,200.0,grid,0.5,0.5,442.0,442.0,3,1,2,0.3333333333333333,1.0,1,0.1631651455140348,0.3539175970753878,1
gradual_balanced,1258460216,pht_arf_c1,200.0,grid,0.5,0.5,428.0,428.0,3,1,2,0.3333333333333333,1.0,1,0.16712588255553643,0.35589368639462504,1
gradual_balanced,1332204363,pht_arf_c1,200.0,grid,0.5,0.5,352.0,352.0,3,1,2,0.3333333333333333,1.0,1,0.16996728086791804,0.34690247999209567,1
gradual_balanced,1337295874,pht_arf_c1,200.0,grid,0.5,0.5,393.0,393.0,3,1,2,0.3333333333333333,1.0,1,0.16712588255553643,0.34749530678786683,1
gradual_balanced,1380564739,pht_arf_c1,200.0,grid,0.5,0.5,478.0,478.0,3,1,2,0.3333333333333333,1.0,1,0.16815911830549338,0.3572769489180911,1
gradual_balanced,1395586264,pht_arf_c1,200.0,grid,0.5,0.5,431.0,431.0,3,1,2,0.3333333333333333,1.0,1,0.15395212674358533,0.35055824523268453,1
gradual_balanced,1496786007,pht_arf_c1,200.0,grid,0.5,0.5,402.0,402.0,3,1,2,0.3333333333333333,1.0,1,0.1687618391596349,0.3524355300859599,1
gradual_balanced,1658700540,pht_arf_c1,200.0,grid,0.5,0.5,353.0,353.0,3,1,2,0.3333333333333333,1.0,1,0.16988117788875495,0.34462997727497285,1
gradual_balanced,1737489325,pht_arf_c1,200.0,grid,0.5,0.5,427.0,427.0,3,1,2,0.3333333333333333,1.0,1,0.16394007232650248,0.355202055132892,1
gradual_balanced,1870843651,pht_arf_c1,200.0,grid,0.5,0.5,375.0,375.0,3,1,2,0.3333333333333333,1.0,1,0.1614430859307732,0.3508546586305701,1
gradual_balanced,1944468667,pht_arf_c1,200.0,grid,0.5,0.5,377.0,377.0,3,1,2,0.3333333333333333,1.0,1,0.16342345445152404,0.35579488192866315,1
gradual_balanced,76953952,pht_ht,8.0,grid,0.00796812749003984,0.00796812749003984,11.0,11.0,250,1,249,0.004,1.0,1,0.4538488031685896,0.5890722260646181,112
gradual_balanced,110020020,pht_ht,8.0,grid,0.00796812749003984,0.00796812749003984,11.0,11.0,250,1,249,0.004,1.0,1,0.4538488031685896,0.5890722260646181,112
gradual_balanced,168388230,pht_ht,8.0,grid,0.00796812749003984,0.00796812749003984,11.0,11.0,250,1,249,0.004,1.0,1,0.4538488031685896,0.5890722260646181,112
gradual_balanced,176092387,pht_ht,8.0,grid,0.00796812749003984,0.00796812749003984,11.0,11.0,250,1,249,0.004,1.0,1,0.4538488031685896,0.5890722260646181,112
gradual_balanced,176623029,pht_ht,8.0,grid,0.00796812749003984,0.00796812749003984,11.0,11.0,250,1,249,0.004,1.0,1,0.4538488031685896,0.5890722260646181,112
gradual_balanced,232150720,pht_ht,8.0,grid,0.00796812749003984,0.00796812749003984,11.0,11.0,250,1,249,0.004,1.0,1,0.4538488031685896,0.5890722260646181,112
gradual_balanced,233227757,pht_ht,8.0,grid,0.00796812749003984,0.00796812749003984,11.0,11.0,250,1,249,0.004,1.0,1,0.4538488031685896,0.5890722260646181,112
gradual_balanced,398083709,pht_ht,8.0,grid,0.00796812749003984,0.00796812749003984,11.0,11.0,250,1,249,0.004,1.0,1,0.4538488031685896,0.5890722260646181,112
gradual_balanced,536987301,pht_ht,8.0,grid,0.00796812749003984,0.00796812749003984,11.0,11.0,250,1,249,0.004,1.0,1,0.4538488031685896,0.5890722260646181,112
gradual_balanced,569531098,pht_ht,8.0,grid,0.00796812749003984,0.00796812749003984,11.0,11.0,250,1,249,0.004,1.0,1,0.4538488031685896,0.5890722260646181,112
gradual_balanced,570914454,pht_ht,8.0,grid,0.00796812749003984,0.00796812749003984,11.0,11.0,250,1,249,0.004,1.0,1,0.4538488031685896,0.5890722260646181,112
gradual_balanced,592703045,pht_ht,8.0,grid,0.00796812749003984,0.00796812749003984,11.0,11.0,250,1,249,0.004,1.0,1,0.4538488031685896,0.5890722260646181,112
gradual_balanced,609942288,pht_ht,8.0,grid,0.00796812749003984,0.00796812749003984,11.0,11.0,250,1,249,0.004,1.0,1,0.4538488031685896,0.5890722260646181,112
gradual_balanced,612016888,pht_ht,8.0,grid,0.00796812749003984,0.00796812749003984,11.0,11.0,250,1,249,0.004,1.0,1,0.4538488031685896,0.5890722260646181,112
gradual_balanced,829139639,pht_ht,8.0,grid,0.00796812749003984,0.00796812749003984,11.0,11.0,250,1,249,0.004,1.0,1,0.4538488031685896,0.5890722260646181,112
gradual_balanced,877132087,pht_ht,8.0,grid,0.00796812749003984,0.00796812749003984,11.0,11.0,250,1,249,0.004,1.0,1,0.4538488031685896,0.5890722260646181,112
gradual_balanced,911875363,pht_ht,8.0,grid,0.00796812749003984,0.00796812749003984,11.0,11.0,250,1,249,0.004,1.0,1,0.4538488031685896,0.5890722260646181,112
gradual_balanced,1129302214,pht_ht,8.0,grid,0.00796812749003984,0.00796812749003984,11.0,11.0,250,1,249,0.004,1.0,1,0.4538488031685896,0.5890722260646181,112
gradual_balanced,1206282609,pht_ht,8.0,grid,0.00796812749003984,0.00796812749003984,11.0,11.0,250,1,249,0.004,1.0,1,0.4538488031685896,0.5890722260646181,112
gradual_balanced,1244265337,pht_ht,8.0,grid,0.00796812749003984,0.00796812749003984,11.0,11.0,250,1,249,0.004,1.0,1,0.4538488031685896,0.5890722260646181,112
gradual_balanced,1258460216,pht_ht,8.0,grid,0.00796812749003984,0.00796812749003984,11.0,11.0,250,1,249,0.004,1.0,1,0.4538488031685896,0.5890722260646181,112
gradual_balanced,1332204363,pht_ht,8.0,grid,0.00796812749003984,0.00796812749003984,11.0,11.0,250,1,249,0.004,1.0,1,0.4538488031685896,0.5890722260646181,112
gradual_balanced,1337295874,pht_ht,8.0,grid,0.00796812749003984,0.00796812749003984,11.0,11.0,250,1,249,0.004,1.0,1,0.4538488031685896,0.5890722260646181,112
gradual_balanced,1380564739,pht_ht,8.0,grid,0.00796812749003984,0.00796812749003984,11.0,11.0,250,1,249,0.004,1.0,1,0.4538488031685896,0.5890722260646181,112
gradual_balanced,1395586264,pht_ht,8.0,grid,0.00796812749003984,0.00796812749003984,11.0,11.0,250,1,249,0.004,1.0,1,0.4538488031685896,0.5890722260646181,112
gradual_balanced,1496786007,pht_ht,8.0,grid,0.00796812749003984,0.00796812749003984,11.0,11.0,250,1,249,0.004,1.0,1,0.4538488031685896,0.5890722260646181,112
gradual_balanced,1658700540,pht_ht,8.0,grid,0.00796812749003984,0.00796812749003984,11.0,11.0,250,1,249,0.004,1.0,1,0.4538488031685896,0.5890722260646181,112
gradual_balanced,1737489325,pht_ht,8.0,grid,0.00796812749003984,0.00796812749003984,11.0,11.0,250,1,249,0.004,1.0,1,0.4538488031685896,0.5890722260646181,112
gradual_balanced,1870843651,pht_ht,8.0,grid,0.00796812749003984,0.00796812749003984,11.0,11.0,250,1,249,0.004,1.0,1,0.4538488031685896,0.5890722260646181,112
gradual_balanced,1944468667,pht_ht,8.0,grid,0.00796812749003984,0.00796812749003984,11.0,11.0,250,1,249,0.004,1.0,1,0.4538488031685896,0.5890722260646181,112
gradual_balanced,76953952,pht_ht,15.0,grid,0.015151515151515152,0.015151515151515152,30.0,30.0,131,1,130,0.007633587786259542,1.0,1,0.40296194248320993,0.5186246418338109,51
gradual_balanced,110020020,pht_ht,15.0,grid,0.015151515151515152,0.015151515151515152,30.0,30.0,131,1,130,0.007633587786259542,1.0,1,0.40296194248320993,0.5186246418338109,51
gradual_balanced,168388230,pht_ht,15.0,grid,0.015151515151515152,0.015151515151515152,30.0,30.0,131,1,130,0.007633587786259542,1.0,1,0.40296194248320993,0.5186246418338109,51
gradual_balanced,176092387,pht_ht,15.0,grid,0.015151515151515152,0.015151515151515152,30.0,30.0,131,1,130,0.007633587786259542,1.0,1,0.40296194248320993,0.5186246418338109,51
gradual_balanced,176623029,pht_ht,15.0,grid,0.015151515151515152,0.015151515151515152,30.0,30.0,131,1,130,0.007633587786259542,1.0,1,0.40296194248320993,0.5186246418338109,51
gradual_balanced,232150720,pht_ht,15.0,grid,0.015151515151515152,0.015151515151515152,30.0,30.0,131,1,130,0.007633587786259542,1.0,1,0.40296194248320993,0.5186246418338109,51
gradual_balanced,233227757,pht_ht,15.0,grid,0.015151515151515152,0.015151515151515152,30.0,30.0,131,1,130,0.007633587786259542,1.0,1,0.40296194248320993,0.5186246418338109,51
gradual_balanced,398083709,pht_ht,15.0,grid,0.015151515151515152,0.015151515151515152,30.0,30.0,131,1,130,0.007633587786259542,1.0,1,0.40296194248320993,0.5186246418338109,51
gradual_balanced,536987301,pht_ht,15.0,grid,0.015151515151515152,0.015151515151515152,30.0,30.0,131,1,130,0.007633587786259542,1.0,1,0.40296194248320993,0.5186246418338109,51
gradual_balanced,569531098,pht_ht,15.0,grid,0.015151515151515152,0.015151515151515152,30.0,30.0,131,1,130,0.007633587786259542,1.0,1,0.40296194248320993,0.5186246418338109,51
gradual_balanced,570914454,pht_ht,15.0,grid,0.015151515151515152,0.015151515151515152,30.0,30.0,131,1,130,0.007633587786259542,1.0,1,0.40296194248320993,0.5186246418338109,51
gradual_balanced,592703045,pht_ht,15.0,grid,0.015151515151515152,0.015151515151515152,30.0,30.0,131,1,130,0.007633587786259542,1.0,1,0.40296194248320993,0.5186246418338109,51
gradual_balanced,609942288,pht_ht,15.0,grid,0.015151515151515152,0.015151515151515152,30.0,30.0,131,1,130,0.007633587786259542,1.0,1,0.40296194248320993,0.5186246418338109,51
gradual_balanced,612016888,pht_ht,15.0,grid,0.015151515151515152,0.015151515151515152,30.0,30.0,131,1,130,0.007633587786259542,1.0,1,0.40296194248320993,0.5186246418338109,51
gradual_balanced,829139639,pht_ht,15.0,grid,0.015151515151515152,0.015151515151515152,30.0,30.0,131,1,130,0.007633587786259542,1.0,1,0.40296194248320993,0.5186246418338109,51
gradual_balanced,877132087,pht_ht,15.0,grid,0.015151515151515152,0.015151515151515152,30.0,30.0,131,1,130,0.007633587786259542,1.0,1,0.40296194248320993,0.5186246418338109,51
gradual_balanced,911875363,pht_ht,15.0,grid,0.015151515151515152,0.015151515151515152,30.0,30.0,131,1,130,0.007633587786259542,1.0,1,0.40296194248320993,0.5186246418338109,51
gradual_balanced,1129302214,pht_ht,15.0,grid,0.015151515151515152,0.015151515151515152,30.0,30.0,131,1,130,0.007633587786259542,1.0,1,0.40296194248320993,0.5186246418338109,51
gradual_balanced,1206282609,pht_ht,15.0,grid,0.015151515151515152,0.015151515151515152,30.0,30.0,131,1,130,0.007633587786259542,1.0,1,0.40296194248320993,0.5186246418338109,51
gradual_balanced,1244265337,pht_ht,15.0,grid,0.015151515151515152,0.015151515151515152,30.0,30.0,131,1,130,0.007633587786259542,1.0,1,0.40296194248320993,0.5186246418338109,51
gradual_balanced,1258460216,pht_ht,15.0,grid,0.015151515151515152,0.015151515151515152,30.0,30.0,131,1,130,0.007633587786259542,1.0,1,0.40296194248320993,0.5186246418338109,51
gradual_balanced,1332204363,pht_ht,15.0,grid,0.015151515151515152,0.015151515151515152,30.0,30.0,131,1,130,0.007633587786259542,1.0,1,0.40296194248320993,0.5186246418338109,51
gradual_balanced,1337295874,pht_ht,15.0,grid,0.015151515151515152,0.015151515151515152,30.0,30.0,131,1,130,0.007633587786259542,1.0,1,0.40296194248320993,0.5186246418338109,51
gradual_balanced,1380564739,pht_ht,15.0,grid,0.015151515151515152,0.015151515151515152,30.0,30.0,131,1,130,0.007633587786259542,1.0,1,0.40296194248320993,0.5186246418338109,51
gradual_balanced,1395586264,pht_ht,15.0,grid,0.015151515151515152,0.015151515151515152,30.0,30.0,131,1,130,0.007633587786259542,1.0,1,0.40296194248320993,0.5186246418338109,51
gradual_balanced,1496786007,pht_ht,15.0,grid,0.015151515151515152,0.015151515151515152,30.0,30.0,131,1,130,0.007633587786259542,1.0,1,0.40296194248320993,0.5186246418338109,51
gradual_balanced,1658700540,pht_ht,15.0,grid,0.015151515151515152,0.015151515151515152,30.0,30.0,131,1,130,0.007633587786259542,1.0,1,0.40296194248320993,0.5186246418338109,51
gradual_balanced,1737489325,pht_ht,15.0,grid,0.015151515151515152,0.015151515151515152,30.0,30.0,131,1,130,0.007633587786259542,1.0,1,0.40296194248320993,0.5186246418338109,51
gradual_balanced,1870843651,pht_ht,15.0,grid,0.015151515151515152,0.015151515151515152,30.0,30.0,131,1,130,0.007633587786259542,1.0,1,0.40296194248320993,0.5186246418338109,51
gradual_balanced,1944468667,pht_ht,15.0,grid,0.015151515151515152,0.015151515151515152,30.0,30.0,131,1,130,0.007633587786259542,1.0,1,0.40296194248320993,0.5186246418338109,51
gradual_balanced,76953952,pht_ht,21.0,grid,0.02380952380952381,0.02380952380952381,233.0,233.0,83,1,82,0.012048192771084338,1.0,1,0.40485620802479766,0.45390771662879165,43
gradual_balanced,110020020,pht_ht,21.0,grid,0.02380952380952381,0.02380952380952381,233.0,233.0,83,1,82,0.012048192771084338,1.0,1,0.40485620802479766,0.45390771662879165,43
gradual_balanced,168388230,pht_ht,21.0,grid,0.02380952380952381,0.02380952380952381,233.0,233.0,83,1,82,0.012048192771084338,1.0,1,0.40485620802479766,0.45390771662879165,43
gradual_balanced,176092387,pht_ht,21.0,grid,0.02380952380952381,0.02380952380952381,233.0,233.0,83,1,82,0.012048192771084338,1.0,1,0.40485620802479766,0.45390771662879165,43
gradual_balanced,176623029,pht_ht,21.0,grid,0.02380952380952381,0.02380952380952381,233.0,233.0,83,1,82,0.012048192771084338,1.0,1,0.40485620802479766,0.45390771662879165,43
gradual_balanced,232150720,pht_ht,21.0,grid,0.02380952380952381,0.02380952380952381,233.0,233.0,83,1,82,0.012048192771084338,1.0,1,0.40485620802479766,0.45390771662879165,43
gradual_balanced,233227757,pht_ht,21.0,grid,0.02380952380952381,0.02380952380952381,233.0,233.0,83,1,82,0.012048192771084338,1.0,1,0.40485620802479766,0.45390771662879165,43
gradual_balanced,398083709,pht_ht,21.0,grid,0.02380952380952381,0.02380952380952381,233.0,233.0,83,1,82,0.012048192771084338,1.0,1,0.40485620802479766,0.45390771662879165,43
gradual_balanced,536987301,pht_ht,21.0,grid,0.02380952380952381,0.02380952380952381,233.0,233.0,83,1,82,0.012048192771084338,1.0,1,0.40485620802479766,0.45390771662879165,43
gradual_balanced,569531098,pht_ht,21.0,grid,0.02380952380952381,0.02380952380952381,233.0,233.0,83,1,82,0.012048192771084338,1.0,1,0.40485620802479766,0.45390771662879165,43
gradual_balanced,570914454,pht_ht,21.0,grid,0.02380952380952381,0.02380952380952381,233.0,233.0,83,1,82,0.012048192771084338,1.0,1,0.40485620802479766,0.45390771662879165,43
gradual_balanced,592703045,pht_ht,21.0,grid,0.02380952380952381,0.02380952380952381,233.0,233.0,83,1,82,0.012048192771084338,1.0,1,0.40485620802479766,0.45390771662879165,43
gradual_balanced,609942288,pht_ht,21.0,grid,0.02380952380952381,0.02380952380952381,233.0,233.0,83,1,82,0.012048192771084338,1.0,1,0.40485620802479766,0.45390771662879165,43
gradual_balanced,612016888,pht_ht,21.0,grid,0.02380952380952381,0.02380952380952381,233.0,233.0,83,1,82,0.012048192771084338,1.0,1,0.40485620802479766,0.45390771662879165,43
gradual_balanced,829139639,pht_ht,21.0,grid,0.02380952380952381,0.02380952380952381,233.0,233.0,83,1,82,0.012048192771084338,1.0,1,0.40485620802479766,0.45390771662879165,43
gradual_balanced,877132087,pht_ht,21.0,grid,0.02380952380952381,0.02380952380952381,233.0,233.0,83,1,82,0.012048192771084338,1.0,1,0.40485620802479766,0.45390771662879165,43
gradual_balanced,911875363,pht_ht,21.0,grid,0.02380952380952381,0.02380952380952381,233.0,233.0,83,1,82,0.012048192771084338,1.0,1,0.40485620802479766,0.45390771662879165,43
gradual_balanced,1129302214,pht_ht,21.0,grid,0.02380952380952381,0.02380952380952381,233.0,233.0,83,1,82,0.012048192771084338,1.0,1,0.40485620802479766,0.45390771662879165,43
gradual_balanced,1206282609,pht_ht,21.0,grid,0.02380952380952381,0.02380952380952381,233.0,233.0,83,1,82,0.012048192771084338,1.0,1,0.40485620802479766,0.45390771662879165,43
gradual_balanced,1244265337,pht_ht,21.0,grid,0.02380952380952381,0.02380952380952381,233.0,233.0,83,1,82,0.012048192771084338,1.0,1,0.40485620802479766,0.45390771662879165,43
gradual_balanced,1258460216,pht_ht,21.0,grid,0.02380952380952381,0.02380952380952381,233.0,233.0,83,1,82,0.012048192771084338,1.0,1,0.40485620802479766,0.45390771662879165,43
gradual_balanced,1332204363,pht_ht,21.0,grid,0.02380952380952381,0.02380952380952381,233.0,233.0,83,1,82,0.012048192771084338,1.0,1,0.40485620802479766,0.45390771662879165,43
gradual_balanced,1337295874,pht_ht,21.0,grid,0.02380952380952381,0.02380952380952381,233.0,233.0,83,1,82,0.012048192771084338,1.0,1,0.40485620802479766,0.45390771662879165,43
gradual_balanced,1380564739,pht_ht,21.0,grid,0.02380952380952381,0.02380952380952381,233.0,233.0,83,1,82,0.012048192771084338,1.0,1,0.40485620802479766,0.45390771662879165,43
gradual_balanced,1395586264,pht_ht,21.0,grid,0.02380952380952381,0.02380952380952381,233.0,233.0,83,1,82,0.012048192771084338,1.0,1,0.40485620802479766,0.45390771662879165,43
gradual_balanced,1496786007,pht_ht,21.0,grid,0.02380952380952381,0.02380952380952381,233.0,233.0,83,1,82,0.012048192771084338,1.0,1,0.40485620802479766,0.45390771662879165,43
gradual_balanced,1658700540,pht_ht,21.0,grid,0.02380952380952381,0.02380952380952381,233.0,233.0,83,1,82,0.012048192771084338,1.0,1,0.40485620802479766,0.45390771662879165,43
gradual_balanced,1737489325,pht_ht,21.0,grid,0.02380952380952381,0.02380952380952381,233.0,233.0,83,1,82,0.012048192771084338,1.0,1,0.40485620802479766,0.45390771662879165,43
gradual_balanced,1870843651,pht_ht,21.0,grid,0.02380952380952381,0.02380952380952381,233.0,233.0,83,1,82,0.012048192771084338,1.0,1,0.40485620802479766,0.45390771662879165,43
gradual_balanced,1944468667,pht_ht,21.0,grid,0.02380952380952381,0.02380952380952381,233.0,233.0,83,1,82,0.012048192771084338,1.0,1,0.40485620802479766,0.45390771662879165,43
gradual_balanced,76953952,pht_ht,30.0,grid,0.047619047619047616,0.047619047619047616,40.0,40.0,41,1,40,0.024390243902439025,1.0,1,0.3640433959014982,0.41073016500345816,29
gradual_balanced,110020020,pht_ht,30.0,grid,0.047619047619047616,0.047619047619047616,40.0,40.0,41,1,40,0.024390243902439025,1.0,1,0.3640433959014982,0.41073016500345816,29
gradual_balanced,168388230,pht_ht,30.0,grid,0.047619047619047616,0.047619047619047616,40.0,40.0,41,1,40,0.024390243902439025,1.0,1,0.3640433959014982,0.41073016500345816,29
gradual_balanced,176092387,pht_ht,30.0,grid,0.047619047619047616,0.047619047619047616,40.0,40.0,41,1,40,0.024390243902439025,1.0,1,0.3640433959014982,0.41073016500345816,29
gradual_balanced,176623029,pht_ht,30.0,grid,0.047619047619047616,0.047619047619047616,40.0,40.0,41,1,40,0.024390243902439025,1.0,1,0.3640433959014982,0.41073016500345816,29
gradual_balanced,232150720,pht_ht,30.0,grid,0.047619047619047616,0.047619047619047616,40.0,40.0,41,1,40,0.024390243902439025,1.0,1,0.3640433959014982,0.41073016500345816,29
gradual_balanced,233227757,pht_ht,30.0,grid,0.047619047619047616,0.047619047619047616,40.0,40.0,41,1,40,0.024390243902439025,1.0,1,0.3640433959014982,0.41073016500345816,29
gradual_balanced,398083709,pht_ht,30.0,grid,0.047619047619047616,0.047619047619047616,40.0,40.0,41,1,40,0.024390243902439025,1.0,1,0.3640433959014982,0.41073016500345816,29
gradual_balanced,536987301,pht_ht,30.0,grid,0.047619047619047616,0.047619047619047616,40.0,40.0,41,1,40,0.024390243902439025,1.0,1,0.3640433959014982,0.41073016500345816,29
gradual_balanced,569531098,pht_ht,30.0,grid,0.047619047619047616,0.047619047619047616,40.0,40.0,41,1,40,0.024390243902439025,1.0,1,0.3640433959014982,0.41073016500345816,29
gradual_balanced,570914454,pht_ht,30.0,grid,0.047619047619047616,0.047619047619047616,40.0,40.0,41,1,40,0.024390243902439025,1.0,1,0.3640433959014982,0.41073016500345816,29
gradual_balanced,592703045,pht_ht,30.0,grid,0.047619047619047616,0.047619047619047616,40.0,40.0,41,1,40,0.024390243902439025,1.0,1,0.3640433959014982,0.41073016500345816,29
gradual_balanced,609942288,pht_ht,30.0,grid,0.047619047619047616,0.047619047619047616,40.0,40.0,41,1,40,0.024390243902439025,1.0,1,0.3640433959014982,0.41073016500345816,29
gradual_balanced,612016888,pht_ht,30.0,grid,0.047619047619047616,0.047619047619047616,40.0,40.0,41,1,40,0.024390243902439025,1.0,1,0.3640433959014982,0.41073016500345816,29
gradual_balanced,829139639,pht_ht,30.0,grid,0.047619047619047616,0.047619047619047616,40.0,40.0,41,1,40,0.024390243902439025,1.0,1,0.3640433959014982,0.41073016500345816,29
gradual_balanced,877132087,pht_ht,30.0,grid,0.047619047619047616,0.047619047619047616,40.0,40.0,41,1,40,0.024390243902439025,1.0,1,0.3640433959014982,0.41073016500345816,29
gradual_balanced,911875363,pht_ht,30.0,grid,0.047619047619047616,0.047619047619047616,40.0,40.0,41,1,40,0.024390243902439025,1.0,1,0.3640433959014982,0.41073016500345816,29
gradual_balanced,1129302214,pht_ht,30.0,grid,0.047619047619047616,0.047619047619047616,40.0,40.0,41,1,40,0.024390243902439025,1.0,1,0.3640433959014982,0.41073016500345816,29
gradual_balanced,1206282609,pht_ht,30.0,grid,0.047619047619047616,0.047619047619047616,40.0,40.0,41,1,40,0.024390243902439025,1.0,1,0.3640433959014982,0.41073016500345816,29
gradual_balanced,1244265337,pht_ht,30.0,grid,0.047619047619047616,0.047619047619047616,40.0,40.0,41,1,40,0.024390243902439025,1.0,1,0.3640433959014982,0.41073016500345816,29
gradual_balanced,1258460216,pht_ht,30.0,grid,0.047619047619047616,0.047619047619047616,40.0,40.0,41,1,40,0.024390243902439025,1.0,1,0.3640433959014982,0.41073016500345816,29
gradual_balanced,1332204363,pht_ht,30.0,grid,0.047619047619047616,0.047619047619047616,40.0,40.0,41,1,40,0.024390243902439025,1.0,1,0.3640433959014982,0.41073016500345816,29
gradual_balanced,1337295874,pht_ht,30.0,grid,0.047619047619047616,0.047619047619047616,40.0,40.0,41,1,40,0.024390243902439025,1.0,1,0.3640433959014982,0.41073016500345816,29
gradual_balanced,1380564739,pht_ht,30.0,grid,0.047619047619047616,0.047619047619047616,40.0,40.0,41,1,40,0.024390243902439025,1.0,1,0.3640433959014982,0.41073016500345816,29
gradual_balanced,1395586264,pht_ht,30.0,grid,0.047619047619047616,0.047619047619047616,40.0,40.0,41,1,40,0.024390243902439025,1.0,1,0.3640433959014982,0.41073016500345816,29
gradual_balanced,1496786007,pht_ht,30.0,grid,0.047619047619047616,0.047619047619047616,40.0,40.0,41,1,40,0.024390243902439025,1.0,1,0.3640433959014982,0.41073016500345816,29
gradual_balanced,1658700540,pht_ht,30.0,grid,0.047619047619047616,0.047619047619047616,40.0,40.0,41,1,40,0.024390243902439025,1.0,1,0.3640433959014982,0.41073016500345816,29
gradual_balanced,1737489325,pht_ht,30.0,grid,0.047619047619047616,0.047619047619047616,40.0,40.0,41,1,40,0.024390243902439025,1.0,1,0.3640433959014982,0.41073016500345816,29
gradual_balanced,1870843651,pht_ht,30.0,grid,0.047619047619047616,0.047619047619047616,40.0,40.0,41,1,40,0.024390243902439025,1.0,1,0.3640433959014982,0.41073016500345816,29
gradual_balanced,1944468667,pht_ht,30.0,grid,0.047619047619047616,0.047619047619047616,40.0,40.0,41,1,40,0.024390243902439025,1.0,1,0.3640433959014982,0.41073016500345816,29
gradual_balanced,76953952,pht_ht,45.0,grid,0.07142857142857142,0.07142857142857142,1120.0,1120.0,27,1,26,0.037037037037037035,1.0,1,0.3854830377131049,0.4078648354905642,20
gradual_balanced,110020020,pht_ht,45.0,grid,0.07142857142857142,0.07142857142857142,1120.0,1120.0,27,1,26,0.037037037037037035,1.0,1,0.3854830377131049,0.4078648354905642,20
gradual_balanced,168388230,pht_ht,45.0,grid,0.07142857142857142,0.07142857142857142,1120.0,1120.0,27,1,26,0.037037037037037035,1.0,1,0.3854830377131049,0.4078648354905642,20
gradual_balanced,176092387,pht_ht,45.0,grid,0.07142857142857142,0.07142857142857142,1120.0,1120.0,27,1,26,0.037037037037037035,1.0,1,0.3854830377131049,0.4078648354905642,20
gradual_balanced,176623029,pht_ht,45.0,grid,0.07142857142857142,0.07142857142857142,1120.0,1120.0,27,1,26,0.037037037037037035,1.0,1,0.3854830377131049,0.4078648354905642,20
gradual_balanced,232150720,pht_ht,45.0,grid,0.07142857142857142,0.07142857142857142,1120.0,1120.0,27,1,26,0.037037037037037035,1.0,1,0.3854830377131049,0.4078648354905642,20
gradual_balanced,233227757,pht_ht,45.0,grid,0.07142857142857142,0.07142857142857142,1120.0,1120.0,27,1,26,0.037037037037037035,1.0,1,0.3854830377131049,0.4078648354905642,20
gradual_balanced,398083709,pht_ht,45.0,grid,0.07142857142857142,0.07142857142857142,1120.0,1120.0,27,1,26,0.037037037037037035,1.0,1,0.3854830377131049,0.4078648354905642,20
gradual_balanced,536987301,pht_ht,45.0,grid,0.07142857142857142,0.07142857142857142,1120.0,1120.0,27,1,26,0.037037037037037035,1.0,1,0.3854830377131049,0.4078648354905642,20
gradual_balanced,569531098,pht_ht,45.0,grid,0.07142857142857142,0.07142857142857142,1120.0,1120.0,27,1,26,0.037037037037037035,1.0,1,0.3854830377131049,0.4078648354905642,20
gradual_balanced,570914454,pht_ht,45.0,grid,0.07142857142857142,0.07142857142857142,1120.0,1120.0,27,1,26,0.037037037037037035,1.0,1,0.3854830377131049,0.4078648354905642,20
gradual_balanced,592703045,pht_ht,45.0,grid,0.07142857142857142,0.07142857142857142,1120.0,1120.0,27,1,26,0.037037037037037035,1.0,1,0.3854830377131049,0.4078648354905642,20
gradual_balanced,609942288,pht_ht,45.0,grid,0.07142857142857142,0.07142857142857142,1120.0,1120.0,27,1,26,0.037037037037037035,1.0,1,0.3854830377131049,0.4078648354905642,20
gradual_balanced,612016888,pht_ht,45.0,grid,0.07142857142857142,0.07142857142857142,1120.0,1120.0,27,1,26,0.037037037037037035,1.0,1,0.3854830377131049,0.4078648354905642,20
gradual_balanced,829139639,pht_ht,45.0,grid,0.07142857142857142,0.07142857142857142,1120.0,1120.0,27,1,26,0.037037037037037035,1.0,1,0.3854830377131049,0.4078648354905642,20
gradual_balanced,877132087,pht_ht,45.0,grid,0.07142857142857142,0.07142857142857142,1120.0,1120.0,27,1,26,0.037037037037037035,1.0,1,0.3854830377131049,0.4078648354905642,20
gradual_balanced,911875363,pht_ht,45.0,grid,0.07142857142857142,0.07142857142857142,1120.0,1120.0,27,1,26,0.037037037037037035,1.0,1,0.3854830377131049,0.4078648354905642,20
gradual_balanced,1129302214,pht_ht,45.0,grid,0.07142857142857142,0.07142857142857142,1120.0,1120.0,27,1,26,0.037037037037037035,1.0,1,0.3854830377131049,0.4078648354905642,20
gradual_balanced,1206282609,pht_ht,45.0,grid,0.07142857142857142,0.07142857142857142,1120.0,1120.0,27,1,26,0.037037037037037035,1.0,1,0.3854830377131049,0.4078648354905642,20
gradual_balanced,1244265337,pht_ht,45.0,grid,0.07142857142857142,0.07142857142857142,1120.0,1120.0,27,1,26,0.037037037037037035,1.0,1,0.3854830377131049,0.4078648354905642,20
gradual_balanced,1258460216,pht_ht,45.0,grid,0.07142857142857142,0.07142857142857142,1120.0,1120.0,27,1,26,0.037037037037037035,1.0,1,0.3854830377131049,0.4078648354905642,20
gradual_balanced,1332204363,pht_ht,45.0,grid,0.07142857142857142,0.07142857142857142,1120.0,1120.0,27,1,26,0.037037037037037035,1.0,1,0.3854830377131049,0.4078648354905642,20
gradual_balanced,1337295874,pht_ht,45.0,grid,0.07142857142857142,0.07142857142857142,1120.0,1120.0,27,1,26,0.037037037037037035,1.0,1,0.3854830377131049,0.4078648354905642,20
gradual_balanced,1380564739,pht_ht,45.0,grid,0.07142857142857142,0.07142857142857142,1120.0,1120.0,27,1,26,0.037037037037037035,1.0,1,0.3854830377131049,0.4078648354905642,20
gradual_balanced,1395586264,pht_ht,45.0,grid,0.07142857142857142,0.07142857142857142,1120.0,1120.0,27,1,26,0.037037037037037035,1.0,1,0.3854830377131049,0.4078648354905642,20
gradual_balanced,1496786007,pht_ht,45.0,grid,0.07142857142857142,0.07142857142857142,1120.0,1120.0,27,1,26,0.037037037037037035,1.0,1,0.3854830377131049,0.4078648354905642,20
gradual_balanced,1658700540,pht_ht,45.0,grid,0.07142857142857142,0.07142857142857142,1120.0,1120.0,27,1,26,0.037037037037037035,1.0,1,0.3854830377131049,0.4078648354905642,20
gradual_balanced,1737489325,pht_ht,45.0,grid,0.07142857142857142,0.07142857142857142,1120.0,1120.0,27,1,26,0.037037037037037035,1.0,1,0.3854830377131049,0.4078648354905642,20
gradual_balanced,1870843651,pht_ht,45.0,grid,0.07142857142857142,0.07142857142857142,1120.0,1120.0,27,1,26,0.037037037037037035,1.0,1,0.3854830377131049,0.4078648354905642,20
gradual_balanced,1944468667,pht_ht,45.0,grid,0.07142857142857142,0.07142857142857142,1120.0,1120.0,27,1,26,0.037037037037037035,1.0,1,0.3854830377131049,0.4078648354905642,20
gradual_balanced,76953952,pht_ht,65.0,grid,0.0,0.0,,,12,0,12,0.0,0.0,1,0.30962631307043226,0.4007509139413101,10
gradual_balanced,110020020,pht_ht,65.0,grid,0.0,0.0,,,12,0,12,0.0,0.0,1,0.30962631307043226,0.4007509139413101,10
gradual_balanced,168388230,pht_ht,65.0,grid,0.0,0.0,,,12,0,12,0.0,0.0,1,0.30962631307043226,0.4007509139413101,10
gradual_balanced,176092387,pht_ht,65.0,grid,0.0,0.0,,,12,0,12,0.0,0.0,1,0.30962631307043226,0.4007509139413101,10
gradual_balanced,176623029,pht_ht,65.0,grid,0.0,0.0,,,12,0,12,0.0,0.0,1,0.30962631307043226,0.4007509139413101,10
gradual_balanced,232150720,pht_ht,65.0,grid,0.0,0.0,,,12,0,12,0.0,0.0,1,0.30962631307043226,0.4007509139413101,10
gradual_balanced,233227757,pht_ht,65.0,grid,0.0,0.0,,,12,0,12,0.0,0.0,1,0.30962631307043226,0.4007509139413101,10
gradual_balanced,398083709,pht_ht,65.0,grid,0.0,0.0,,,12,0,12,0.0,0.0,1,0.30962631307043226,0.4007509139413101,10
gradual_balanced,536987301,pht_ht,65.0,grid,0.0,0.0,,,12,0,12,0.0,0.0,1,0.30962631307043226,0.4007509139413101,10
gradual_balanced,569531098,pht_ht,65.0,grid,0.0,0.0,,,12,0,12,0.0,0.0,1,0.30962631307043226,0.4007509139413101,10
gradual_balanced,570914454,pht_ht,65.0,grid,0.0,0.0,,,12,0,12,0.0,0.0,1,0.30962631307043226,0.4007509139413101,10
gradual_balanced,592703045,pht_ht,65.0,grid,0.0,0.0,,,12,0,12,0.0,0.0,1,0.30962631307043226,0.4007509139413101,10
gradual_balanced,609942288,pht_ht,65.0,grid,0.0,0.0,,,12,0,12,0.0,0.0,1,0.30962631307043226,0.4007509139413101,10
gradual_balanced,612016888,pht_ht,65.0,grid,0.0,0.0,,,12,0,12,0.0,0.0,1,0.30962631307043226,0.4007509139413101,10
gradual_balanced,829139639,pht_ht,65.0,grid,0.0,0.0,,,12,0,12,0.0,0.0,1,0.30962631307043226,0.4007509139413101,10
gradual_balanced,877132087,pht_ht,65.0,grid,0.0,0.0,,,12,0,12,0.0,0.0,1,0.30962631307043226,0.4007509139413101,10
gradual_balanced,911875363,pht_ht,65.0,grid,0.0,0.0,,,12,0,12,0.0,0.0,1,0.30962631307043226,0.4007509139413101,10
gradual_balanced,1129302214,pht_ht,65.0,grid,0.0,0.0,,,12,0,12,0.0,0.0,1,0.30962631307043226,0.4007509139413101,10
gradual_balanced,1206282609,pht_ht,65.0,grid,0.0,0.0,,,12,0,12,0.0,0.0,1,0.30962631307043226,0.4007509139413101,10
gradual_balanced,1244265337,pht_ht,65.0,grid,0.0,0.0,,,12,0,12,0.0,0.0,1,0.30962631307043226,0.4007509139413101,10
gradual_balanced,1258460216,pht_ht,65.0,grid,0.0,0.0,,,12,0,12,0.0,0.0,1,0.30962631307043226,0.4007509139413101,10
gradual_balanced,1332204363,pht_ht,65.0,grid,0.0,0.0,,,12,0,12,0.0,0.0,1,0.30962631307043226,0.4007509139413101,10
gradual_balanced,1337295874,pht_ht,65.0,grid,0.0,0.0,,,12,0,12,0.0,0.0,1,0.30962631307043226,0.4007509139413101,10
gradual_balanced,1380564739,pht_ht,65.0,grid,0.0,0.0,,,12,0,12,0.0,0.0,1,0.30962631307043226,0.4007509139413101,10
gradual_balanced,1395586264,pht_ht,65.0,grid,0.0,0.0,,,12,0,12,0.0,0.0,1,0.30962631307043226,0.4007509139413101,10
gradual_balanced,1496786007,pht_ht,65.0,grid,0.0,0.0,,,12,0,12,0.0,0.0,1,0.30962631307043226,0.4007509139413101,10
gradual_balanced,1658700540,pht_ht,65.0,grid,0.0,0.0,,,12,0,12,0.0,0.0,1,0.30962631307043226,0.4007509139413101,10
gradual_balanced,1737489325,pht_ht,65.0,grid,0.0,0.0,,,12,0,12,0.0,0.0,1,0.30962631307043226,0.4007509139413101,10
gradual_balanced,1870843651,pht_ht,65.0,grid,0.0,0.0,,,12,0,12,0.0,0.0,1,0.30962631307043226,0.4007509139413101,10
gradual_balanced,1944468667,pht_ht,65.0,grid,0.0,0.0,,,12,0,12,0.0,0.0,1,0.30962631307043226,0.4007509139413101,10
gradual_balanced,76953952,pht_ht,95.0,grid,0.0,0.0,,,8,0,8,0.0,0.0,1,0.3356294127776821,0.4142871257780852,7
gradual_balanced,110020020,pht_ht,95.0,grid,0.0,0.0,,,8,0,8,0.0,0.0,1,0.3356294127776821,0.4142871257780852,7
gradual_balanced,168388230,pht_ht,95.0,grid,0.0,0.0,,,8,0,8,0.0,0.0,1,0.3356294127776821,0.4142871257780852,7
gradual_balanced,176092387,pht_ht,95.0,grid,0.0,0.0,,,8,0,8,0.0,0.0,1,0.3356294127776821,0.4142871257780852,7
gradual_balanced,176623029,pht_ht,95.0,grid,0.0,0.0,,,8,0,8,0.0,0.0,1,0.3356294127776821,0.4142871257780852,7
gradual_balanced,232150720,pht_ht,95.0,grid,0.0,0.0,,,8,0,8,0.0,0.0,1,0.3356294127776821,0.4142871257780852,7
gradual_balanced,233227757,pht_ht,95.0,grid,0.0,0.0,,,8,0,8,0.0,0.0,1,0.3356294127776821,0.4142871257780852,7
gradual_balanced,398083709,pht_ht,95.0,grid,0.0,0.0,,,8,0,8,0.0,0.0,1,0.3356294127776821,0.4142871257780852,7
gradual_balanced,536987301,pht_ht,95.0,grid,0.0,0.0,,,8,0,8,0.0,0.0,1,0.3356294127776821,0.4142871257780852,7
gradual_balanced,569531098,pht_ht,95.0,grid,0.0,0.0,,,8,0,8,0.0,0.0,1,0.3356294127776821,0.4142871257780852,7
gradual_balanced,570914454,pht_ht,95.0,grid,0.0,0.0,,,8,0,8,0.0,0.0,1,0.3356294127776821,0.4142871257780852,7
gradual_balanced,592703045,pht_ht,95.0,grid,0.0,0.0,,,8,0,8,0.0,0.0,1,0.3356294127776821,0.4142871257780852,7
gradual_balanced,609942288,pht_ht,95.0,grid,0.0,0.0,,,8,0,8,0.0,0.0,1,0.3356294127776821,0.4142871257780852,7
gradual_balanced,612016888,pht_ht,95.0,grid,0.0,0.0,,,8,0,8,0.0,0.0,1,0.3356294127776821,0.4142871257780852,7
gradual_balanced,829139639,pht_ht,95.0,grid,0.0,0.0,,,8,0,8,0.0,0.0,1,0.3356294127776821,0.4142871257780852,7
gradual_balanced,877132087,pht_ht,95.0,grid,0.0,0.0,,,8,0,8,0.0,0.0,1,0.3356294127776821,0.4142871257780852,7
gradual_balanced,911875363,pht_ht,95.0,grid,0.0,0.0,,,8,0,8,0.0,0.0,1,0.3356294127776821,0.4142871257780852,7
gradual_balanced,1129302214,pht_ht,95.0,grid,0.0,0.0,,,8,0,8,0.0,0.0,1,0.3356294127776821,0.4142871257780852,7
gradual_balanced,1206282609,pht_ht,95.0,grid,0.0,0.0,,,8,0,8,0.0,0.0,1,0.3356294127776821,0.4142871257780852,7
gradual_balanced,1244265337,pht_ht,95.0,grid,0.0,0.0,,,8,0,8,0.0,0.0,1,0.3356294127776821,0.4142871257780852,7
gradual_balanced,1258460216,pht_ht,95.0,grid,0.0,0.0,,,8,0,8,0.0,0.0,1,0.3356294127776821,0.4142871257780852,7
gradual_balanced,1332204363,pht_ht,95.0,grid,0.0,0.0,,,8,0,8,0.0,0.0,1,0.3356294127776821,0.4142871257780852,7
gradual_balanced,1337295874,pht_ht,95.0,grid,0.0,0.0,,,8,0,8,0.0,0.0,1,0.3356294127776821,0.4142871257780852,7
gradual_balanced,1380564739,pht_ht,95.0,grid,0.0,0.0,,,8,0,8,0.0,0.0,1,0.3356294127776821,0.4142871257780852,7
gradual_balanced,1395586264,pht_ht,95.0,grid,0.0,0.0,,,8,0,8,0.0,0.0,1,0.3356294127776821,0.4142871257780852,7
gradual_balanced,1496786007,pht_ht,95.0,grid,0.0,0.0,,,8,0,8,0.0,0.0,1,0.3356294127776821,0.4142871257780852,7
gradual_balanced,1658700540,pht_ht,95.0,grid,0.0,0.0,,,8,0,8,0.0,0.0,1,0.3356294127776821,0.4142871257780852,7
gradual_balanced,1737489325,pht_ht,95.0,grid,0.0,0.0,,,8,0,8,0.0,0.0,1,0.3356294127776821,0.4142871257780852,7
gradual_balanced,1870843651,pht_ht,95.0,grid,0.0,0.0,,,8,0,8,0.0,0.0,1,0.3356294127776821,0.4142871257780852,7
gradual_balanced,1944468667,pht_ht,95.0,grid,0.0,0.0,,,8,0,8,0.0,0.0,1,0.3356294127776821,0.4142871257780852,7
gradual_balanced,76953952,pht_ht,132.503946602,lambda_ref,0.25,0.25,84.0,84.0,7,1,6,0.14285714285714285,1.0,1,0.33717926640261753,0.41359549451635214,5
gradual_balanced,110020020,pht_ht,132.503946602,lambda_ref,0.25,0.25,84.0,84.0,7,1,6,0.14285714285714285,1.0,1,0.33717926640261753,0.41359549451635214,5
gradual_balanced,168388230,pht_ht,132.503946602,lambda_ref,0.25,0.25,84.0,84.0,7,1,6,0.14285714285714285,1.0,1,0.33717926640261753,0.41359549451635214,5
gradual_balanced,176092387,pht_ht,132.503946602,lambda_ref,0.25,0.25,84.0,84.0,7,1,6,0.14285714285714285,1.0,1,0.33717926640261753,0.41359549451635214,5
gradual_balanced,176623029,pht_ht,132.503946602,lambda_ref,0.25,0.25,84.0,84.0,7,1,6,0.14285714285714285,1.0,1,0.33717926640261753,0.41359549451635214,5
gradual_balanced,232150720,pht_ht,132.503946602,lambda_ref,0.25,0.25,84.0,84.0,7,1,6,0.14285714285714285,1.0,1,0.33717926640261753,0.41359549451635214,5
gradual_balanced,233227757,pht_ht,132.503946602,lambda_ref,0.25,0.25,84.0,84.0,7,1,6,0.14285714285714285,1.0,1,0.33717926640261753,0.41359549451635214,5
gradual_balanced,398083709,pht_ht,132.503946602,lambda_ref,0.25,0.25,84.0,84.0,7,1,6,0.14285714285714285,1.0,1,0.33717926640261753,0.41359549451635214,5
gradual_balanced,536987301,pht_ht,132.503946602,lambda_ref,0.25,0.25,84.0,84.0,7,1,6,0.14285714285714285,1.0,1,0.33717926640261753,0.41359549451635214,5
gradual_balanced,569531098,pht_ht,132.503946602,lambda_ref,0.25,0.25,84.0,84.0,7,1,6,0.14285714285714285,1.0,1,0.33717926640261753,0.41359549451635214,5
gradual_balanced,570914454,pht_ht,132.503946602,lambda_ref,0.25,0.25,84.0,84.0,7,1,6,0.14285714285714285,1.0,1,0.33717926640261753,0.41359549451635214,5
gradual_balanced,592703045,pht_ht,132.503946602,lambda_ref,0.25,0.25,84.0,84.0,7,1,6,0.14285714285714285,1.0,1,0.33717926640261753,0.41359549451635214,5
gradual_balanced,609942288,pht_ht,132.503946602,lambda_ref,0.25,0.25,84.0,84.0,7,1,6,0.14285714285714285,1.0,1,0.33717926640261753,0.41359549451635214,5
gradual_balanced,612016888,pht_ht,132.503946602,lambda_ref,0.25,0.25,84.0,84.0,7,1,6,0.14285714285714285,1.0,1,0.33717926640261753,0.41359549451635214,5
gradual_balanced,829139639,pht_ht,132.503946602,lambda_ref,0.25,0.25,84.0,84.0,7,1,6,0.14285714285714285,1.0,1,0.33717926640261753,0.41359549451635214,5
gradual_balanced,877132087,pht_ht,132.503946602,lambda_ref,0.25,0.25,84.0,84.0,7,1,6,0.14285714285714285,1.0,1,0.33717926640261753,0.41359549451635214,5
gradual_balanced,911875363,pht_ht,132.503946602,lambda_ref,0.25,0.25,84.0,84.0,7,1,6,0.14285714285714285,1.0,1,0.33717926640261753,0.41359549451635214,5
gradual_balanced,1129302214,pht_ht,132.503946602,lambda_ref,0.25,0.25,84.0,84.0,7,1,6,0.14285714285714285,1.0,1,0.33717926640261753,0.41359549451635214,5
gradual_balanced,1206282609,pht_ht,132.503946602,lambda_ref,0.25,0.25,84.0,84.0,7,1,6,0.14285714285714285,1.0,1,0.33717926640261753,0.41359549451635214,5
gradual_balanced,1244265337,pht_ht,132.503946602,lambda_ref,0.25,0.25,84.0,84.0,7,1,6,0.14285714285714285,1.0,1,0.33717926640261753,0.41359549451635214,5
gradual_balanced,1258460216,pht_ht,132.503946602,lambda_ref,0.25,0.25,84.0,84.0,7,1,6,0.14285714285714285,1.0,1,0.33717926640261753,0.41359549451635214,5
gradual_balanced,1332204363,pht_ht,132.503946602,lambda_ref,0.25,0.25,84.0,84.0,7,1,6,0.14285714285714285,1.0,1,0.33717926640261753,0.41359549451635214,5
gradual_balanced,1337295874,pht_ht,132.503946602,lambda_ref,0.25,0.25,84.0,84.0,7,1,6,0.14285714285714285,1.0,1,0.33717926640261753,0.41359549451635214,5
gradual_balanced,1380564739,pht_ht,132.503946602,lambda_ref,0.25,0.25,84.0,84.0,7,1,6,0.14285714285714285,1.0,1,0.33717926640261753,0.41359549451635214,5
gradual_balanced,1395586264,pht_ht,132.503946602,lambda_ref,0.25,0.25,84.0,84.0,7,1,6,0.14285714285714285,1.0,1,0.33717926640261753,0.41359549451635214,5
gradual_balanced,1496786007,pht_ht,132.503946602,lambda_ref,0.25,0.25,84.0,84.0,7,1,6,0.14285714285714285,1.0,1,0.33717926640261753,0.41359549451635214,5
gradual_balanced,1658700540,pht_ht,132.503946602,lambda_ref,0.25,0.25,84.0,84.0,7,1,6,0.14285714285714285,1.0,1,0.33717926640261753,0.41359549451635214,5
gradual_balanced,1737489325,pht_ht,132.503946602,lambda_ref,0.25,0.25,84.0,84.0,7,1,6,0.14285714285714285,1.0,1,0.33717926640261753,0.41359549451635214,5
gradual_balanced,1870843651,pht_ht,132.503946602,lambda_ref,0.25,0.25,84.0,84.0,7,1,6,0.14285714285714285,1.0,1,0.33717926640261753,0.41359549451635214,5
gradual_balanced,1944468667,pht_ht,132.503946602,lambda_ref,0.25,0.25,84.0,84.0,7,1,6,0.14285714285714285,1.0,1,0.33717926640261753,0.41359549451635214,5
gradual_balanced,76953952,pht_ht,135.0,grid,0.2857142857142857,0.2857142857142857,100.0,100.0,6,1,5,0.16666666666666666,1.0,1,0.3313242638195282,0.41270625432269537,4
gradual_balanced,110020020,pht_ht,135.0,grid,0.2857142857142857,0.2857142857142857,100.0,100.0,6,1,5,0.16666666666666666,1.0,1,0.3313242638195282,0.41270625432269537,4
gradual_balanced,168388230,pht_ht,135.0,grid,0.2857142857142857,0.2857142857142857,100.0,100.0,6,1,5,0.16666666666666666,1.0,1,0.3313242638195282,0.41270625432269537,4
gradual_balanced,176092387,pht_ht,135.0,grid,0.2857142857142857,0.2857142857142857,100.0,100.0,6,1,5,0.16666666666666666,1.0,1,0.3313242638195282,0.41270625432269537,4
gradual_balanced,176623029,pht_ht,135.0,grid,0.2857142857142857,0.2857142857142857,100.0,100.0,6,1,5,0.16666666666666666,1.0,1,0.3313242638195282,0.41270625432269537,4
gradual_balanced,232150720,pht_ht,135.0,grid,0.2857142857142857,0.2857142857142857,100.0,100.0,6,1,5,0.16666666666666666,1.0,1,0.3313242638195282,0.41270625432269537,4
gradual_balanced,233227757,pht_ht,135.0,grid,0.2857142857142857,0.2857142857142857,100.0,100.0,6,1,5,0.16666666666666666,1.0,1,0.3313242638195282,0.41270625432269537,4
gradual_balanced,398083709,pht_ht,135.0,grid,0.2857142857142857,0.2857142857142857,100.0,100.0,6,1,5,0.16666666666666666,1.0,1,0.3313242638195282,0.41270625432269537,4
gradual_balanced,536987301,pht_ht,135.0,grid,0.2857142857142857,0.2857142857142857,100.0,100.0,6,1,5,0.16666666666666666,1.0,1,0.3313242638195282,0.41270625432269537,4
gradual_balanced,569531098,pht_ht,135.0,grid,0.2857142857142857,0.2857142857142857,100.0,100.0,6,1,5,0.16666666666666666,1.0,1,0.3313242638195282,0.41270625432269537,4
gradual_balanced,570914454,pht_ht,135.0,grid,0.2857142857142857,0.2857142857142857,100.0,100.0,6,1,5,0.16666666666666666,1.0,1,0.3313242638195282,0.41270625432269537,4
gradual_balanced,592703045,pht_ht,135.0,grid,0.2857142857142857,0.2857142857142857,100.0,100.0,6,1,5,0.16666666666666666,1.0,1,0.3313242638195282,0.41270625432269537,4
gradual_balanced,609942288,pht_ht,135.0,grid,0.2857142857142857,0.2857142857142857,100.0,100.0,6,1,5,0.16666666666666666,1.0,1,0.3313242638195282,0.41270625432269537,4
gradual_balanced,612016888,pht_ht,135.0,grid,0.2857142857142857,0.2857142857142857,100.0,100.0,6,1,5,0.16666666666666666,1.0,1,0.3313242638195282,0.41270625432269537,4
gradual_balanced,829139639,pht_ht,135.0,grid,0.2857142857142857,0.2857142857142857,100.0,100.0,6,1,5,0.16666666666666666,1.0,1,0.3313242638195282,0.41270625432269537,4
gradual_balanced,877132087,pht_ht,135.0,grid,0.2857142857142857,0.2857142857142857,100.0,100.0,6,1,5,0.16666666666666666,1.0,1,0.3313242638195282,0.41270625432269537,4
gradual_balanced,911875363,pht_ht,135.0,grid,0.2857142857142857,0.2857142857142857,100.0,100.0,6,1,5,0.16666666666666666,1.0,1,0.3313242638195282,0.41270625432269537,4
gradual_balanced,1129302214,pht_ht,135.0,grid,0.2857142857142857,0.2857142857142857,100.0,100.0,6,1,5,0.16666666666666666,1.0,1,0.3313242638195282,0.41270625432269537,4
gradual_balanced,1206282609,pht_ht,135.0,grid,0.2857142857142857,0.2857142857142857,100.0,100.0,6,1,5,0.16666666666666666,1.0,1,0.3313242638195282,0.41270625432269537,4
gradual_balanced,1244265337,pht_ht,135.0,grid,0.2857142857142857,0.2857142857142857,100.0,100.0,6,1,5,0.16666666666666666,1.0,1,0.3313242638195282,0.41270625432269537,4
gradual_balanced,1258460216,pht_ht,135.0,grid,0.2857142857142857,0.2857142857142857,100.0,100.0,6,1,5,0.16666666666666666,1.0,1,0.3313242638195282,0.41270625432269537,4
gradual_balanced,1332204363,pht_ht,135.0,grid,0.2857142857142857,0.2857142857142857,100.0,100.0,6,1,5,0.16666666666666666,1.0,1,0.3313242638195282,0.41270625432269537,4
gradual_balanced,1337295874,pht_ht,135.0,grid,0.2857142857142857,0.2857142857142857,100.0,100.0,6,1,5,0.16666666666666666,1.0,1,0.3313242638195282,0.41270625432269537,4
gradual_balanced,1380564739,pht_ht,135.0,grid,0.2857142857142857,0.2857142857142857,100.0,100.0,6,1,5,0.16666666666666666,1.0,1,0.3313242638195282,0.41270625432269537,4
gradual_balanced,1395586264,pht_ht,135.0,grid,0.2857142857142857,0.2857142857142857,100.0,100.0,6,1,5,0.16666666666666666,1.0,1,0.3313242638195282,0.41270625432269537,4
gradual_balanced,1496786007,pht_ht,135.0,grid,0.2857142857142857,0.2857142857142857,100.0,100.0,6,1,5,0.16666666666666666,1.0,1,0.3313242638195282,0.41270625432269537,4
gradual_balanced,1658700540,pht_ht,135.0,grid,0.2857142857142857,0.2857142857142857,100.0,100.0,6,1,5,0.16666666666666666,1.0,1,0.3313242638195282,0.41270625432269537,4
gradual_balanced,1737489325,pht_ht,135.0,grid,0.2857142857142857,0.2857142857142857,100.0,100.0,6,1,5,0.16666666666666666,1.0,1,0.3313242638195282,0.41270625432269537,4
gradual_balanced,1870843651,pht_ht,135.0,grid,0.2857142857142857,0.2857142857142857,100.0,100.0,6,1,5,0.16666666666666666,1.0,1,0.3313242638195282,0.41270625432269537,4
gradual_balanced,1944468667,pht_ht,135.0,grid,0.2857142857142857,0.2857142857142857,100.0,100.0,6,1,5,0.16666666666666666,1.0,1,0.3313242638195282,0.41270625432269537,4
gradual_balanced,76953952,pht_ht,185.708523154,lambda_eq_span,0.5,0.5,138.0,138.0,3,1,2,0.3333333333333333,1.0,1,0.28439814017565007,0.419424958008102,1
gradual_balanced,110020020,pht_ht,185.708523154,lambda_eq_span,0.5,0.5,138.0,138.0,3,1,2,0.3333333333333333,1.0,1,0.28439814017565007,0.419424958008102,1
gradual_balanced,168388230,pht_ht,185.708523154,lambda_eq_span,0.5,0.5,138.0,138.0,3,1,2,0.3333333333333333,1.0,1,0.28439814017565007,0.419424958008102,1
gradual_balanced,176092387,pht_ht,185.708523154,lambda_eq_span,0.5,0.5,138.0,138.0,3,1,2,0.3333333333333333,1.0,1,0.28439814017565007,0.419424958008102,1
gradual_balanced,176623029,pht_ht,185.708523154,lambda_eq_span,0.5,0.5,138.0,138.0,3,1,2,0.3333333333333333,1.0,1,0.28439814017565007,0.419424958008102,1
gradual_balanced,232150720,pht_ht,185.708523154,lambda_eq_span,0.5,0.5,138.0,138.0,3,1,2,0.3333333333333333,1.0,1,0.28439814017565007,0.419424958008102,1
gradual_balanced,233227757,pht_ht,185.708523154,lambda_eq_span,0.5,0.5,138.0,138.0,3,1,2,0.3333333333333333,1.0,1,0.28439814017565007,0.419424958008102,1
gradual_balanced,398083709,pht_ht,185.708523154,lambda_eq_span,0.5,0.5,138.0,138.0,3,1,2,0.3333333333333333,1.0,1,0.28439814017565007,0.419424958008102,1
gradual_balanced,536987301,pht_ht,185.708523154,lambda_eq_span,0.5,0.5,138.0,138.0,3,1,2,0.3333333333333333,1.0,1,0.28439814017565007,0.419424958008102,1
gradual_balanced,569531098,pht_ht,185.708523154,lambda_eq_span,0.5,0.5,138.0,138.0,3,1,2,0.3333333333333333,1.0,1,0.28439814017565007,0.419424958008102,1
gradual_balanced,570914454,pht_ht,185.708523154,lambda_eq_span,0.5,0.5,138.0,138.0,3,1,2,0.3333333333333333,1.0,1,0.28439814017565007,0.419424958008102,1
gradual_balanced,592703045,pht_ht,185.708523154,lambda_eq_span,0.5,0.5,138.0,138.0,3,1,2,0.3333333333333333,1.0,1,0.28439814017565007,0.419424958008102,1
gradual_balanced,609942288,pht_ht,185.708523154,lambda_eq_span,0.5,0.5,138.0,138.0,3,1,2,0.3333333333333333,1.0,1,0.28439814017565007,0.419424958008102,1
gradual_balanced,612016888,pht_ht,185.708523154,lambda_eq_span,0.5,0.5,138.0,138.0,3,1,2,0.3333333333333333,1.0,1,0.28439814017565007,0.419424958008102,1
gradual_balanced,829139639,pht_ht,185.708523154,lambda_eq_span,0.5,0.5,138.0,138.0,3,1,2,0.3333333333333333,1.0,1,0.28439814017565007,0.419424958008102,1
gradual_balanced,877132087,pht_ht,185.708523154,lambda_eq_span,0.5,0.5,138.0,138.0,3,1,2,0.3333333333333333,1.0,1,0.28439814017565007,0.419424958008102,1
gradual_balanced,911875363,pht_ht,185.708523154,lambda_eq_span,0.5,0.5,138.0,138.0,3,1,2,0.3333333333333333,1.0,1,0.28439814017565007,0.419424958008102,1
gradual_balanced,1129302214,pht_ht,185.708523154,lambda_eq_span,0.5,0.5,138.0,138.0,3,1,2,0.3333333333333333,1.0,1,0.28439814017565007,0.419424958008102,1
gradual_balanced,1206282609,pht_ht,185.708523154,lambda_eq_span,0.5,0.5,138.0,138.0,3,1,2,0.3333333333333333,1.0,1,0.28439814017565007,0.419424958008102,1
gradual_balanced,1244265337,pht_ht,185.708523154,lambda_eq_span,0.5,0.5,138.0,138.0,3,1,2,0.3333333333333333,1.0,1,0.28439814017565007,0.419424958008102,1
gradual_balanced,1258460216,pht_ht,185.708523154,lambda_eq_span,0.5,0.5,138.0,138.0,3,1,2,0.3333333333333333,1.0,1,0.28439814017565007,0.419424958008102,1
gradual_balanced,1332204363,pht_ht,185.708523154,lambda_eq_span,0.5,0.5,138.0,138.0,3,1,2,0.3333333333333333,1.0,1,0.28439814017565007,0.419424958008102,1
gradual_balanced,1337295874,pht_ht,185.708523154,lambda_eq_span,0.5,0.5,138.0,138.0,3,1,2,0.3333333333333333,1.0,1,0.28439814017565007,0.419424958008102,1
gradual_balanced,1380564739,pht_ht,185.708523154,lambda_eq_span,0.5,0.5,138.0,138.0,3,1,2,0.3333333333333333,1.0,1,0.28439814017565007,0.419424958008102,1
gradual_balanced,1395586264,pht_ht,185.708523154,lambda_eq_span,0.5,0.5,138.0,138.0,3,1,2,0.3333333333333333,1.0,1,0.28439814017565007,0.419424958008102,1
gradual_balanced,1496786007,pht_ht,185.708523154,lambda_eq_span,0.5,0.5,138.0,138.0,3,1,2,0.3333333333333333,1.0,1,0.28439814017565007,0.419424958008102,1
gradual_balanced,1658700540,pht_ht,185.708523154,lambda_eq_span,0.5,0.5,138.0,138.0,3,1,2,0.3333333333333333,1.0,1,0.28439814017565007,0.419424958008102,1
gradual_balanced,1737489325,pht_ht,185.708523154,lambda_eq_span,0.5,0.5,138.0,138.0,3,1,2,0.3333333333333333,1.0,1,0.28439814017565007,0.419424958008102,1
gradual_balanced,1870843651,pht_ht,185.708523154,lambda_eq_span,0.5,0.5,138.0,138.0,3,1,2,0.3333333333333333,1.0,1,0.28439814017565007,0.419424958008102,1
gradual_balanced,1944468667,pht_ht,185.708523154,lambda_eq_span,0.5,0.5,138.0,138.0,3,1,2,0.3333333333333333,1.0,1,0.28439814017565007,0.419424958008102,1
gradual_balanced,76953952,pht_ht,200.0,grid,0.5,0.5,217.0,217.0,3,1,2,0.3333333333333333,1.0,1,0.2850008610297916,0.42110463392945363,1
gradual_balanced,110020020,pht_ht,200.0,grid,0.5,0.5,217.0,217.0,3,1,2,0.3333333333333333,1.0,1,0.2850008610297916,0.42110463392945363,1
gradual_balanced,168388230,pht_ht,200.0,grid,0.5,0.5,217.0,217.0,3,1,2,0.3333333333333333,1.0,1,0.2850008610297916,0.42110463392945363,1
gradual_balanced,176092387,pht_ht,200.0,grid,0.5,0.5,217.0,217.0,3,1,2,0.3333333333333333,1.0,1,0.2850008610297916,0.42110463392945363,1
gradual_balanced,176623029,pht_ht,200.0,grid,0.5,0.5,217.0,217.0,3,1,2,0.3333333333333333,1.0,1,0.2850008610297916,0.42110463392945363,1
gradual_balanced,232150720,pht_ht,200.0,grid,0.5,0.5,217.0,217.0,3,1,2,0.3333333333333333,1.0,1,0.2850008610297916,0.42110463392945363,1
gradual_balanced,233227757,pht_ht,200.0,grid,0.5,0.5,217.0,217.0,3,1,2,0.3333333333333333,1.0,1,0.2850008610297916,0.42110463392945363,1
gradual_balanced,398083709,pht_ht,200.0,grid,0.5,0.5,217.0,217.0,3,1,2,0.3333333333333333,1.0,1,0.2850008610297916,0.42110463392945363,1
gradual_balanced,536987301,pht_ht,200.0,grid,0.5,0.5,217.0,217.0,3,1,2,0.3333333333333333,1.0,1,0.2850008610297916,0.42110463392945363,1
gradual_balanced,569531098,pht_ht,200.0,grid,0.5,0.5,217.0,217.0,3,1,2,0.3333333333333333,1.0,1,0.2850008610297916,0.42110463392945363,1
gradual_balanced,570914454,pht_ht,200.0,grid,0.5,0.5,217.0,217.0,3,1,2,0.3333333333333333,1.0,1,0.2850008610297916,0.42110463392945363,1
gradual_balanced,592703045,pht_ht,200.0,grid,0.5,0.5,217.0,217.0,3,1,2,0.3333333333333333,1.0,1,0.2850008610297916,0.42110463392945363,1
gradual_balanced,609942288,pht_ht,200.0,grid,0.5,0.5,217.0,217.0,3,1,2,0.3333333333333333,1.0,1,0.2850008610297916,0.42110463392945363,1
gradual_balanced,612016888,pht_ht,200.0,grid,0.5,0.5,217.0,217.0,3,1,2,0.3333333333333333,1.0,1,0.2850008610297916,0.42110463392945363,1
gradual_balanced,829139639,pht_ht,200.0,grid,0.5,0.5,217.0,217.0,3,1,2,0.3333333333333333,1.0,1,0.2850008610297916,0.42110463392945363,1
gradual_balanced,877132087,pht_ht,200.0,grid,0.5,0.5,217.0,217.0,3,1,2,0.3333333333333333,1.0,1,0.2850008610297916,0.42110463392945363,1
gradual_balanced,911875363,pht_ht,200.0,grid,0.5,0.5,217.0,217.0,3,1,2,0.3333333333333333,1.0,1,0.2850008610297916,0.42110463392945363,1
gradual_balanced,1129302214,pht_ht,200.0,grid,0.5,0.5,217.0,217.0,3,1,2,0.3333333333333333,1.0,1,0.2850008610297916,0.42110463392945363,1
gradual_balanced,1206282609,pht_ht,200.0,grid,0.5,0.5,217.0,217.0,3,1,2,0.3333333333333333,1.0,1,0.2850008610297916,0.42110463392945363,1
gradual_balanced,1244265337,pht_ht,200.0,grid,0.5,0.5,217.0,217.0,3,1,2,0.3333333333333333,1.0,1,0.2850008610297916,0.42110463392945363,1
gradual_balanced,1258460216,pht_ht,200.0,grid,0.5,0.5,217.0,217.0,3,1,2,0.3333333333333333,1.0,1,0.2850008610297916,0.42110463392945363,1
gradual_balanced,1332204363,pht_ht,200.0,grid,0.5,0.5,217.0,217.0,3,1,2,0.3333333333333333,1.0,1,0.2850008610297916,0.42110463392945363,1
gradual_balanced,1337295874,pht_ht,200.0,grid,0.5,0.5,217.0,217.0,3,1,2,0.3333333333333333,1.0,1,0.2850008610297916,0.42110463392945363,1
gradual_balanced,1380564739,pht_ht,200.0,grid,0.5,0.5,217.0,217.0,3,1,2,0.3333333333333333,1.0,1,0.2850008610297916,0.42110463392945363,1
gradual_balanced,1395586264,pht_ht,200.0,grid,0.5,0.5,217.0,217.0,3,1,2,0.3333333333333333,1.0,1,0.2850008610297916,0.42110463392945363,1
gradual_balanced,1496786007,pht_ht,200.0,grid,0.5,0.5,217.0,217.0,3,1,2,0.3333333333333333,1.0,1,0.2850008610297916,0.42110463392945363,1
gradual_balanced,1658700540,pht_ht,200.0,grid,0.5,0.5,217.0,217.0,3,1,2,0.3333333333333333,1.0,1,0.2850008610297916,0.42110463392945363,1
gradual_balanced,1737489325,pht_ht,200.0,grid,0.5,0.5,217.0,217.0,3,1,2,0.3333333333333333,1.0,1,0.2850008610297916,0.42110463392945363,1
gradual_balanced,1870843651,pht_ht,200.0,grid,0.5,0.5,217.0,217.0,3,1,2,0.3333333333333333,1.0,1,0.2850008610297916,0.42110463392945363,1
gradual_balanced,1944468667,pht_ht,200.0,grid,0.5,0.5,217.0,217.0,3,1,2,0.3333333333333333,1.0,1,0.2850008610297916,0.42110463392945363,1
incremental_reoccurring_balanced,76953952,pht_arf_c1,8.0,grid,0.005502063273727647,0.005502063273727647,7.0,7.0,725,2,723,0.002758620689655172,1.0,2,0.34938072159396877,0.38787277458486996,153
incremental_reoccurring_balanced,110020020,pht_arf_c1,8.0,grid,0.00554016620498615,0.00554016620498615,7.0,7.0,720,2,718,0.002777777777777778,1.0,2,0.3511039310716209,0.38880880618529684,143
incremental_reoccurring_balanced,168388230,pht_arf_c1,8.0,grid,0.005772005772005771,0.005772005772005771,7.0,7.0,691,2,689,0.002894356005788712,1.0,2,0.3558966074313409,0.3946870846359773,147
incremental_reoccurring_balanced,176092387,pht_arf_c1,8.0,grid,0.005763688760806917,0.005763688760806917,7.0,7.0,692,2,690,0.002890173410404624,1.0,2,0.36650511577813677,0.40848419042626877,144
incremental_reoccurring_balanced,176623029,pht_arf_c1,8.0,grid,0.005610098176718093,0.005610098176718093,7.0,7.0,711,2,709,0.0028129395218002813,1.0,2,0.3656435110393107,0.4050208735046895,155
incremental_reoccurring_balanced,232150720,pht_arf_c1,8.0,grid,0.005517241379310345,0.005517241379310345,7.0,7.0,723,2,721,0.0027662517289073307,1.0,2,0.3542272482498654,0.3900256472658517,159
incremental_reoccurring_balanced,233227757,pht_arf_c1,8.0,grid,0.005763688760806917,0.005763688760806917,7.0,7.0,692,2,690,0.002890173410404624,1.0,2,0.3574582660204631,0.39367617050751635,148
incremental_reoccurring_balanced,398083709,pht_arf_c1,8.0,grid,0.005602240896358543,0.005602240896358543,7.0,7.0,712,2,710,0.0028089887640449437,1.0,2,0.3717824448034464,0.4112174026995151,164
incremental_reoccurring_balanced,536987301,pht_arf_c1,8.0,grid,0.005730659025787966,0.005730659025787966,7.0,7.0,696,2,694,0.0028735632183908046,1.0,2,0.36553581044695743,0.4076043207218676,154
incremental_reoccurring_balanced,569531098,pht_arf_c1,8.0,grid,0.005730659025787966,0.005730659025787966,7.0,7.0,696,2,694,0.0028735632183908046,1.0,2,0.36962843295638126,0.40708014302562856,149
incremental_reoccurring_balanced,570914454,pht_arf_c1,8.0,grid,0.005633802816901409,0.005633802816901409,7.0,7.0,708,2,706,0.002824858757062147,1.0,2,0.360527732902531,0.39818784282157366,152
incremental_reoccurring_balanced,592703045,pht_arf_c1,8.0,grid,0.005649717514124295,0.005649717514124295,7.0,7.0,706,2,704,0.0028328611898017,1.0,2,0.345718901453958,0.38249995319842,148
incremental_reoccurring_balanced,609942288,pht_arf_c1,8.0,grid,0.0055788005578800565,0.0055788005578800565,7.0,7.0,715,2,713,0.002797202797202797,1.0,2,0.35449649973074854,0.39476196716401146,154
incremental_reoccurring_balanced,612016888,pht_arf_c1,8.0,grid,0.0055944055944055935,0.0055944055944055935,7.0,7.0,713,2,711,0.002805049088359046,1.0,2,0.3532040926225094,0.3985622554617444,163
incremental_reoccurring_balanced,829139639,pht_arf_c1,8.0,grid,0.005517241379310345,0.005517241379310345,7.0,7.0,723,2,721,0.0027662517289073307,1.0,2,0.34674205708131395,0.3845779433513675,151
incremental_reoccurring_balanced,877132087,pht_arf_c1,8.0,grid,0.005471956224350205,0.005471956224350205,7.0,7.0,729,2,727,0.0027434842249657062,1.0,2,0.341949380721594,0.3798790647172249,156
incremental_reoccurring_balanced,911875363,pht_arf_c1,8.0,grid,0.005772005772005771,0.005772005772005771,7.0,7.0,691,2,689,0.002894356005788712,1.0,2,0.36682821755519657,0.4035981054720407,159
incremental_reoccurring_balanced,1129302214,pht_arf_c1,8.0,grid,0.005602240896358543,0.005602240896358543,7.0,7.0,712,2,710,0.0028089887640449437,1.0,2,0.350511577813678,0.3922908437388846,146
incremental_reoccurring_balanced,1206282609,pht_arf_c1,8.0,grid,0.005813953488372092,0.005813953488372092,7.0,7.0,686,2,684,0.0029154518950437317,1.0,2,0.3679590737749058,0.40135162963101634,152
incremental_reoccurring_balanced,1244265337,pht_arf_c1,8.0,grid,0.005917159763313609,0.005917159763313609,7.0,7.0,674,2,672,0.002967359050445104,1.0,2,0.34485729671513193,0.38418481007918825,144
incremental_reoccurring_balanced,1258460216,pht_arf_c1,8.0,grid,0.0057887120115774245,0.0057887120115774245,7.0,7.0,689,2,687,0.002902757619738752,1.0,2,0.379536887452881,0.4050770354007151,148
incremental_reoccurring_balanced,1332204363,pht_arf_c1,8.0,grid,0.005830903790087463,0.005830903790087463,7.0,7.0,684,2,682,0.0029239766081871343,1.0,2,0.3565428109854604,0.3880974221689724,141
incremental_reoccurring_balanced,1337295874,pht_arf_c1,8.0,grid,0.005706134094151213,0.005706134094151213,7.0,7.0,699,2,697,0.002861230329041488,1.0,2,0.3637587506731287,0.39567927813242976,157
incremental_reoccurring_balanced,1380564739,pht_arf_c1,8.0,grid,0.005813953488372092,0.005813953488372092,7.0,7.0,686,2,684,0.0029154518950437317,1.0,2,0.3527194399569198,0.3891083362974334,140
incremental_reoccurring_balanced,1395586264,pht_arf_c1,8.0,grid,0.005617977528089888,0.005617977528089888,7.0,7.0,710,2,708,0.0028169014084507044,1.0,2,0.34582660204631127,0.38386655933504316,152
incremental_reoccurring_balanced,1496786007,pht_arf_c1,8.0,grid,0.0055788005578800565,0.0055788005578800565,7.0,7.0,715,2,713,0.002797202797202797,1.0,2,0.35142703284868065,0.3877791714248273,147
incremental_reoccurring_balanced,1658700540,pht_arf_c1,8.0,grid,0.006015037593984963,0.006015037593984963,7.0,7.0,663,2,661,0.0030165912518853697,1.0,2,0.3551427032848681,0.388396952281109,137
incremental_reoccurring_balanced,1737489325,pht_arf_c1,8.0,grid,0.005602240896358543,0.005602240896358543,7.0,7.0,712,2,710,0.0028089887640449437,1.0,2,0.34507269789983847,0.38643128592021264,147
incremental_reoccurring_balanced,1870843651,pht_arf_c1,8.0,grid,0.005873715124816446,0.005873715124816446,7.0,7.0,679,2,677,0.0029455081001472753,1.0,2,0.35325794291868606,0.4007525694067432,139
incremental_reoccurring_balanced,1944468667,pht_arf_c1,8.0,grid,0.005822416302765647,0.005822416302765647,7.0,7.0,685,2,683,0.00291970802919708,1.0,2,0.3408723747980614,0.38285564520658216,145
incremental_reoccurring_balanced,76953952,pht_arf_c1,15.0,grid,0.011834319526627219,0.011834319526627219,32.5,32.5,336,2,334,0.005952380952380952,1.0,2,0.30290791599353795,0.3311305389669955,68
incremental_reoccurring_balanced,110020020,pht_arf_c1,15.0,grid,0.011976047904191616,0.011976047904191616,28.5,28.5,332,2,330,0.006024096385542169,1.0,2,0.3176628971459343,0.3312241421270382,69
incremental_reoccurring_balanced,168388230,pht_arf_c1,15.0,grid,0.011363636363636362,0.011363636363636362,32.5,32.5,350,2,348,0.005714285714285714,1.0,2,0.30974690360796986,0.3415392103637419,71
incremental_reoccurring_balanced,176092387,pht_arf_c1,15.0,grid,0.011764705882352941,0.011764705882352941,32.5,32.5,338,2,336,0.005917159763313609,1.0,2,0.32816370490037694,0.34899002190313944,70
incremental_reoccurring_balanced,176623029,pht_arf_c1,15.0,grid,0.011834319526627219,0.011834319526627219,23.5,23.5,336,2,334,0.005952380952380952,1.0,2,0.3224555735056543,0.3482224759907894,76
incremental_reoccurring_balanced,232150720,pht_arf_c1,15.0,grid,0.012383900928792569,0.012383900928792569,32.0,32.0,321,2,319,0.006230529595015576,1.0,2,0.30215401184706514,0.33302132279985774,64
incremental_reoccurring_balanced,233227757,pht_arf_c1,15.0,grid,0.012048192771084336,0.012048192771084336,21.0,21.0,330,2,328,0.006060606060606061,1.0,2,0.30123855681206246,0.342100829323998,66
incremental_reoccurring_balanced,398083709,pht_arf_c1,15.0,grid,0.011869436201780414,0.011869436201780414,28.5,28.5,335,2,333,0.005970149253731343,1.0,2,0.3255788906838988,0.3511616152161297,70
incremental_reoccurring_balanced,536987301,pht_arf_c1,15.0,grid,0.011396011396011397,0.011396011396011397,28.5,28.5,349,2,347,0.0057306590257879654,1.0,2,0.31217016693591815,0.3520602055525395,69
incremental_reoccurring_balanced,569531098,pht_arf_c1,15.0,grid,0.011976047904191616,0.011976047904191616,28.5,28.5,332,2,330,0.006024096385542169,1.0,2,0.32353257942918684,0.35554224310612725,70
incremental_reoccurring_balanced,570914454,pht_arf_c1,15.0,grid,0.011594202898550725,0.011594202898550725,32.0,32.0,343,2,341,0.0058309037900874635,1.0,2,0.3161550888529887,0.33994795664301625,71
incremental_reoccurring_balanced,592703045,pht_arf_c1,15.0,grid,0.012658227848101266,0.012658227848101266,32.5,32.5,314,2,312,0.006369426751592357,1.0,2,0.2963920301561659,0.32463447966003334,64
incremental_reoccurring_balanced,609942288,pht_arf_c1,15.0,grid,0.01146131805157593,0.01146131805157593,29.0,29.0,347,2,345,0.005763688760806916,1.0,2,0.3070543887991384,0.34021004549113576,69
incremental_reoccurring_balanced,612016888,pht_arf_c1,15.0,grid,0.011428571428571429,0.011428571428571429,31.0,31.0,348,2,346,0.005747126436781609,1.0,2,0.30974690360796986,0.34767957766254187,71
incremental_reoccurring_balanced,829139639,pht_arf_c1,15.0,grid,0.012861736334405146,0.012861736334405146,31.5,31.5,309,2,307,0.006472491909385114,1.0,2,0.30586968228325256,0.3210026770503772,66
incremental_reoccurring_balanced,877132087,pht_arf_c1,15.0,grid,0.011764705882352941,0.011764705882352941,19.5,19.5,338,2,336,0.005917159763313609,1.0,2,0.3050619278406031,0.32338019731546136,74
incremental_reoccurring_balanced,911875363,pht_arf_c1,15.0,grid,0.011799410029498525,0.011799410029498525,31.0,31.0,337,2,335,0.005934718100890208,1.0,2,0.31830910070005386,0.35589793511428947,73
incremental_reoccurring_balanced,1129302214,pht_arf_c1,15.0,grid,0.012012012012012012,0.012012012012012012,19.0,19.0,331,2,329,0.006042296072507553,1.0,2,0.29827679052234785,0.335230357376865,64
incremental_reoccurring_balanced,1206282609,pht_arf_c1,15.0,grid,0.012048192771084336,0.012048192771084336,22.0,22.0,330,2,328,0.006060606060606061,1.0,2,0.32277867528271403,0.345695190669637,77
incremental_reoccurring_balanced,1244265337,pht_arf_c1,15.0,grid,0.013888888888888888,0.013888888888888888,32.5,32.5,286,2,284,0.006993006993006993,1.0,2,0.30748519116855144,0.32474680345208456,63
incremental_reoccurring_balanced,1258460216,pht_arf_c1,15.0,grid,0.011869436201780414,0.011869436201780414,41.0,41.0,335,2,333,0.005970149253731343,1.0,2,0.32294022617124396,0.3542505194975382,71
incremental_reoccurring_balanced,1332204363,pht_arf_c1,15.0,grid,0.012048192771084336,0.012048192771084336,20.0,20.0,330,2,328,0.006060606060606061,1.0,2,0.3108239095315024,0.3411086358275455,62
incremental_reoccurring_balanced,1337295874,pht_arf_c1,15.0,grid,0.012269938650306747,0.012269938650306747,31.0,31.0,324,2,322,0.006172839506172839,1.0,2,0.3115239633817986,0.34065934065934067,65
incremental_reoccurring_balanced,1380564739,pht_arf_c1,15.0,grid,0.012903225806451613,0.012903225806451613,22.5,22.5,308,2,306,0.006493506493506494,1.0,2,0.3119547657512116,0.33266563079169553,64
incremental_reoccurring_balanced,1395586264,pht_arf_c1,15.0,grid,0.011661807580174927,0.011661807580174927,21.0,21.0,341,2,339,0.005865102639296188,1.0,2,0.30516962843295636,0.3291835932381077,72
incremental_reoccurring_balanced,1496786007,pht_arf_c1,15.0,grid,0.012121212121212121,0.012121212121212121,31.0,31.0,328,2,326,0.006097560975609756,1.0,2,0.31055465805061927,0.33176704045528577,69
incremental_reoccurring_balanced,1658700540,pht_arf_c1,15.0,grid,0.012539184952978056,0.012539184952978056,32.0,32.0,317,2,315,0.006309148264984227,1.0,2,0.31033925686591274,0.3366531254095138,60
incremental_reoccurring_balanced,1737489325,pht_arf_c1,15.0,grid,0.01146131805157593,0.01146131805157593,31.0,31.0,347,2,345,0.005763688760806916,1.0,2,0.30118470651588586,0.3345938558885748,67
incremental_reoccurring_balanced,1870843651,pht_arf_c1,15.0,grid,0.011428571428571429,0.011428571428571429,32.5,32.5,348,2,346,0.005747126436781609,1.0,2,0.31997845988152934,0.3472677237583541,71
incremental_reoccurring_balanced,1944468667,pht_arf_c1,15.0,grid,0.012738853503184714,0.012738853503184714,22.0,22.0,312,2,310,0.00641025641025641,1.0,2,0.29929994614970384,0.32555179062845163,64
incremental_reoccurring_balanced,76953952,pht_arf_c1,21.0,grid,0.019704433497536946,0.019704433497536946,61.0,61.0,201,2,199,0.009950248756218905,1.0,2,0.2854604200323102,0.3007469532171406,40
incremental_reoccurring_balanced,110020020,pht_arf_c1,21.0,grid,0.01990049751243781,0.01990049751243781,68.0,68.0,199,2,197,0.010050251256281407,1.0,2,0.3045772751750135,0.30200123556171254,51
incremental_reoccurring_balanced,168388230,pht_arf_c1,21.0,grid,0.018433179723502304,0.018433179723502304,46.5,46.5,215,2,213,0.009302325581395349,1.0,2,0.28971459343026384,0.31053784375760524,44
incremental_reoccurring_balanced,176092387,pht_arf_c1,21.0,grid,0.01785714285714286,0.01785714285714286,39.0,39.0,222,2,220,0.009009009009009009,1.0,2,0.2956919763058697,0.32203231181084674,41
incremental_reoccurring_balanced,176623029,pht_arf_c1,21.0,grid,0.01886792452830189,0.01886792452830189,65.5,65.5,210,2,208,0.009523809523809525,1.0,2,0.3026386645126548,0.3198045566018309,50
incremental_reoccurring_balanced,232150720,pht_arf_c1,21.0,grid,0.018779342723004695,0.018779342723004695,58.0,58.0,211,2,209,0.009478672985781991,1.0,2,0.2770059235325794,0.30445363835483086,38
incremental_reoccurring_balanced,233227757,pht_arf_c1,21.0,grid,0.019801980198019802,0.019801980198019802,62.0,62.0,200,2,198,0.01,1.0,2,0.2870220786214324,0.31123050714192113,45
incremental_reoccurring_balanced,398083709,pht_arf_c1,21.0,grid,0.017167381974248927,0.017167381974248927,58.0,58.0,231,2,229,0.008658008658008658,1.0,2,0.310016155088853,0.32147069285059066,54
incremental_reoccurring_balanced,536987301,pht_arf_c1,21.0,grid,0.016260162601626018,0.016260162601626018,63.0,63.0,244,2,242,0.00819672131147541,1.0,2,0.29235325794291867,0.3298762566224236,44
incremental_reoccurring_balanced,569531098,pht_arf_c1,21.0,grid,0.018348623853211007,0.018348623853211007,62.0,62.0,216,2,214,0.009259259259259259,1.0,2,0.2991922455573506,0.3240166988037516,46
incremental_reoccurring_balanced,570914454,pht_arf_c1,21.0,grid,0.01951219512195122,0.01951219512195122,71.0,71.0,203,2,201,0.009852216748768473,1.0,2,0.2752827140549273,0.3110058595578187,34
incremental_reoccurring_balanced,592703045,pht_arf_c1,21.0,grid,0.02094240837696335,0.02094240837696335,47.5,47.5,189,2,187,0.010582010582010581,1.0,2,0.27205169628432957,0.2969466649194077,35
incremental_reoccurring_balanced,609942288,pht_arf_c1,21.0,grid,0.0182648401826484,0.0182648401826484,61.0,61.0,217,2,215,0.009216589861751152,1.0,2,0.28131394722670977,0.31834434730516503,41
incremental_reoccurring_balanced,612016888,pht_arf_c1,21.0,grid,0.019704433497536946,0.019704433497536946,47.5,47.5,201,2,199,0.009950248756218905,1.0,2,0.288099084544965,0.3106127262856394,45
incremental_reoccurring_balanced,829139639,pht_arf_c1,21.0,grid,0.020618556701030924,0.020618556701030924,55.5,55.5,192,2,190,0.010416666666666666,1.0,2,0.2849219170705439,0.30127113091337965,44
incremental_reoccurring_balanced,877132087,pht_arf_c1,21.0,grid,0.020512820512820513,0.020512820512820513,58.5,58.5,193,2,191,0.010362694300518135,1.0,2,0.2862681744749596,0.29078757698859914,47
incremental_reoccurring_balanced,911875363,pht_arf_c1,21.0,grid,0.018181818181818184,0.018181818181818184,46.0,46.0,218,2,216,0.009174311926605505,1.0,2,0.2980075390414647,0.32748001572533086,48
incremental_reoccurring_balanced,1129302214,pht_arf_c1,21.0,grid,0.01941747572815534,0.01941747572815534,69.0,69.0,204,2,202,0.00980392156862745,1.0,2,0.2860527732902531,0.30561431753936014,37
incremental_reoccurring_balanced,1206282609,pht_arf_c1,21.0,grid,0.017391304347826087,0.017391304347826087,66.0,66.0,228,2,226,0.008771929824561403,1.0,2,0.2940226171243942,0.32843476795776627,44
incremental_reoccurring_balanced,1244265337,pht_arf_c1,21.0,grid,0.020725388601036274,0.020725388601036274,63.5,63.5,191,2,189,0.010471204188481676,1.0,2,0.287075928917609,0.3049029335230357,40
incremental_reoccurring_balanced,1258460216,pht_arf_c1,21.0,grid,0.018691588785046728,0.018691588785046728,51.0,51.0,212,2,210,0.009433962264150943,1.0,2,0.2920301561658589,0.32547690810041746,42
incremental_reoccurring_balanced,1332204363,pht_arf_c1,21.0,grid,0.01923076923076923,0.01923076923076923,75.5,75.5,206,2,204,0.009708737864077669,1.0,2,0.3042003231017771,0.30847857423666625,44
incremental_reoccurring_balanced,1337295874,pht_arf_c1,21.0,grid,0.01951219512195122,0.01951219512195122,65.5,65.5,203,2,201,0.009852216748768473,1.0,2,0.2836295099623048,0.31735215380871257,37
incremental_reoccurring_balanced,1380564739,pht_arf_c1,21.0,grid,0.01895734597156398,0.01895734597156398,61.0,61.0,209,2,207,0.009569377990430622,1.0,2,0.2785675821217017,0.31048168186157965,41
incremental_reoccurring_balanced,1395586264,pht_arf_c1,21.0,grid,0.0186046511627907,0.0186046511627907,61.5,61.5,213,2,211,0.009389671361502348,1.0,2,0.2852988691437803,0.3015706610255162,42
incremental_reoccurring_balanced,1496786007,pht_arf_c1,21.0,grid,0.0186046511627907,0.0186046511627907,57.5,57.5,213,2,211,0.009389671361502348,1.0,2,0.2920301561658589,0.3076548664282906,47
incremental_reoccurring_balanced,1658700540,pht_arf_c1,21.0,grid,0.019138755980861243,0.019138755980861243,65.5,65.5,207,2,205,0.00966183574879227,1.0,2,0.29779213785675823,0.3215642960106333,41
incremental_reoccurring_balanced,1737489325,pht_arf_c1,21.0,grid,0.02010050251256281,0.02010050251256281,63.5,63.5,197,2,195,0.01015228426395939,1.0,2,0.28023694130317717,0.29631016343111743,40
incremental_reoccurring_balanced,1870843651,pht_arf_c1,21.0,grid,0.01904761904761905,0.01904761904761905,47.0,47.0,208,2,206,0.009615384615384616,1.0,2,0.2994614970382337,0.3089091487728626,46
incremental_reoccurring_balanced,1944468667,pht_arf_c1,21.0,grid,0.017937219730941707,0.017937219730941707,42.0,42.0,221,2,219,0.00904977375565611,1.0,2,0.28820678513731823,0.3075425426362394,47
incremental_reoccurring_balanced,76953952,pht_arf_c1,30.0,grid,0.031007751937984496,0.031007751937984496,130.5,130.5,127,2,125,0.015748031496062992,1.0,2,0.2700053850296177,0.27648501413407717,27
incremental_reoccurring_balanced,110020020,pht_arf_c1,30.0,grid,0.031746031746031744,0.031746031746031744,99.0,99.0,124,2,122,0.016129032258064516,1.0,2,0.27145934302638663,0.2824381751127918,23
incremental_reoccurring_balanced,168388230,pht_arf_c1,30.0,grid,0.03125,0.03125,83.5,83.5,126,2,124,0.015873015873015872,1.0,2,0.26978998384491115,0.28408559072954304,26
incremental_reoccurring_balanced,176092387,pht_arf_c1,30.0,grid,0.027972027972027972,0.027972027972027972,82.5,82.5,141,2,139,0.014184397163120567,1.0,2,0.2756596661281637,0.29089990078065037,29
incremental_reoccurring_balanced,176623029,pht_arf_c1,30.0,grid,0.028169014084507043,0.028169014084507043,87.0,87.0,140,2,138,0.014285714285714285,1.0,2,0.2749057619816909,0.29539285246269914,28
incremental_reoccurring_balanced,232150720,pht_arf_c1,30.0,grid,0.03389830508474576,0.03389830508474576,87.5,87.5,116,2,114,0.017241379310344827,1.0,2,0.26623586429725365,0.2718235767639515,25
incremental_reoccurring_balanced,233227757,pht_arf_c1,30.0,grid,0.030303030303030307,0.030303030303030307,80.0,80.0,130,2,128,0.015384615384615385,1.0,2,0.26607431340872373,0.28809180597936984,29
incremental_reoccurring_balanced,398083709,pht_arf_c1,30.0,grid,0.029629629629629624,0.029629629629629624,92.0,92.0,133,2,131,0.015037593984962405,1.0,2,0.26779752288637587,0.2940449669580845,27
incremental_reoccurring_balanced,536987301,pht_arf_c1,30.0,grid,0.02857142857142857,0.02857142857142857,104.0,104.0,138,2,136,0.014492753623188406,1.0,2,0.2773290253096392,0.2855083587621918,30
incremental_reoccurring_balanced,569531098,pht_arf_c1,30.0,grid,0.032,0.032,83.5,83.5,123,2,121,0.016260162601626018,1.0,2,0.2606354334948842,0.29338974483778574,20
incremental_reoccurring_balanced,570914454,pht_arf_c1,30.0,grid,0.031007751937984496,0.031007751937984496,103.0,103.0,127,2,125,0.015748031496062992,1.0,2,0.2788906838987614,0.277177677518393,29
incremental_reoccurring_balanced,592703045,pht_arf_c1,30.0,grid,0.035398230088495575,0.035398230088495575,106.0,106.0,111,2,109,0.018018018018018018,1.0,2,0.25266558966074315,0.2757361888537357,16
incremental_reoccurring_balanced,609942288,pht_arf_c1,30.0,grid,0.031496062992125984,0.031496062992125984,78.5,78.5,125,2,123,0.016,1.0,2,0.26365105008077544,0.29252859576539303,23
incremental_reoccurring_balanced,612016888,pht_arf_c1,30.0,grid,0.033613445378151266,0.033613445378151266,89.0,89.0,117,2,115,0.017094017094017096,1.0,2,0.25821217016693593,0.2885223805155662,20
incremental_reoccurring_balanced,829139639,pht_arf_c1,30.0,grid,0.03636363636363636,0.03636363636363636,83.5,83.5,108,2,106,0.018518518518518517,1.0,2,0.2686052773290253,0.2745193477731808,23
incremental_reoccurring_balanced,877132087,pht_arf_c1,30.0,grid,0.03636363636363636,0.03636363636363636,88.5,88.5,108,2,106,0.018518518518518517,1.0,2,0.2617662897145934,0.2683040979463467,24
incremental_reoccurring_balanced,911875363,pht_arf_c1,30.0,grid,0.030534351145038167,0.030534351145038167,118.0,118.0,129,2,127,0.015503875968992248,1.0,2,0.26591276252019386,0.3003350993129528,21
incremental_reoccurring_balanced,1129302214,pht_arf_c1,30.0,grid,0.027586206896551724,0.027586206896551724,84.0,84.0,143,2,141,0.013986013986013986,1.0,2,0.2805061927840603,0.28532115244210643,30
incremental_reoccurring_balanced,1206282609,pht_arf_c1,30.0,grid,0.02857142857142857,0.02857142857142857,87.0,87.0,138,2,136,0.014492753623188406,1.0,2,0.2806677436725902,0.29917442012842355,27
incremental_reoccurring_balanced,1244265337,pht_arf_c1,30.0,grid,0.03738317757009346,0.03738317757009346,119.5,119.5,105,2,103,0.01904761904761905,1.0,2,0.25848142164781907,0.2783945185989479,18
incremental_reoccurring_balanced,1258460216,pht_arf_c1,30.0,grid,0.027586206896551724,0.027586206896551724,103.5,103.5,143,2,141,0.013986013986013986,1.0,2,0.28266020463112546,0.3010464833292772,28
incremental_reoccurring_balanced,1332204363,pht_arf_c1,30.0,grid,0.03333333333333333,0.03333333333333333,75.5,75.5,118,2,116,0.01694915254237288,1.0,2,0.26871297792137855,0.28206376247262105,23
incremental_reoccurring_balanced,1337295874,pht_arf_c1,30.0,grid,0.03125,0.03125,80.0,80.0,126,2,124,0.015873015873015872,1.0,2,0.2691976305869682,0.288410056723515,24
incremental_reoccurring_balanced,1380564739,pht_arf_c1,30.0,grid,0.03571428571428572,0.03571428571428572,103.5,103.5,110,2,108,0.01818181818181818,1.0,2,0.268066774367259,0.2779265027987345,23
incremental_reoccurring_balanced,1395586264,pht_arf_c1,30.0,grid,0.034482758620689655,0.034482758620689655,112.0,112.0,114,2,112,0.017543859649122806,1.0,2,0.2575659666128164,0.2699702341951064,23
incremental_reoccurring_balanced,1496786007,pht_arf_c1,30.0,grid,0.03125,0.03125,100.5,100.5,126,2,124,0.015873015873015872,1.0,2,0.2598276790522348,0.28711833311492596,18
incremental_reoccurring_balanced,1658700540,pht_arf_c1,30.0,grid,0.02985074626865672,0.02985074626865672,86.0,86.0,132,2,130,0.015151515151515152,1.0,2,0.27522886375875066,0.29850047737611624,25
incremental_reoccurring_balanced,1737489325,pht_arf_c1,30.0,grid,0.03418803418803419,0.03418803418803419,101.0,101.0,115,2,113,0.017391304347826087,1.0,2,0.2486806677436726,0.2773461632064699,18
incremental_reoccurring_balanced,1870843651,pht_arf_c1,30.0,grid,0.03305785123966942,0.03305785123966942,123.5,123.5,119,2,117,0.01680672268907563,1.0,2,0.26284329563812603,0.28543347623415766,20
incremental_reoccurring_balanced,1944468667,pht_arf_c1,30.0,grid,0.035398230088495575,0.035398230088495575,107.5,107.5,111,2,109,0.018018018018018018,1.0,2,0.2579967689822294,0.2801916992717674,19
incremental_reoccurring_balanced,76953952,pht_arf_c1,45.0,grid,0.05714285714285715,0.05714285714285715,335.0,335.0,68,2,66,0.029411764705882353,1.0,2,0.2528809908454496,0.25922459142220644,13
incremental_reoccurring_balanced,110020020,pht_arf_c1,45.0,grid,0.07999999999999999,0.07999999999999999,136.0,136.0,48,2,46,0.041666666666666664,1.0,2,0.2407108239095315,0.25293445906733814,8
incremental_reoccurring_balanced,168388230,pht_arf_c1,45.0,grid,0.05479452054794521,0.05479452054794521,150.0,150.0,71,2,69,0.028169014084507043,1.0,2,0.24566505115778137,0.2620139655914784,11
incremental_reoccurring_balanced,176092387,pht_arf_c1,45.0,grid,0.05882352941176471,0.05882352941176471,190.0,190.0,66,2,64,0.030303030303030304,1.0,2,0.2466882067851373,0.2635116161521613,8
incremental_reoccurring_balanced,176623029,pht_arf_c1,45.0,grid,0.06060606060606061,0.06060606060606061,156.0,156.0,64,2,62,0.03125,1.0,2,0.2483037156704362,0.2614710672632308,12
incremental_reoccurring_balanced,232150720,pht_arf_c1,45.0,grid,0.07692307692307693,0.07692307692307693,151.0,151.0,50,2,48,0.04,1.0,2,0.24431879375336565,0.2422449781904637,9
incremental_reoccurring_balanced,233227757,pht_arf_c1,45.0,grid,0.06451612903225806,0.06451612903225806,161.5,161.5,60,2,58,0.03333333333333333,1.0,2,0.23532579429186862,0.26246326075968324,6
incremental_reoccurring_balanced,398083709,pht_arf_c1,45.0,grid,0.05714285714285715,0.05714285714285715,204.0,204.0,68,2,66,0.029411764705882353,1.0,2,0.2382875605815832,0.26807945036224423,6
incremental_reoccurring_balanced,536987301,pht_arf_c1,45.0,grid,0.06153846153846154,0.06153846153846154,194.5,194.5,63,2,61,0.031746031746031744,1.0,2,0.26165858912224016,0.25669730610105396,16
incremental_reoccurring_balanced,569531098,pht_arf_c1,45.0,grid,0.06557377049180328,0.06557377049180328,181.0,181.0,59,2,57,0.03389830508474576,1.0,2,0.24426494345718902,0.2581949566617369,8
incremental_reoccurring_balanced,570914454,pht_arf_c1,45.0,grid,0.0625,0.0625,186.5,186.5,62,2,60,0.03225806451612903,1.0,2,0.25460420032310177,0.2567721886290881,12
incremental_reoccurring_balanced,592703045,pht_arf_c1,45.0,grid,0.07017543859649122,0.07017543859649122,204.0,204.0,55,2,53,0.03636363636363636,1.0,2,0.24356488960689285,0.2533088717075088,8
incremental_reoccurring_balanced,609942288,pht_arf_c1,45.0,grid,0.06779661016949151,0.06779661016949151,184.0,184.0,57,2,55,0.03508771929824561,1.0,2,0.2513193322563274,0.2520545893629369,12
incremental_reoccurring_balanced,612016888,pht_arf_c1,45.0,grid,0.06666666666666667,0.06666666666666667,1806.5,1806.5,58,2,56,0.034482758620689655,1.0,2,0.2496499730748519,0.25561150944455885,12
incremental_reoccurring_balanced,829139639,pht_arf_c1,45.0,grid,0.0689655172413793,0.0689655172413793,158.0,158.0,56,2,54,0.03571428571428571,1.0,2,0.24798061389337642,0.25244772263511617,9
incremental_reoccurring_balanced,877132087,pht_arf_c1,45.0,grid,0.06666666666666667,0.06666666666666667,199.5,199.5,58,2,56,0.034482758620689655,1.0,2,0.25465805061927843,0.24907800887357956,12
incremental_reoccurring_balanced,911875363,pht_arf_c1,45.0,grid,0.07843137254901959,0.07843137254901959,176.5,176.5,49,2,47,0.04081632653061224,1.0,2,0.24625740441572427,0.24879719939345152,10
incremental_reoccurring_balanced,1129302214,pht_arf_c1,45.0,grid,0.06666666666666667,0.06666666666666667,151.5,151.5,58,2,56,0.034482758620689655,1.0,2,0.24227248249865374,0.2530467828593893,8
incremental_reoccurring_balanced,1206282609,pht_arf_c1,45.0,grid,0.05882352941176471,0.05882352941176471,179.5,179.5,66,2,64,0.030303030303030304,1.0,2,0.2468497576736672,0.2688095550105772,8
incremental_reoccurring_balanced,1244265337,pht_arf_c1,45.0,grid,0.059701492537313446,0.059701492537313446,160.0,160.0,65,2,63,0.03076923076923077,1.0,2,0.25767366720516965,0.26231349570361495,15
incremental_reoccurring_balanced,1258460216,pht_arf_c1,45.0,grid,0.05714285714285715,0.05714285714285715,159.5,159.5,68,2,66,0.029411764705882353,1.0,2,0.25654281098546045,0.2669936537057491,12
incremental_reoccurring_balanced,1332204363,pht_arf_c1,45.0,grid,0.0625,0.0625,191.5,191.5,62,2,60,0.03225806451612903,1.0,2,0.2567582121701669,0.2635303367841698,12
incremental_reoccurring_balanced,1337295874,pht_arf_c1,45.0,grid,0.06153846153846154,0.06153846153846154,162.5,162.5,63,2,61,0.031746031746031744,1.0,2,0.250511577813678,0.2591122676301552,12
incremental_reoccurring_balanced,1380564739,pht_arf_c1,45.0,grid,0.07142857142857142,0.07142857142857142,194.5,194.5,54,2,52,0.037037037037037035,1.0,2,0.24329563812600968,0.25662242357301984,7
incremental_reoccurring_balanced,1395586264,pht_arf_c1,45.0,grid,0.0689655172413793,0.0689655172413793,211.0,211.0,56,2,54,0.03571428571428571,1.0,2,0.24211093161012387,0.2532901510755003,7
incremental_reoccurring_balanced,1496786007,pht_arf_c1,45.0,grid,0.0625,0.0625,188.0,188.0,62,2,60,0.03225806451612903,1.0,2,0.24781906300484652,0.2562480109328491,8
incremental_reoccurring_balanced,1658700540,pht_arf_c1,45.0,grid,0.06666666666666667,0.06666666666666667,275.0,275.0,58,2,56,0.034482758620689655,1.0,2,0.2440495422724825,0.2576707789654979,7
incremental_reoccurring_balanced,1737489325,pht_arf_c1,45.0,grid,0.0909090909090909,0.0909090909090909,142.0,142.0,42,2,40,0.047619047619047616,1.0,2,0.2407108239095315,0.24230114008648931,6
incremental_reoccurring_balanced,1870843651,pht_arf_c1,45.0,grid,0.05882352941176471,0.05882352941176471,190.5,190.5,66,2,64,0.030303030303030304,1.0,2,0.24065697361335486,0.2627066289757942,8
incremental_reoccurring_balanced,1944468667,pht_arf_c1,45.0,grid,0.07142857142857142,0.07142857142857142,190.5,190.5,54,2,52,0.037037037037037035,1.0,2,0.24932687129779213,0.25081902765037345,11
incremental_reoccurring_balanced,1129302214,pht_arf_c1,56.956923038,lambda_ref,0.1142857142857143,0.1142857142857143,200.0,200.0,33,2,31,0.06060606060606061,1.0,2,0.2429725363489499,0.23638542037179175,6
incremental_reoccurring_balanced,1244265337,pht_arf_c1,61.136444092,lambda_ref,0.125,0.125,308.0,308.0,30,2,28,0.06666666666666667,1.0,2,0.24054927302100163,0.2381451597805942,7
incremental_reoccurring_balanced,76953952,pht_arf_c1,65.0,grid,0.16,0.16,310.0,310.0,23,2,21,0.08695652173913043,1.0,2,0.23220247711362413,0.22992680232884663,5
incremental_reoccurring_balanced,110020020,pht_arf_c1,65.0,grid,0.13793103448275862,0.13793103448275862,328.5,328.5,27,2,25,0.07407407407407407,1.0,2,0.2331179321486268,0.241870565550293,3
incremental_reoccurring_balanced,168388230,pht_arf_c1,65.0,grid,0.13333333333333333,0.13333333333333333,320.0,320.0,28,2,26,0.07142857142857142,1.0,2,0.23634894991922456,0.23153677668158076,5
incremental_reoccurring_balanced,176092387,pht_arf_c1,65.0,grid,0.11764705882352941,0.11764705882352941,335.0,335.0,32,2,30,0.0625,1.0,2,0.23537964458804522,0.24767396147293932,2
incremental_reoccurring_balanced,176623029,pht_arf_c1,65.0,grid,0.13793103448275862,0.13793103448275862,264.0,264.0,27,2,25,0.07407407407407407,1.0,2,0.23435648896068928,0.23726529007619296,4
incremental_reoccurring_balanced,232150720,pht_arf_c1,65.0,grid,0.14285714285714288,0.14285714285714288,353.0,353.0,26,2,24,0.07692307692307693,1.0,2,0.2334948842218632,0.2330344272422637,4
incremental_reoccurring_balanced,233227757,pht_arf_c1,65.0,grid,0.12121212121212122,0.12121212121212122,364.0,364.0,31,2,29,0.06451612903225806,1.0,2,0.22810985460420033,0.24568957448003445,3
incremental_reoccurring_balanced,398083709,pht_arf_c1,65.0,grid,0.16,0.16,310.5,310.5,23,2,21,0.08695652173913043,1.0,2,0.2331179321486268,0.2327348971301271,4
incremental_reoccurring_balanced,536987301,pht_arf_c1,65.0,grid,0.12903225806451613,0.12903225806451613,275.5,275.5,29,2,27,0.06896551724137931,1.0,2,0.23925686591276252,0.2402044293015332,3
incremental_reoccurring_balanced,569531098,pht_arf_c1,65.0,grid,0.125,0.125,294.0,294.0,30,2,28,0.06666666666666667,1.0,2,0.23527194399569198,0.24518411741580395,3
incremental_reoccurring_balanced,570914454,pht_arf_c1,65.0,grid,0.125,0.125,317.5,317.5,30,2,28,0.06666666666666667,1.0,2,0.23855681206246634,0.24314356852687347,5
incremental_reoccurring_balanced,592703045,pht_arf_c1,65.0,grid,0.12903225806451613,0.12903225806451613,348.0,348.0,29,2,27,0.06896551724137931,1.0,2,0.23537964458804522,0.24037291498961005,4
incremental_reoccurring_balanced,609942288,pht_arf_c1,65.0,grid,0.10256410256410257,0.10256410256410257,241.0,241.0,37,2,35,0.05405405405405406,1.0,2,0.24437264404954226,0.24567085384802592,6
incremental_reoccurring_balanced,612016888,pht_arf_c1,65.0,grid,0.12121212121212122,0.12121212121212122,338.5,338.5,31,2,29,0.06451612903225806,1.0,2,0.23764135702746364,0.24286275904674542,5
incremental_reoccurring_balanced,829139639,pht_arf_c1,65.0,grid,0.13333333333333333,0.13333333333333333,352.5,352.5,28,2,26,0.07142857142857142,1.0,2,0.23570274636510502,0.240092105509482,5
incremental_reoccurring_balanced,877132087,pht_arf_c1,65.0,grid,0.18181818181818182,0.18181818181818182,320.0,320.0,20,2,18,0.1,1.0,2,0.24281098546042004,0.22696894247149785,5
incremental_reoccurring_balanced,911875363,pht_arf_c1,65.0,grid,0.13333333333333333,0.13333333333333333,268.0,268.0,28,2,26,0.07142857142857142,1.0,2,0.24098007539041466,0.24143999101409663,4
incremental_reoccurring_balanced,1129302214,pht_arf_c1,65.0,grid,0.12903225806451613,0.12903225806451613,327.5,327.5,29,2,27,0.06896551724137931,1.0,2,0.23683360258481423,0.24039163562161858,5
incremental_reoccurring_balanced,1206282609,pht_arf_c1,65.0,grid,0.13333333333333333,0.13333333333333333,341.0,341.0,28,2,26,0.07142857142857142,1.0,2,0.2395799676898223,0.2424509051425576,4
incremental_reoccurring_balanced,1244265337,pht_arf_c1,65.0,grid,0.14285714285714288,0.14285714285714288,310.5,310.5,26,2,24,0.07692307692307693,1.0,2,0.24948842218632203,0.2356927569874759,7
incremental_reoccurring_balanced,1258460216,pht_arf_c1,65.0,grid,0.1142857142857143,0.1142857142857143,314.0,314.0,33,2,31,0.06060606060606061,1.0,2,0.23952611739364565,0.24557725068798322,5
incremental_reoccurring_balanced,1332204363,pht_arf_c1,65.0,grid,0.12121212121212122,0.12121212121212122,302.5,302.5,31,2,29,0.06451612903225806,1.0,2,0.24469574582660206,0.2402418705655503,7
incremental_reoccurring_balanced,1337295874,pht_arf_c1,65.0,grid,0.1,0.1,379.5,379.5,38,2,36,0.05263157894736842,1.0,2,0.23532579429186862,0.25141808787464665,5
incremental_reoccurring_balanced,1380564739,pht_arf_c1,65.0,grid,0.12903225806451613,0.12903225806451613,265.0,265.0,29,2,27,0.06896551724137931,1.0,2,0.23979536887452882,0.24215137503042103,4
incremental_reoccurring_balanced,1395586264,pht_arf_c1,65.0,grid,0.125,0.125,336.0,336.0,30,2,28,0.06666666666666667,1.0,2,0.23225632740980076,0.24215137503042103,2
incremental_reoccurring_balanced,1496786007,pht_arf_c1,65.0,grid,0.16,0.16,278.0,278.0,23,2,21,0.08695652173913043,1.0,2,0.24227248249865374,0.23264129397008443,3
incremental_reoccurring_balanced,1658700540,pht_arf_c1,65.0,grid,0.18181818181818182,0.18181818181818182,313.0,313.0,20,2,18,0.1,1.0,2,0.23333333333333334,0.23816388041260272,3
incremental_reoccurring_balanced,1737489325,pht_arf_c1,65.0,grid,0.17391304347826084,0.17391304347826084,371.0,371.0,21,2,19,0.09523809523809523,1.0,2,0.2407108239095315,0.22702510436752346,4
incremental_reoccurring_balanced,1870843651,pht_arf_c1,65.0,grid,0.12121212121212122,0.12121212121212122,301.5,301.5,31,2,29,0.06451612903225806,1.0,2,0.23494884221863221,0.24052268004567834,4
incremental_reoccurring_balanced,1944468667,pht_arf_c1,65.0,grid,0.13793103448275862,0.13793103448275862,369.0,369.0,27,2,25,0.07407407407407407,1.0,2,0.23333333333333334,0.23498137297115151,4
incremental_reoccurring_balanced,110020020,pht_arf_c1,69.597072452,lambda_ref,0.13333333333333333,0.13333333333333333,385.0,385.0,28,2,26,0.07142857142857142,1.0,2,0.23844911147011308,0.24383623191118933,3
incremental_reoccurring_balanced,168388230,pht_arf_c1,69.617981583,lambda_ref,0.1904761904761905,0.1904761904761905,335.0,335.0,19,2,17,0.10526315789473684,1.0,2,0.2381260096930533,0.23080667203324784,4
incremental_reoccurring_balanced,1737489325,pht_arf_c1,70.22062853,lambda_ref,0.16,0.16,357.0,357.0,23,2,21,0.08695652173913043,1.0,2,0.23963381798599892,0.2330344272422637,4
incremental_reoccurring_balanced,1258460216,pht_arf_c1,71.554827362,lambda_ref,0.14814814814814814,0.14814814814814814,333.0,333.0,25,2,23,0.08,1.0,2,0.2420032310177706,0.24209521313439542,4
incremental_reoccurring_balanced,829139639,pht_arf_c1,72.069197923,lambda_ref,0.17391304347826084,0.17391304347826084,289.0,289.0,21,2,19,0.09523809523809523,1.0,2,0.23408723747980614,0.23550555066739054,4
incremental_reoccurring_balanced,176623029,pht_arf_c1,72.629238427,lambda_ref,0.17391304347826084,0.17391304347826084,387.0,387.0,21,2,19,0.09523809523809523,1.0,2,0.23963381798599892,0.23638542037179175,5
incremental_reoccurring_balanced,1496786007,pht_arf_c1,73.043093473,lambda_ref,0.18181818181818182,0.18181818181818182,305.5,305.5,20,2,18,0.1,1.0,2,0.2408723747980614,0.23410150326675028,3
incremental_reoccurring_balanced,570914454,pht_arf_c1,73.419576794,lambda_ref,0.16,0.16,305.0,305.0,23,2,21,0.08695652173913043,1.0,2,0.23414108777598278,0.23318419229833198,4
incremental_reoccurring_balanced,1658700540,pht_arf_c1,73.914897144,lambda_ref,0.23529411764705882,0.23529411764705882,296.0,296.0,15,2,13,0.13333333333333333,1.0,2,0.23694130317716747,0.226800456783421,3
incremental_reoccurring_balanced,1337295874,pht_arf_c1,75.645239234,lambda_ref,0.18181818181818182,0.18181818181818182,400.5,400.5,20,2,18,0.1,1.0,2,0.2354873451803985,0.23237920512196492,3
incremental_reoccurring_balanced,1395586264,pht_arf_c1,77.204218656,lambda_ref,0.19999999999999998,0.19999999999999998,382.0,382.0,18,2,16,0.1111111111111111,1.0,2,0.23597199784598816,0.23335267798640882,3
incremental_reoccurring_balanced,877132087,pht_arf_c1,77.366628766,lambda_ref,0.21052631578947367,0.21052631578947367,387.0,387.0,17,2,15,0.11764705882352941,1.0,2,0.2412493268712978,0.22711870752756613,5
incremental_reoccurring_balanced,592703045,pht_arf_c1,77.617627561,lambda_ref,0.21052631578947367,0.21052631578947367,336.0,336.0,17,2,15,0.11764705882352941,1.0,2,0.23963381798599892,0.22906565325645395,3
incremental_reoccurring_balanced,76953952,pht_arf_c1,77.855435461,lambda_ref,0.1904761904761905,0.1904761904761905,391.0,391.0,19,2,17,0.10526315789473684,1.0,2,0.2317716747442111,0.23018889117696614,3
incremental_reoccurring_balanced,176092387,pht_arf_c1,79.162642777,lambda_ref,0.17391304347826084,0.17391304347826084,397.0,397.0,21,2,19,0.09523809523809523,1.0,2,0.23279483037156704,0.23632925847576614,2
incremental_reoccurring_balanced,233227757,pht_arf_c1,80.635472417,lambda_ref,0.1904761904761905,0.1904761904761905,414.0,414.0,19,2,17,0.10526315789473684,1.0,2,0.22606354334948842,0.233951738210682,2
incremental_reoccurring_balanced,612016888,pht_arf_c1,80.843031973,lambda_ref,0.16,0.16,394.0,394.0,23,2,21,0.08695652173913043,1.0,2,0.23047926763597198,0.24145871164610516,2
incremental_reoccurring_balanced,1206282609,pht_arf_c1,82.201173693,lambda_ref,0.18181818181818182,0.18181818181818182,420.5,420.5,20,2,18,0.1,1.0,2,0.23500269251480882,0.2374337757642698,3
incremental_reoccurring_balanced,569531098,pht_arf_c1,82.413179785,lambda_ref,0.18181818181818182,0.18181818181818182,429.0,429.0,20,2,18,0.1,1.0,2,0.23780290791599354,0.23732145197221857,3
incremental_reoccurring_balanced,232150720,pht_arf_c1,82.496385038,lambda_ref,0.25,0.25,392.5,392.5,14,2,12,0.14285714285714285,1.0,2,0.23354873451803984,0.2265945298313271,2
incremental_reoccurring_balanced,398083709,pht_arf_c1,82.838337064,lambda_ref,0.16,0.16,389.5,389.5,23,2,21,0.08695652173913043,1.0,2,0.2331179321486268,0.23679727427597955,3
incremental_reoccurring_balanced,1380564739,pht_arf_c1,83.205986798,lambda_ref,0.23529411764705882,0.23529411764705882,393.0,393.0,15,2,13,0.13333333333333333,1.0,2,0.23446418955304255,0.23327779545837468,3
incremental_reoccurring_balanced,1944468667,pht_arf_c1,83.332809746,lambda_ref,0.25,0.25,355.5,355.5,14,2,12,0.14285714285714285,1.0,2,0.231933225632741,0.22734335511166856,3
incremental_reoccurring_balanced,1332204363,pht_arf_c1,85.254903138,lambda_ref,0.21052631578947367,0.21052631578947367,448.5,448.5,17,2,15,0.11764705882352941,1.0,2,0.23494884221863221,0.22856019619222345,4
incremental_reoccurring_balanced,609942288,pht_arf_c1,87.364925891,lambda_ref,0.2222222222222222,0.2222222222222222,388.0,388.0,16,2,14,0.125,1.0,2,0.23166397415185783,0.23213583690585393,2
incremental_reoccurring_balanced,911875363,pht_arf_c1,89.16256088,lambda_ref,0.21052631578947367,0.21052631578947367,410.0,410.0,17,2,15,0.11764705882352941,1.0,2,0.2362412493268713,0.23110620214538444,3
incremental_reoccurring_balanced,1870843651,pht_arf_c1,93.993060797,lambda_ref,0.2666666666666667,0.2666666666666667,463.5,463.5,13,2,11,0.15384615384615385,1.0,2,0.23537964458804522,0.22636988224722468,3
incremental_reoccurring_balanced,76953952,pht_arf_c1,95.0,grid,0.3636363636363636,0.3636363636363636,478.0,478.0,9,2,7,0.2222222222222222,1.0,2,0.2299407646742057,0.22642604414325027,2
incremental_reoccurring_balanced,110020020,pht_arf_c1,95.0,grid,0.33333333333333337,0.33333333333333337,430.5,430.5,10,2,8,0.2,1.0,2,0.23414108777598278,0.2277177677518393,2
incremental_reoccurring_balanced,168388230,pht_arf_c1,95.0,grid,0.2666666666666667,0.2666666666666667,450.0,450.0,13,2,11,0.15384615384615385,1.0,2,0.2315562735595046,0.22739951700769417,2
incremental_reoccurring_balanced,176092387,pht_arf_c1,95.0,grid,0.25,0.25,477.0,477.0,14,2,12,0.14285714285714285,1.0,2,0.23731825525040387,0.23035737686504296,2
incremental_reoccurring_balanced,176623029,pht_arf_c1,95.0,grid,0.25,0.25,464.5,464.5,14,2,12,0.14285714285714285,1.0,2,0.23107162089391492,0.23310930977029784,2
incremental_reoccurring_balanced,232150720,pht_arf_c1,95.0,grid,0.33333333333333337,0.33333333333333337,455.5,455.5,10,2,8,0.2,1.0,2,0.232364028002154,0.22356178744594418,2
incremental_reoccurring_balanced,233227757,pht_arf_c1,95.0,grid,0.2666666666666667,0.2666666666666667,443.5,443.5,13,2,11,0.15384615384615385,1.0,2,0.22703284868066775,0.2303760974970515,2
incremental_reoccurring_balanced,398083709,pht_arf_c1,95.0,grid,0.21052631578947367,0.21052631578947367,431.0,431.0,17,2,15,0.11764705882352941,1.0,2,0.23021001615508885,0.23155549731358932,3
incremental_reoccurring_balanced,536987301,pht_arf_c1,95.0,grid,0.3076923076923077,0.3076923076923077,463.0,463.0,11,2,9,0.18181818181818182,1.0,2,0.23710285406569737,0.22227006383735515,2
incremental_reoccurring_balanced,569531098,pht_arf_c1,95.0,grid,0.3076923076923077,0.3076923076923077,458.5,458.5,11,2,9,0.18181818181818182,1.0,2,0.23581044695745826,0.22756800269577102,2
incremental_reoccurring_balanced,570914454,pht_arf_c1,95.0,grid,0.23529411764705882,0.23529411764705882,419.5,419.5,15,2,13,0.13333333333333333,1.0,2,0.2323101777059774,0.22622011719115637,3
incremental_reoccurring_balanced,592703045,pht_arf_c1,95.0,grid,0.2666666666666667,0.2666666666666667,506.5,506.5,13,2,11,0.15384615384615385,1.0,2,0.2319870759289176,0.22614523466312222,2
incremental_reoccurring_balanced,609942288,pht_arf_c1,95.0,grid,0.2857142857142857,0.2857142857142857,443.5,443.5,12,2,10,0.16666666666666666,1.0,2,0.23397953688745288,0.22687533931145515,2
incremental_reoccurring_balanced,612016888,pht_arf_c1,95.0,grid,0.2857142857142857,0.2857142857142857,443.5,443.5,12,2,10,0.16666666666666666,1.0,2,0.23150242326332796,0.22719359005560028,2
incremental_reoccurring_balanced,829139639,pht_arf_c1,95.0,grid,0.2666666666666667,0.2666666666666667,424.5,424.5,13,2,11,0.15384615384615385,1.0,2,0.2310177705977383,0.22756800269577102,2
incremental_reoccurring_balanced,877132087,pht_arf_c1,95.0,grid,0.2857142857142857,0.2857142857142857,458.5,458.5,12,2,10,0.16666666666666666,1.0,2,0.23931071620893915,0.2230188891176966,3
incremental_reoccurring_balanced,911875363,pht_arf_c1,95.0,grid,0.2857142857142857,0.2857142857142857,442.0,442.0,12,2,10,0.16666666666666666,1.0,2,0.233817985998923,0.22786753280790759,2
incremental_reoccurring_balanced,1129302214,pht_arf_c1,95.0,grid,0.33333333333333337,0.33333333333333337,464.5,464.5,10,2,8,0.2,1.0,2,0.2340333871836295,0.22322481606979053,2
incremental_reoccurring_balanced,1206282609,pht_arf_c1,95.0,grid,0.19999999999999998,0.19999999999999998,435.0,435.0,18,2,16,0.1111111111111111,1.0,2,0.2344103392568659,0.2342512683228186,3
incremental_reoccurring_balanced,1244265337,pht_arf_c1,95.0,grid,0.23529411764705882,0.23529411764705882,462.0,462.0,15,2,13,0.13333333333333333,1.0,2,0.2373721055465805,0.22846659303218075,4
incremental_reoccurring_balanced,1258460216,pht_arf_c1,95.0,grid,0.23529411764705882,0.23529411764705882,457.0,457.0,15,2,13,0.13333333333333333,1.0,2,0.23543349488422186,0.23271617649811857,2
incremental_reoccurring_balanced,1332204363,pht_arf_c1,95.0,grid,0.25,0.25,456.0,456.0,14,2,12,0.14285714285714285,1.0,2,0.23607969843834142,0.2289346088323942,3
incremental_reoccurring_balanced,1337295874,pht_arf_c1,95.0,grid,0.2857142857142857,0.2857142857142857,435.5,435.5,12,2,10,0.16666666666666666,1.0,2,0.2321486268174475,0.22891588820038564,2
incremental_reoccurring_balanced,1380564739,pht_arf_c1,95.0,grid,0.2222222222222222,0.2222222222222222,493.0,493.0,16,2,14,0.125,1.0,2,0.23462574044157242,0.2300578467529064,2
incremental_reoccurring_balanced,1395586264,pht_arf_c1,95.0,grid,0.2666666666666667,0.2666666666666667,456.0,456.0,13,2,11,0.15384615384615385,1.0,2,0.23338718362950997,0.22180204803714174,3
incremental_reoccurring_balanced,1496786007,pht_arf_c1,95.0,grid,0.25,0.25,480.0,480.0,14,2,12,0.14285714285714285,1.0,2,0.23769520732364027,0.231649100473632,2
incremental_reoccurring_balanced,1658700540,pht_arf_c1,95.0,grid,0.25,0.25,452.5,452.5,14,2,12,0.14285714285714285,1.0,2,0.23532579429186862,0.2305258625531198,2
incremental_reoccurring_balanced,1737489325,pht_arf_c1,95.0,grid,0.2666666666666667,0.2666666666666667,441.0,441.0,13,2,11,0.15384615384615385,1.0,2,0.23877221324717285,0.22481606979051613,3
incremental_reoccurring_balanced,1870843651,pht_arf_c1,95.0,grid,0.2666666666666667,0.2666666666666667,451.0,451.0,13,2,11,0.15384615384615385,1.0,2,0.2386645126548196,0.22505943800662712,3
incremental_reoccurring_balanced,1944468667,pht_arf_c1,95.0,grid,0.25,0.25,447.5,447.5,14,2,12,0.14285714285714285,1.0,2,0.23091007000538502,0.22651964730329296,3
incremental_reoccurring_balanced,536987301,pht_arf_c1,95.37814942,lambda_ref,0.23529411764705882,0.23529411764705882,478.5,478.5,15,2,13,0.13333333333333333,1.0,2,0.23731825525040387,0.2282232248160698,2
incremental_reoccurring_balanced,76953952,pht_arf_c1,135.0,grid,0.33333333333333337,0.33333333333333337,716.0,716.0,10,2,8,0.2,1.0,2,0.232364028002154,0.22438549525431978,2
incremental_reoccurring_balanced,110020020,pht_arf_c1,135.0,grid,0.3636363636363636,0.3636363636363636,692.5,692.5,9,2,7,0.2222222222222222,1.0,2,0.2354873451803985,0.22326225733380758,2
incremental_reoccurring_balanced,168388230,pht_arf_c1,135.0,grid,0.3076923076923077,0.3076923076923077,676.5,676.5,11,2,9,0.18181818181818182,1.0,2,0.23338718362950997,0.2259205870790198,2
incremental_reoccurring_balanced,176092387,pht_arf_c1,135.0,grid,0.33333333333333337,0.33333333333333337,721.5,721.5,10,2,8,0.2,1.0,2,0.23823371028540657,0.2247973491585076,2
incremental_reoccurring_balanced,176623029,pht_arf_c1,135.0,grid,0.4,0.4,665.0,665.0,8,2,6,0.25,1.0,2,0.23559504577275175,0.22058520695658684,2
incremental_reoccurring_balanced,232150720,pht_arf_c1,135.0,grid,0.3636363636363636,0.3636363636363636,691.0,691.0,9,2,7,0.2222222222222222,1.0,2,0.233817985998923,0.2231686541737649,2
incremental_reoccurring_balanced,233227757,pht_arf_c1,135.0,grid,0.3636363636363636,0.3636363636363636,664.5,664.5,9,2,7,0.2222222222222222,1.0,2,0.22929456112008617,0.22685661867944662,2
incremental_reoccurring_balanced,398083709,pht_arf_c1,135.0,grid,0.3636363636363636,0.3636363636363636,723.5,723.5,9,2,7,0.2222222222222222,1.0,2,0.23015616585891222,0.22105322275680028,2
incremental_reoccurring_balanced,536987301,pht_arf_c1,135.0,grid,0.33333333333333337,0.33333333333333337,605.0,605.0,10,2,8,0.2,1.0,2,0.23780290791599354,0.21987382294026248,2
incremental_reoccurring_balanced,569531098,pht_arf_c1,135.0,grid,0.3636363636363636,0.3636363636363636,736.0,736.0,9,2,7,0.2222222222222222,1.0,2,0.2418416801292407,0.22144635602897955,2
incremental_reoccurring_balanced,570914454,pht_arf_c1,135.0,grid,0.3636363636363636,0.3636363636363636,687.5,687.5,9,2,7,0.2222222222222222,1.0,2,0.23338718362950997,0.22146507666098808,2
incremental_reoccurring_balanced,592703045,pht_arf_c1,135.0,grid,0.3636363636363636,0.3636363636363636,718.0,718.0,9,2,7,0.2222222222222222,1.0,2,0.23435648896068928,0.22037928000449294,2
incremental_reoccurring_balanced,609942288,pht_arf_c1,135.0,grid,0.3636363636363636,0.3636363636363636,714.5,714.5,9,2,7,0.2222222222222222,1.0,2,0.23371028540656974,0.2246475841024393,2
incremental_reoccurring_balanced,612016888,pht_arf_c1,135.0,grid,0.3636363636363636,0.3636363636363636,692.5,692.5,9,2,7,0.2222222222222222,1.0,2,0.23247172859450727,0.2198363816762454,2
incremental_reoccurring_balanced,829139639,pht_arf_c1,135.0,grid,0.3636363636363636,0.3636363636363636,707.0,707.0,9,2,7,0.2222222222222222,1.0,2,0.2315562735595046,0.22313121290974783,2
incremental_reoccurring_balanced,877132087,pht_arf_c1,135.0,grid,0.3076923076923077,0.3076923076923077,758.5,758.5,11,2,9,0.18181818181818182,1.0,2,0.23333333333333334,0.22861635808824907,2
incremental_reoccurring_balanced,911875363,pht_arf_c1,135.0,grid,0.33333333333333337,0.33333333333333337,667.5,667.5,10,2,8,0.2,1.0,2,0.23554119547657512,0.22212029878128686,2
incremental_reoccurring_balanced,1129302214,pht_arf_c1,135.0,grid,0.3636363636363636,0.3636363636363636,691.0,691.0,9,2,7,0.2222222222222222,1.0,2,0.2340333871836295,0.22412340640620027,2
incremental_reoccurring_balanced,1206282609,pht_arf_c1,135.0,grid,0.3636363636363636,0.3636363636363636,749.0,749.0,9,2,7,0.2222222222222222,1.0,2,0.23570274636510502,0.22395492071812345,2
incremental_reoccurring_balanced,1244265337,pht_arf_c1,135.0,grid,0.3636363636363636,0.3636363636363636,689.5,689.5,9,2,7,0.2222222222222222,1.0,2,0.23112547119009155,0.2285976374562405,2
incremental_reoccurring_balanced,1258460216,pht_arf_c1,135.0,grid,0.33333333333333337,0.33333333333333337,676.0,676.0,10,2,8,0.2,1.0,2,0.23721055465805063,0.22970215474474417,2
incremental_reoccurring_balanced,1332204363,pht_arf_c1,135.0,grid,0.33333333333333337,0.33333333333333337,736.5,736.5,10,2,8,0.2,1.0,2,0.23317178244480344,0.22404852387816612,2
incremental_reoccurring_balanced,1337295874,pht_arf_c1,135.0,grid,0.3076923076923077,0.3076923076923077,718.5,718.5,11,2,9,0.18181818181818182,1.0,2,0.23150242326332796,0.22949622779265028,2
incremental_reoccurring_balanced,1380564739,pht_arf_c1,135.0,grid,0.33333333333333337,0.33333333333333337,675.0,675.0,10,2,8,0.2,1.0,2,0.23672590199246096,0.22768032648782222,2
incremental_reoccurring_balanced,1395586264,pht_arf_c1,135.0,grid,0.33333333333333337,0.33333333333333337,815.0,815.0,10,2,8,0.2,1.0,2,0.2326871297792138,0.22047288316453564,2
incremental_reoccurring_balanced,1496786007,pht_arf_c1,135.0,grid,0.3636363636363636,0.3636363636363636,643.5,643.5,9,2,7,0.2222222222222222,1.0,2,0.23931071620893915,0.22635116161521612,2
incremental_reoccurring_balanced,1658700540,pht_arf_c1,135.0,grid,0.3636363636363636,0.3636363636363636,721.0,721.0,9,2,7,0.2222222222222222,1.0,2,0.23543349488422186,0.21910627702791247,2
incremental_reoccurring_balanced,1737489325,pht_arf_c1,135.0,grid,0.33333333333333337,0.33333333333333337,650.0,650.0,10,2,8,0.2,1.0,2,0.23688745288099083,0.22912181515247954,2
incremental_reoccurring_balanced,1870843651,pht_arf_c1,135.0,grid,0.3636363636363636,0.3636363636363636,748.0,748.0,9,2,7,0.2222222222222222,1.0,2,0.23360258481421647,0.22256959394949175,2
incremental_reoccurring_balanced,1944468667,pht_arf_c1,135.0,grid,0.3636363636363636,0.3636363636363636,778.0,778.0,9,2,7,0.2222222222222222,1.0,2,0.23467959073774905,0.22386131755808075,2
incremental_reoccurring_balanced,76953952,pht_arf_c1,200.0,grid,0.3636363636363636,0.3636363636363636,1280.0,1280.0,9,2,7,0.2222222222222222,1.0,2,0.22961766289714594,0.2216335623490649,2
incremental_reoccurring_balanced,110020020,pht_arf_c1,200.0,grid,0.3636363636363636,0.3636363636363636,1447.0,1447.0,9,2,7,0.2222222222222222,1.0,2,0.2367797522886376,0.21888162944381,2
incremental_reoccurring_balanced,168388230,pht_arf_c1,200.0,grid,0.3636363636363636,0.3636363636363636,1158.0,1158.0,9,2,7,0.2222222222222222,1.0,2,0.23430263866451265,0.22558361570286614,2
incremental_reoccurring_balanced,176092387,pht_arf_c1,200.0,grid,0.3636363636363636,0.3636363636363636,1064.0,1064.0,9,2,7,0.2222222222222222,1.0,2,0.2369951534733441,0.22036055937248442,2
incremental_reoccurring_balanced,176623029,pht_arf_c1,200.0,grid,0.3636363636363636,0.3636363636363636,1008.0,1008.0,9,2,7,0.2222222222222222,1.0,2,0.2336564351103931,0.22505943800662712,2
incremental_reoccurring_balanced,232150720,pht_arf_c1,200.0,grid,0.3636363636363636,0.3636363636363636,1088.0,1088.0,9,2,7,0.2222222222222222,1.0,2,0.23721055465805063,0.22217646067731248,2
incremental_reoccurring_balanced,233227757,pht_arf_c1,200.0,grid,0.3636363636363636,0.3636363636363636,1016.5,1016.5,9,2,7,0.2222222222222222,1.0,2,0.232364028002154,0.2218956511971844,2
incremental_reoccurring_balanced,398083709,pht_arf_c1,200.0,grid,0.3636363636363636,0.3636363636363636,1173.5,1173.5,9,2,7,0.2222222222222222,1.0,2,0.23241787829833063,0.2186757024917161,2
incremental_reoccurring_balanced,536987301,pht_arf_c1,200.0,grid,0.33333333333333337,0.33333333333333337,1637.5,1637.5,10,2,8,0.2,1.0,2,0.24227248249865374,0.22416084767021735,2
incremental_reoccurring_balanced,569531098,pht_arf_c1,200.0,grid,0.33333333333333337,0.33333333333333337,1116.5,1116.5,10,2,8,0.2,1.0,2,0.23914916532040925,0.22826066608008685,2
incremental_reoccurring_balanced,570914454,pht_arf_c1,200.0,grid,0.3636363636363636,0.3636363636363636,1070.0,1070.0,9,2,7,0.2222222222222222,1.0,2,0.23521809369951535,0.2219892543572271,2
incremental_reoccurring_balanced,592703045,pht_arf_c1,200.0,grid,0.3636363636363636,0.3636363636363636,1045.5,1045.5,9,2,7,0.2222222222222222,1.0,2,0.23758750673128703,0.21745886141116125,2
incremental_reoccurring_balanced,609942288,pht_arf_c1,200.0,grid,0.3636363636363636,0.3636363636363636,1065.0,1065.0,9,2,7,0.2222222222222222,1.0,2,0.23591814754981152,0.22636988224722468,2
incremental_reoccurring_balanced,612016888,pht_arf_c1,200.0,grid,0.3636363636363636,0.3636363636363636,1119.5,1119.5,9,2,7,0.2222222222222222,1.0,2,0.23333333333333334,0.22657580919931858,2
incremental_reoccurring_balanced,829139639,pht_arf_c1,200.0,grid,0.3636363636363636,0.3636363636363636,1118.5,1118.5,9,2,7,0.2222222222222222,1.0,2,0.2326871297792138,0.22109066402081734,2
incremental_reoccurring_balanced,877132087,pht_arf_c1,200.0,grid,0.3636363636363636,0.3636363636363636,1200.5,1200.5,9,2,7,0.2222222222222222,1.0,2,0.23909531502423265,0.22043544190051856,2
incremental_reoccurring_balanced,911875363,pht_arf_c1,200.0,grid,0.4,0.4,1052.0,1052.0,8,2,6,0.25,1.0,2,0.23554119547657512,0.22303760974970516,2
incremental_reoccurring_balanced,1129302214,pht_arf_c1,200.0,grid,0.3636363636363636,0.3636363636363636,1059.0,1059.0,9,2,7,0.2222222222222222,1.0,2,0.23710285406569737,0.22356178744594418,2
incremental_reoccurring_balanced,1206282609,pht_arf_c1,200.0,grid,0.3636363636363636,0.3636363636363636,1037.0,1037.0,9,2,7,0.2222222222222222,1.0,2,0.23801830910070004,0.22565849823090028,2
incremental_reoccurring_balanced,1244265337,pht_arf_c1,200.0,grid,0.3636363636363636,0.3636363636363636,1166.0,1166.0,9,2,7,0.2222222222222222,1.0,2,0.23069466882067852,0.22343074302188443,2
incremental_reoccurring_balanced,1258460216,pht_arf_c1,200.0,grid,0.3636363636363636,0.3636363636363636,1058.0,1058.0,9,2,7,0.2222222222222222,1.0,2,0.23796445880452344,0.2296085515847015,2
incremental_reoccurring_balanced,1332204363,pht_arf_c1,200.0,grid,0.3636363636363636,0.3636363636363636,1192.0,1192.0,9,2,7,0.2222222222222222,1.0,2,0.23683360258481423,0.22427317146226858,2
incremental_reoccurring_balanced,1337295874,pht_arf_c1,200.0,grid,0.33333333333333337,0.33333333333333337,1051.5,1051.5,10,2,8,0.2,1.0,2,0.23634894991922456,0.22685661867944662,2
incremental_reoccurring_balanced,1380564739,pht_arf_c1,200.0,grid,0.3636363636363636,0.3636363636363636,1099.5,1099.5,9,2,7,0.2222222222222222,1.0,2,0.2336564351103931,0.2238800381900893,2
incremental_reoccurring_balanced,1395586264,pht_arf_c1,200.0,grid,0.3636363636363636,0.3636363636363636,1043.5,1043.5,9,2,7,0.2222222222222222,1.0,2,0.2340333871836295,0.22343074302188443,2
incremental_reoccurring_balanced,1496786007,pht_arf_c1,200.0,grid,0.3636363636363636,0.3636363636363636,1162.5,1162.5,9,2,7,0.2222222222222222,1.0,2,0.23694130317716747,0.22088473706872344,2
incremental_reoccurring_balanced,1658700540,pht_arf_c1,200.0,grid,0.3636363636363636,0.3636363636363636,1055.0,1055.0,9,2,7,0.2222222222222222,1.0,2,0.23731825525040387,0.2230188891176966,2
incremental_reoccurring_balanced,1737489325,pht_arf_c1,200.0,grid,0.3636363636363636,0.3636363636363636,1139.5,1139.5,9,2,7,0.2222222222222222,1.0,2,0.23747980613893377,0.22103450212479173,2
incremental_reoccurring_balanced,1870843651,pht_arf_c1,200.0,grid,0.3636363636363636,0.3636363636363636,1091.5,1091.5,9,2,7,0.2222222222222222,1.0,2,0.23920301561658588,0.2281296216560271,2
incremental_reoccurring_balanced,1944468667,pht_arf_c1,200.0,grid,0.3636363636363636,0.3636363636363636,1035.0,1035.0,9,2,7,0.2222222222222222,1.0,2,0.2334948842218632,0.22421700956624296,2
incremental_reoccurring_balanced,1496786007,pht_arf_c1,201.837627202,lambda_eq_span,0.3636363636363636,0.3636363636363636,1170.0,1170.0,9,2,7,0.2222222222222222,1.0,2,0.23613354873451803,0.2250032761106015,2
incremental_reoccurring_balanced,1244265337,pht_arf_c1,204.967959017,lambda_eq_span,0.3636363636363636,0.3636363636363636,1345.0,1345.0,9,2,7,0.2222222222222222,1.0,2,0.22972536348949918,0.22208285751726978,2
incremental_reoccurring_balanced,1737489325,pht_arf_c1,206.441755295,lambda_eq_span,0.4,0.4,1129.5,1129.5,8,2,6,0.25,1.0,2,0.23532579429186862,0.22094089896474906,2
incremental_reoccurring_balanced,1380564739,pht_arf_c1,211.590665877,lambda_eq_span,0.3636363636363636,0.3636363636363636,1164.0,1164.0,9,2,7,0.2222222222222222,1.0,2,0.233817985998923,0.22412340640620027,2
incremental_reoccurring_balanced,536987301,pht_arf_c1,213.70352906,lambda_eq_span,0.4,0.4,1092.5,1092.5,8,2,6,0.25,1.0,2,0.23575659666128163,0.22584570455098565,1
incremental_reoccurring_balanced,168388230,pht_arf_c1,215.879312962,lambda_eq_span,0.3636363636363636,0.3636363636363636,1480.0,1480.0,9,2,7,0.2222222222222222,1.0,2,0.23107162089391492,0.222195181309321,2
incremental_reoccurring_balanced,76953952,pht_arf_c1,220.60923788,lambda_eq_span,0.4444444444444445,0.4444444444444445,2014.5,2014.5,7,2,5,0.2857142857142857,1.0,2,0.22821755519655357,0.21925604208398075,2
incremental_reoccurring_balanced,1258460216,pht_arf_c1,220.837305039,lambda_eq_span,0.3636363636363636,0.3636363636363636,1456.5,1456.5,9,2,7,0.2222222222222222,1.0,2,0.23667205169628433,0.22524664432671246,2
incremental_reoccurring_balanced,877132087,pht_arf_c1,222.909004301,lambda_eq_span,0.3636363636363636,0.3636363636363636,1525.5,1525.5,9,2,7,0.2222222222222222,1.0,2,0.23500269251480882,0.22155867982103075,2
incremental_reoccurring_balanced,176092387,pht_arf_c1,223.225868344,lambda_eq_span,0.3636363636363636,0.3636363636363636,2903.0,2903.0,9,2,7,0.2222222222222222,1.0,2,0.23597199784598816,0.22283168279761126,2
incremental_reoccurring_balanced,1870843651,pht_arf_c1,224.198589057,lambda_eq_span,0.4,0.4,1427.5,1427.5,8,2,6,0.25,1.0,2,0.23112547119009155,0.22417956830222588,1
incremental_reoccurring_balanced,1337295874,pht_arf_c1,224.692258686,lambda_eq_span,0.3636363636363636,0.3636363636363636,1606.5,1606.5,9,2,7,0.2222222222222222,1.0,2,0.231933225632741,0.22225134320534662,2
incremental_reoccurring_balanced,569531098,pht_arf_c1,228.132108092,lambda_eq_span,0.4,0.4,2851.0,2851.0,8,2,6,0.25,1.0,2,0.2362412493268713,0.22052904506056126,2
incremental_reoccurring_balanced,911875363,pht_arf_c1,229.277024269,lambda_eq_span,0.3636363636363636,0.3636363636363636,1630.0,1630.0,9,2,7,0.2222222222222222,1.0,2,0.23301023155627357,0.22075369264466368,2
incremental_reoccurring_balanced,829139639,pht_arf_c1,229.429366469,lambda_eq_span,0.5,0.5,1447.5,1447.5,6,2,4,0.3333333333333333,1.0,2,0.227140549273021,0.21633562349064905,1
incremental_reoccurring_balanced,398083709,pht_arf_c1,234.160451353,lambda_eq_span,0.5,0.5,1729.0,1729.0,6,2,4,0.3333333333333333,1.0,2,0.22999461497038234,0.2159612108504783,2
incremental_reoccurring_balanced,232150720,pht_arf_c1,235.443745524,lambda_eq_span,0.4,0.4,1644.0,1644.0,8,2,6,0.25,1.0,2,0.2331179321486268,0.22133403223692832,2
incremental_reoccurring_balanced,110020020,pht_arf_c1,237.134024173,lambda_eq_span,0.5,0.5,1426.5,1426.5,6,2,4,0.3333333333333333,1.0,2,0.23354873451803984,0.2159050489544527,2
incremental_reoccurring_balanced,176623029,pht_arf_c1,237.571613908,lambda_eq_span,0.3636363636363636,0.3636363636363636,1669.5,1669.5,9,2,7,0.2222222222222222,1.0,2,0.23015616585891222,0.2304884212891027,2
incremental_reoccurring_balanced,1944468667,pht_arf_c1,239.643922895,lambda_eq_span,0.4,0.4,1278.0,1278.0,8,2,6,0.25,1.0,2,0.23128702207862142,0.22371155250201247,2
incremental_reoccurring_balanced,1395586264,pht_arf_c1,241.955571532,lambda_eq_span,0.25,0.25,1174.0,1174.0,6,1,5,0.16666666666666666,0.5,2,0.23295638126009693,0.21534342999419662,2
incremental_reoccurring_balanced,592703045,pht_arf_c1,244.000115693,lambda_eq_span,0.22222222222222224,0.22222222222222224,3635.0,3635.0,7,1,6,0.14285714285714285,0.5,2,0.233817985998923,0.2208660164367149,2
incremental_reoccurring_balanced,1129302214,pht_arf_c1,248.739171624,lambda_eq_span,0.22222222222222224,0.22222222222222224,2124.0,2124.0,7,1,6,0.14285714285714285,0.5,2,0.2329025309639203,0.22139019413295394,2
incremental_reoccurring_balanced,612016888,pht_arf_c1,250.434625506,lambda_eq_span,0.4444444444444445,0.4444444444444445,1560.5,1560.5,7,2,5,0.2857142857142857,1.0,2,0.23430263866451265,0.22129659097291124,2
incremental_reoccurring_balanced,1206282609,pht_arf_c1,252.268293798,lambda_eq_span,0.25,0.25,2604.0,2604.0,6,1,5,0.16666666666666666,0.5,2,0.2341949380721594,0.22421700956624296,2
incremental_reoccurring_balanced,1658700540,pht_arf_c1,253.466226369,lambda_eq_span,0.5,0.5,1675.5,1675.5,6,2,4,0.3333333333333333,1.0,2,0.23478729133010232,0.2189190707078271,2
incremental_reoccurring_balanced,1332204363,pht_arf_c1,255.269527346,lambda_eq_span,0.4444444444444445,0.4444444444444445,1687.5,1687.5,7,2,5,0.2857142857142857,1.0,2,0.2354873451803985,0.220660089484621,2
incremental_reoccurring_balanced,570914454,pht_arf_c1,259.483981222,lambda_eq_span,0.5,0.5,1473.5,1473.5,6,2,4,0.3333333333333333,1.0,2,0.23182552504038773,0.21817024542748564,1
incremental_reoccurring_balanced,233227757,pht_arf_c1,262.771488428,lambda_eq_span,0.5,0.5,1568.5,1568.5,6,2,4,0.3333333333333333,1.0,2,0.2297792137856758,0.22054776569256979,2
incremental_reoccurring_balanced,609942288,pht_arf_c1,278.902614981,lambda_eq_span,0.5,0.5,1916.5,1916.5,6,2,4,0.3333333333333333,1.0,2,0.2364028002154012,0.22294400658966246,2
incremental_reoccurring_balanced,76953952,pht_ht,8.0,grid,0.0061068702290076335,0.0061068702290076335,7.0,7.0,653,2,651,0.0030627871362940277,1.0,2,0.4086698976844373,0.4450643053709493,133
incremental_reoccurring_balanced,110020020,pht_ht,8.0,grid,0.0061068702290076335,0.0061068702290076335,7.0,7.0,653,2,651,0.0030627871362940277,1.0,2,0.4086698976844373,0.4450643053709493,133
incremental_reoccurring_balanced,168388230,pht_ht,8.0,grid,0.0061068702290076335,0.0061068702290076335,7.0,7.0,653,2,651,0.0030627871362940277,1.0,2,0.4086698976844373,0.4450643053709493,133
incremental_reoccurring_balanced,176092387,pht_ht,8.0,grid,0.0061068702290076335,0.0061068702290076335,7.0,7.0,653,2,651,0.0030627871362940277,1.0,2,0.4086698976844373,0.4450643053709493,133
incremental_reoccurring_balanced,176623029,pht_ht,8.0,grid,0.0061068702290076335,0.0061068702290076335,7.0,7.0,653,2,651,0.0030627871362940277,1.0,2,0.4086698976844373,0.4450643053709493,133
incremental_reoccurring_balanced,232150720,pht_ht,8.0,grid,0.0061068702290076335,0.0061068702290076335,7.0,7.0,653,2,651,0.0030627871362940277,1.0,2,0.4086698976844373,0.4450643053709493,133
incremental_reoccurring_balanced,233227757,pht_ht,8.0,grid,0.0061068702290076335,0.0061068702290076335,7.0,7.0,653,2,651,0.0030627871362940277,1.0,2,0.4086698976844373,0.4450643053709493,133
incremental_reoccurring_balanced,398083709,pht_ht,8.0,grid,0.0061068702290076335,0.0061068702290076335,7.0,7.0,653,2,651,0.0030627871362940277,1.0,2,0.4086698976844373,0.4450643053709493,133
incremental_reoccurring_balanced,536987301,pht_ht,8.0,grid,0.0061068702290076335,0.0061068702290076335,7.0,7.0,653,2,651,0.0030627871362940277,1.0,2,0.4086698976844373,0.4450643053709493,133
incremental_reoccurring_balanced,569531098,pht_ht,8.0,grid,0.0061068702290076335,0.0061068702290076335,7.0,7.0,653,2,651,0.0030627871362940277,1.0,2,0.4086698976844373,0.4450643053709493,133
incremental_reoccurring_balanced,570914454,pht_ht,8.0,grid,0.0061068702290076335,0.0061068702290076335,7.0,7.0,653,2,651,0.0030627871362940277,1.0,2,0.4086698976844373,0.4450643053709493,133
incremental_reoccurring_balanced,592703045,pht_ht,8.0,grid,0.0061068702290076335,0.0061068702290076335,7.0,7.0,653,2,651,0.0030627871362940277,1.0,2,0.4086698976844373,0.4450643053709493,133
incremental_reoccurring_balanced,609942288,pht_ht,8.0,grid,0.0061068702290076335,0.0061068702290076335,7.0,7.0,653,2,651,0.0030627871362940277,1.0,2,0.4086698976844373,0.4450643053709493,133
incremental_reoccurring_balanced,612016888,pht_ht,8.0,grid,0.0061068702290076335,0.0061068702290076335,7.0,7.0,653,2,651,0.0030627871362940277,1.0,2,0.4086698976844373,0.4450643053709493,133
incremental_reoccurring_balanced,829139639,pht_ht,8.0,grid,0.0061068702290076335,0.0061068702290076335,7.0,7.0,653,2,651,0.0030627871362940277,1.0,2,0.4086698976844373,0.4450643053709493,133
incremental_reoccurring_balanced,877132087,pht_ht,8.0,grid,0.0061068702290076335,0.0061068702290076335,7.0,7.0,653,2,651,0.0030627871362940277,1.0,2,0.4086698976844373,0.4450643053709493,133
incremental_reoccurring_balanced,911875363,pht_ht,8.0,grid,0.0061068702290076335,0.0061068702290076335,7.0,7.0,653,2,651,0.0030627871362940277,1.0,2,0.4086698976844373,0.4450643053709493,133
incremental_reoccurring_balanced,1129302214,pht_ht,8.0,grid,0.0061068702290076335,0.0061068702290076335,7.0,7.0,653,2,651,0.0030627871362940277,1.0,2,0.4086698976844373,0.4450643053709493,133
incremental_reoccurring_balanced,1206282609,pht_ht,8.0,grid,0.0061068702290076335,0.0061068702290076335,7.0,7.0,653,2,651,0.0030627871362940277,1.0,2,0.4086698976844373,0.4450643053709493,133
incremental_reoccurring_balanced,1244265337,pht_ht,8.0,grid,0.0061068702290076335,0.0061068702290076335,7.0,7.0,653,2,651,0.0030627871362940277,1.0,2,0.4086698976844373,0.4450643053709493,133
incremental_reoccurring_balanced,1258460216,pht_ht,8.0,grid,0.0061068702290076335,0.0061068702290076335,7.0,7.0,653,2,651,0.0030627871362940277,1.0,2,0.4086698976844373,0.4450643053709493,133
incremental_reoccurring_balanced,1332204363,pht_ht,8.0,grid,0.0061068702290076335,0.0061068702290076335,7.0,7.0,653,2,651,0.0030627871362940277,1.0,2,0.4086698976844373,0.4450643053709493,133
incremental_reoccurring_balanced,1337295874,pht_ht,8.0,grid,0.0061068702290076335,0.0061068702290076335,7.0,7.0,653,2,651,0.0030627871362940277,1.0,2,0.4086698976844373,0.4450643053709493,133
incremental_reoccurring_balanced,1380564739,pht_ht,8.0,grid,0.0061068702290076335,0.0061068702290076335,7.0,7.0,653,2,651,0.0030627871362940277,1.0,2,0.4086698976844373,0.4450643053709493,133
incremental_reoccurring_balanced,1395586264,pht_ht,8.0,grid,0.0061068702290076335,0.0061068702290076335,7.0,7.0,653,2,651,0.0030627871362940277,1.0,2,0.4086698976844373,0.4450643053709493,133
incremental_reoccurring_balanced,1496786007,pht_ht,8.0,grid,0.0061068702290076335,0.0061068702290076335,7.0,7.0,653,2,651,0.0030627871362940277,1.0,2,0.4086698976844373,0.4450643053709493,133
incremental_reoccurring_balanced,1658700540,pht_ht,8.0,grid,0.0061068702290076335,0.0061068702290076335,7.0,7.0,653,2,651,0.0030627871362940277,1.0,2,0.4086698976844373,0.4450643053709493,133
incremental_reoccurring_balanced,1737489325,pht_ht,8.0,grid,0.0061068702290076335,0.0061068702290076335,7.0,7.0,653,2,651,0.0030627871362940277,1.0,2,0.4086698976844373,0.4450643053709493,133
incremental_reoccurring_balanced,1870843651,pht_ht,8.0,grid,0.0061068702290076335,0.0061068702290076335,7.0,7.0,653,2,651,0.0030627871362940277,1.0,2,0.4086698976844373,0.4450643053709493,133
incremental_reoccurring_balanced,1944468667,pht_ht,8.0,grid,0.0061068702290076335,0.0061068702290076335,7.0,7.0,653,2,651,0.0030627871362940277,1.0,2,0.4086698976844373,0.4450643053709493,133
incremental_reoccurring_balanced,76953952,pht_ht,15.0,grid,0.012012012012012012,0.012012012012012012,19.5,19.5,331,2,329,0.006042296072507553,1.0,2,0.3800753904146473,0.40708014302562856,71
incremental_reoccurring_balanced,110020020,pht_ht,15.0,grid,0.012012012012012012,0.012012012012012012,19.5,19.5,331,2,329,0.006042296072507553,1.0,2,0.3800753904146473,0.40708014302562856,71
incremental_reoccurring_balanced,168388230,pht_ht,15.0,grid,0.012012012012012012,0.012012012012012012,19.5,19.5,331,2,329,0.006042296072507553,1.0,2,0.3800753904146473,0.40708014302562856,71
incremental_reoccurring_balanced,176092387,pht_ht,15.0,grid,0.012012012012012012,0.012012012012012012,19.5,19.5,331,2,329,0.006042296072507553,1.0,2,0.3800753904146473,0.40708014302562856,71
incremental_reoccurring_balanced,176623029,pht_ht,15.0,grid,0.012012012012012012,0.012012012012012012,19.5,19.5,331,2,329,0.006042296072507553,1.0,2,0.3800753904146473,0.40708014302562856,71
incremental_reoccurring_balanced,232150720,pht_ht,15.0,grid,0.012012012012012012,0.012012012012012012,19.5,19.5,331,2,329,0.006042296072507553,1.0,2,0.3800753904146473,0.40708014302562856,71
incremental_reoccurring_balanced,233227757,pht_ht,15.0,grid,0.012012012012012012,0.012012012012012012,19.5,19.5,331,2,329,0.006042296072507553,1.0,2,0.3800753904146473,0.40708014302562856,71
incremental_reoccurring_balanced,398083709,pht_ht,15.0,grid,0.012012012012012012,0.012012012012012012,19.5,19.5,331,2,329,0.006042296072507553,1.0,2,0.3800753904146473,0.40708014302562856,71
incremental_reoccurring_balanced,536987301,pht_ht,15.0,grid,0.012012012012012012,0.012012012012012012,19.5,19.5,331,2,329,0.006042296072507553,1.0,2,0.3800753904146473,0.40708014302562856,71
incremental_reoccurring_balanced,569531098,pht_ht,15.0,grid,0.012012012012012012,0.012012012012012012,19.5,19.5,331,2,329,0.006042296072507553,1.0,2,0.3800753904146473,0.40708014302562856,71
incremental_reoccurring_balanced,570914454,pht_ht,15.0,grid,0.012012012012012012,0.012012012012012012,19.5,19.5,331,2,329,0.006042296072507553,1.0,2,0.3800753904146473,0.40708014302562856,71
incremental_reoccurring_balanced,592703045,pht_ht,15.0,grid,0.012012012012012012,0.012012012012012012,19.5,19.5,331,2,329,0.006042296072507553,1.0,2,0.3800753904146473,0.40708014302562856,71
incremental_reoccurring_balanced,609942288,pht_ht,15.0,grid,0.012012012012012012,0.012012012012012012,19.5,19.5,331,2,329,0.006042296072507553,1.0,2,0.3800753904146473,0.40708014302562856,71
incremental_reoccurring_balanced,612016888,pht_ht,15.0,grid,0.012012012012012012,0.012012012012012012,19.5,19.5,331,2,329,0.006042296072507553,1.0,2,0.3800753904146473,0.40708014302562856,71
incremental_reoccurring_balanced,829139639,pht_ht,15.0,grid,0.012012012012012012,0.012012012012012012,19.5,19.5,331,2,329,0.006042296072507553,1.0,2,0.3800753904146473,0.40708014302562856,71
incremental_reoccurring_balanced,877132087,pht_ht,15.0,grid,0.012012012012012012,0.012012012012012012,19.5,19.5,331,2,329,0.006042296072507553,1.0,2,0.3800753904146473,0.40708014302562856,71
incremental_reoccurring_balanced,911875363,pht_ht,15.0,grid,0.012012012012012012,0.012012012012012012,19.5,19.5,331,2,329,0.006042296072507553,1.0,2,0.3800753904146473,0.40708014302562856,71
incremental_reoccurring_balanced,1129302214,pht_ht,15.0,grid,0.012012012012012012,0.012012012012012012,19.5,19.5,331,2,329,0.006042296072507553,1.0,2,0.3800753904146473,0.40708014302562856,71
incremental_reoccurring_balanced,1206282609,pht_ht,15.0,grid,0.012012012012012012,0.012012012012012012,19.5,19.5,331,2,329,0.006042296072507553,1.0,2,0.3800753904146473,0.40708014302562856,71
incremental_reoccurring_balanced,1244265337,pht_ht,15.0,grid,0.012012012012012012,0.012012012012012012,19.5,19.5,331,2,329,0.006042296072507553,1.0,2,0.3800753904146473,0.40708014302562856,71
incremental_reoccurring_balanced,1258460216,pht_ht,15.0,grid,0.012012012012012012,0.012012012012012012,19.5,19.5,331,2,329,0.006042296072507553,1.0,2,0.3800753904146473,0.40708014302562856,71
incremental_reoccurring_balanced,1332204363,pht_ht,15.0,grid,0.012012012012012012,0.012012012012012012,19.5,19.5,331,2,329,0.006042296072507553,1.0,2,0.3800753904146473,0.40708014302562856,71
incremental_reoccurring_balanced,1337295874,pht_ht,15.0,grid,0.012012012012012012,0.012012012012012012,19.5,19.5,331,2,329,0.006042296072507553,1.0,2,0.3800753904146473,0.40708014302562856,71
incremental_reoccurring_balanced,1380564739,pht_ht,15.0,grid,0.012012012012012012,0.012012012012012012,19.5,19.5,331,2,329,0.006042296072507553,1.0,2,0.3800753904146473,0.40708014302562856,71
incremental_reoccurring_balanced,1395586264,pht_ht,15.0,grid,0.012012012012012012,0.012012012012012012,19.5,19.5,331,2,329,0.006042296072507553,1.0,2,0.3800753904146473,0.40708014302562856,71
incremental_reoccurring_balanced,1496786007,pht_ht,15.0,grid,0.012012012012012012,0.012012012012012012,19.5,19.5,331,2,329,0.006042296072507553,1.0,2,0.3800753904146473,0.40708014302562856,71
incremental_reoccurring_balanced,1658700540,pht_ht,15.0,grid,0.012012012012012012,0.012012012012012012,19.5,19.5,331,2,329,0.006042296072507553,1.0,2,0.3800753904146473,0.40708014302562856,71
incremental_reoccurring_balanced,1737489325,pht_ht,15.0,grid,0.012012012012012012,0.012012012012012012,19.5,19.5,331,2,329,0.006042296072507553,1.0,2,0.3800753904146473,0.40708014302562856,71
incremental_reoccurring_balanced,1870843651,pht_ht,15.0,grid,0.012012012012012012,0.012012012012012012,19.5,19.5,331,2,329,0.006042296072507553,1.0,2,0.3800753904146473,0.40708014302562856,71
incremental_reoccurring_balanced,1944468667,pht_ht,15.0,grid,0.012012012012012012,0.012012012012012012,19.5,19.5,331,2,329,0.006042296072507553,1.0,2,0.3800753904146473,0.40708014302562856,71
incremental_reoccurring_balanced,76953952,pht_ht,21.0,grid,0.0182648401826484,0.0182648401826484,21.0,21.0,217,2,215,0.009216589861751152,1.0,2,0.359504577275175,0.3829679689986334,47
incremental_reoccurring_balanced,110020020,pht_ht,21.0,grid,0.0182648401826484,0.0182648401826484,21.0,21.0,217,2,215,0.009216589861751152,1.0,2,0.359504577275175,0.3829679689986334,47
incremental_reoccurring_balanced,168388230,pht_ht,21.0,grid,0.0182648401826484,0.0182648401826484,21.0,21.0,217,2,215,0.009216589861751152,1.0,2,0.359504577275175,0.3829679689986334,47
incremental_reoccurring_balanced,176092387,pht_ht,21.0,grid,0.0182648401826484,0.0182648401826484,21.0,21.0,217,2,215,0.009216589861751152,1.0,2,0.359504577275175,0.3829679689986334,47
incremental_reoccurring_balanced,176623029,pht_ht,21.0,grid,0.0182648401826484,0.0182648401826484,21.0,21.0,217,2,215,0.009216589861751152,1.0,2,0.359504577275175,0.3829679689986334,47
incremental_reoccurring_balanced,232150720,pht_ht,21.0,grid,0.0182648401826484,0.0182648401826484,21.0,21.0,217,2,215,0.009216589861751152,1.0,2,0.359504577275175,0.3829679689986334,47
incremental_reoccurring_balanced,233227757,pht_ht,21.0,grid,0.0182648401826484,0.0182648401826484,21.0,21.0,217,2,215,0.009216589861751152,1.0,2,0.359504577275175,0.3829679689986334,47
incremental_reoccurring_balanced,398083709,pht_ht,21.0,grid,0.0182648401826484,0.0182648401826484,21.0,21.0,217,2,215,0.009216589861751152,1.0,2,0.359504577275175,0.3829679689986334,47
incremental_reoccurring_balanced,536987301,pht_ht,21.0,grid,0.0182648401826484,0.0182648401826484,21.0,21.0,217,2,215,0.009216589861751152,1.0,2,0.359504577275175,0.3829679689986334,47
incremental_reoccurring_balanced,569531098,pht_ht,21.0,grid,0.0182648401826484,0.0182648401826484,21.0,21.0,217,2,215,0.009216589861751152,1.0,2,0.359504577275175,0.3829679689986334,47
incremental_reoccurring_balanced,570914454,pht_ht,21.0,grid,0.0182648401826484,0.0182648401826484,21.0,21.0,217,2,215,0.009216589861751152,1.0,2,0.359504577275175,0.3829679689986334,47
incremental_reoccurring_balanced,592703045,pht_ht,21.0,grid,0.0182648401826484,0.0182648401826484,21.0,21.0,217,2,215,0.009216589861751152,1.0,2,0.359504577275175,0.3829679689986334,47
incremental_reoccurring_balanced,609942288,pht_ht,21.0,grid,0.0182648401826484,0.0182648401826484,21.0,21.0,217,2,215,0.009216589861751152,1.0,2,0.359504577275175,0.3829679689986334,47
incremental_reoccurring_balanced,612016888,pht_ht,21.0,grid,0.0182648401826484,0.0182648401826484,21.0,21.0,217,2,215,0.009216589861751152,1.0,2,0.359504577275175,0.3829679689986334,47
incremental_reoccurring_balanced,829139639,pht_ht,21.0,grid,0.0182648401826484,0.0182648401826484,21.0,21.0,217,2,215,0.009216589861751152,1.0,2,0.359504577275175,0.3829679689986334,47
incremental_reoccurring_balanced,877132087,pht_ht,21.0,grid,0.0182648401826484,0.0182648401826484,21.0,21.0,217,2,215,0.009216589861751152,1.0,2,0.359504577275175,0.3829679689986334,47
incremental_reoccurring_balanced,911875363,pht_ht,21.0,grid,0.0182648401826484,0.0182648401826484,21.0,21.0,217,2,215,0.009216589861751152,1.0,2,0.359504577275175,0.3829679689986334,47
incremental_reoccurring_balanced,1129302214,pht_ht,21.0,grid,0.0182648401826484,0.0182648401826484,21.0,21.0,217,2,215,0.009216589861751152,1.0,2,0.359504577275175,0.3829679689986334,47
incremental_reoccurring_balanced,1206282609,pht_ht,21.0,grid,0.0182648401826484,0.0182648401826484,21.0,21.0,217,2,215,0.009216589861751152,1.0,2,0.359504577275175,0.3829679689986334,47
incremental_reoccurring_balanced,1244265337,pht_ht,21.0,grid,0.0182648401826484,0.0182648401826484,21.0,21.0,217,2,215,0.009216589861751152,1.0,2,0.359504577275175,0.3829679689986334,47
incremental_reoccurring_balanced,1258460216,pht_ht,21.0,grid,0.0182648401826484,0.0182648401826484,21.0,21.0,217,2,215,0.009216589861751152,1.0,2,0.359504577275175,0.3829679689986334,47
incremental_reoccurring_balanced,1332204363,pht_ht,21.0,grid,0.0182648401826484,0.0182648401826484,21.0,21.0,217,2,215,0.009216589861751152,1.0,2,0.359504577275175,0.3829679689986334,47
incremental_reoccurring_balanced,1337295874,pht_ht,21.0,grid,0.0182648401826484,0.0182648401826484,21.0,21.0,217,2,215,0.009216589861751152,1.0,2,0.359504577275175,0.3829679689986334,47
incremental_reoccurring_balanced,1380564739,pht_ht,21.0,grid,0.0182648401826484,0.0182648401826484,21.0,21.0,217,2,215,0.009216589861751152,1.0,2,0.359504577275175,0.3829679689986334,47
incremental_reoccurring_balanced,1395586264,pht_ht,21.0,grid,0.0182648401826484,0.0182648401826484,21.0,21.0,217,2,215,0.009216589861751152,1.0,2,0.359504577275175,0.3829679689986334,47
incremental_reoccurring_balanced,1496786007,pht_ht,21.0,grid,0.0182648401826484,0.0182648401826484,21.0,21.0,217,2,215,0.009216589861751152,1.0,2,0.359504577275175,0.3829679689986334,47
incremental_reoccurring_balanced,1658700540,pht_ht,21.0,grid,0.0182648401826484,0.0182648401826484,21.0,21.0,217,2,215,0.009216589861751152,1.0,2,0.359504577275175,0.3829679689986334,47
incremental_reoccurring_balanced,1737489325,pht_ht,21.0,grid,0.0182648401826484,0.0182648401826484,21.0,21.0,217,2,215,0.009216589861751152,1.0,2,0.359504577275175,0.3829679689986334,47
incremental_reoccurring_balanced,1870843651,pht_ht,21.0,grid,0.0182648401826484,0.0182648401826484,21.0,21.0,217,2,215,0.009216589861751152,1.0,2,0.359504577275175,0.3829679689986334,47
incremental_reoccurring_balanced,1944468667,pht_ht,21.0,grid,0.0182648401826484,0.0182648401826484,21.0,21.0,217,2,215,0.009216589861751152,1.0,2,0.359504577275175,0.3829679689986334,47
incremental_reoccurring_balanced,76953952,pht_ht,30.0,grid,0.038834951456310676,0.038834951456310676,33.5,33.5,101,2,99,0.019801980198019802,1.0,2,0.3375336564351104,0.3555235224741187,19
incremental_reoccurring_balanced,110020020,pht_ht,30.0,grid,0.038834951456310676,0.038834951456310676,33.5,33.5,101,2,99,0.019801980198019802,1.0,2,0.3375336564351104,0.3555235224741187,19
incremental_reoccurring_balanced,168388230,pht_ht,30.0,grid,0.038834951456310676,0.038834951456310676,33.5,33.5,101,2,99,0.019801980198019802,1.0,2,0.3375336564351104,0.3555235224741187,19
incremental_reoccurring_balanced,176092387,pht_ht,30.0,grid,0.038834951456310676,0.038834951456310676,33.5,33.5,101,2,99,0.019801980198019802,1.0,2,0.3375336564351104,0.3555235224741187,19
incremental_reoccurring_balanced,176623029,pht_ht,30.0,grid,0.038834951456310676,0.038834951456310676,33.5,33.5,101,2,99,0.019801980198019802,1.0,2,0.3375336564351104,0.3555235224741187,19
incremental_reoccurring_balanced,232150720,pht_ht,30.0,grid,0.038834951456310676,0.038834951456310676,33.5,33.5,101,2,99,0.019801980198019802,1.0,2,0.3375336564351104,0.3555235224741187,19
incremental_reoccurring_balanced,233227757,pht_ht,30.0,grid,0.038834951456310676,0.038834951456310676,33.5,33.5,101,2,99,0.019801980198019802,1.0,2,0.3375336564351104,0.3555235224741187,19
incremental_reoccurring_balanced,398083709,pht_ht,30.0,grid,0.038834951456310676,0.038834951456310676,33.5,33.5,101,2,99,0.019801980198019802,1.0,2,0.3375336564351104,0.3555235224741187,19
incremental_reoccurring_balanced,536987301,pht_ht,30.0,grid,0.038834951456310676,0.038834951456310676,33.5,33.5,101,2,99,0.019801980198019802,1.0,2,0.3375336564351104,0.3555235224741187,19
incremental_reoccurring_balanced,569531098,pht_ht,30.0,grid,0.038834951456310676,0.038834951456310676,33.5,33.5,101,2,99,0.019801980198019802,1.0,2,0.3375336564351104,0.3555235224741187,19
incremental_reoccurring_balanced,570914454,pht_ht,30.0,grid,0.038834951456310676,0.038834951456310676,33.5,33.5,101,2,99,0.019801980198019802,1.0,2,0.3375336564351104,0.3555235224741187,19
incremental_reoccurring_balanced,592703045,pht_ht,30.0,grid,0.038834951456310676,0.038834951456310676,33.5,33.5,101,2,99,0.019801980198019802,1.0,2,0.3375336564351104,0.3555235224741187,19
incremental_reoccurring_balanced,609942288,pht_ht,30.0,grid,0.038834951456310676,0.038834951456310676,33.5,33.5,101,2,99,0.019801980198019802,1.0,2,0.3375336564351104,0.3555235224741187,19
incremental_reoccurring_balanced,612016888,pht_ht,30.0,grid,0.038834951456310676,0.038834951456310676,33.5,33.5,101,2,99,0.019801980198019802,1.0,2,0.3375336564351104,0.3555235224741187,19
incremental_reoccurring_balanced,829139639,pht_ht,30.0,grid,0.038834951456310676,0.038834951456310676,33.5,33.5,101,2,99,0.019801980198019802,1.0,2,0.3375336564351104,0.3555235224741187,19
incremental_reoccurring_balanced,877132087,pht_ht,30.0,grid,0.038834951456310676,0.038834951456310676,33.5,33.5,101,2,99,0.019801980198019802,1.0,2,0.3375336564351104,0.3555235224741187,19
incremental_reoccurring_balanced,911875363,pht_ht,30.0,grid,0.038834951456310676,0.038834951456310676,33.5,33.5,101,2,99,0.019801980198019802,1.0,2,0.3375336564351104,0.3555235224741187,19
incremental_reoccurring_balanced,1129302214,pht_ht,30.0,grid,0.038834951456310676,0.038834951456310676,33.5,33.5,101,2,99,0.019801980198019802,1.0,2,0.3375336564351104,0.3555235224741187,19
incremental_reoccurring_balanced,1206282609,pht_ht,30.0,grid,0.038834951456310676,0.038834951456310676,33.5,33.5,101,2,99,0.019801980198019802,1.0,2,0.3375336564351104,0.3555235224741187,19
incremental_reoccurring_balanced,1244265337,pht_ht,30.0,grid,0.038834951456310676,0.038834951456310676,33.5,33.5,101,2,99,0.019801980198019802,1.0,2,0.3375336564351104,0.3555235224741187,19
incremental_reoccurring_balanced,1258460216,pht_ht,30.0,grid,0.038834951456310676,0.038834951456310676,33.5,33.5,101,2,99,0.019801980198019802,1.0,2,0.3375336564351104,0.3555235224741187,19
incremental_reoccurring_balanced,1332204363,pht_ht,30.0,grid,0.038834951456310676,0.038834951456310676,33.5,33.5,101,2,99,0.019801980198019802,1.0,2,0.3375336564351104,0.3555235224741187,19
incremental_reoccurring_balanced,1337295874,pht_ht,30.0,grid,0.038834951456310676,0.038834951456310676,33.5,33.5,101,2,99,0.019801980198019802,1.0,2,0.3375336564351104,0.3555235224741187,19
incremental_reoccurring_balanced,1380564739,pht_ht,30.0,grid,0.038834951456310676,0.038834951456310676,33.5,33.5,101,2,99,0.019801980198019802,1.0,2,0.3375336564351104,0.3555235224741187,19
incremental_reoccurring_balanced,1395586264,pht_ht,30.0,grid,0.038834951456310676,0.038834951456310676,33.5,33.5,101,2,99,0.019801980198019802,1.0,2,0.3375336564351104,0.3555235224741187,19
incremental_reoccurring_balanced,1496786007,pht_ht,30.0,grid,0.038834951456310676,0.038834951456310676,33.5,33.5,101,2,99,0.019801980198019802,1.0,2,0.3375336564351104,0.3555235224741187,19
incremental_reoccurring_balanced,1658700540,pht_ht,30.0,grid,0.038834951456310676,0.038834951456310676,33.5,33.5,101,2,99,0.019801980198019802,1.0,2,0.3375336564351104,0.3555235224741187,19
incremental_reoccurring_balanced,1737489325,pht_ht,30.0,grid,0.038834951456310676,0.038834951456310676,33.5,33.5,101,2,99,0.019801980198019802,1.0,2,0.3375336564351104,0.3555235224741187,19
incremental_reoccurring_balanced,1870843651,pht_ht,30.0,grid,0.038834951456310676,0.038834951456310676,33.5,33.5,101,2,99,0.019801980198019802,1.0,2,0.3375336564351104,0.3555235224741187,19
incremental_reoccurring_balanced,1944468667,pht_ht,30.0,grid,0.038834951456310676,0.038834951456310676,33.5,33.5,101,2,99,0.019801980198019802,1.0,2,0.3375336564351104,0.3555235224741187,19
incremental_reoccurring_balanced,76953952,pht_ht,45.0,grid,0.06060606060606061,0.06060606060606061,156.5,156.5,64,2,62,0.03125,1.0,2,0.34453419493807214,0.3287904599659284,18
incremental_reoccurring_balanced,110020020,pht_ht,45.0,grid,0.06060606060606061,0.06060606060606061,156.5,156.5,64,2,62,0.03125,1.0,2,0.34453419493807214,0.3287904599659284,18
incremental_reoccurring_balanced,168388230,pht_ht,45.0,grid,0.06060606060606061,0.06060606060606061,156.5,156.5,64,2,62,0.03125,1.0,2,0.34453419493807214,0.3287904599659284,18
incremental_reoccurring_balanced,176092387,pht_ht,45.0,grid,0.06060606060606061,0.06060606060606061,156.5,156.5,64,2,62,0.03125,1.0,2,0.34453419493807214,0.3287904599659284,18
incremental_reoccurring_balanced,176623029,pht_ht,45.0,grid,0.06060606060606061,0.06060606060606061,156.5,156.5,64,2,62,0.03125,1.0,2,0.34453419493807214,0.3287904599659284,18
incremental_reoccurring_balanced,232150720,pht_ht,45.0,grid,0.06060606060606061,0.06060606060606061,156.5,156.5,64,2,62,0.03125,1.0,2,0.34453419493807214,0.3287904599659284,18
incremental_reoccurring_balanced,233227757,pht_ht,45.0,grid,0.06060606060606061,0.06060606060606061,156.5,156.5,64,2,62,0.03125,1.0,2,0.34453419493807214,0.3287904599659284,18
incremental_reoccurring_balanced,398083709,pht_ht,45.0,grid,0.06060606060606061,0.06060606060606061,156.5,156.5,64,2,62,0.03125,1.0,2,0.34453419493807214,0.3287904599659284,18
incremental_reoccurring_balanced,536987301,pht_ht,45.0,grid,0.06060606060606061,0.06060606060606061,156.5,156.5,64,2,62,0.03125,1.0,2,0.34453419493807214,0.3287904599659284,18
incremental_reoccurring_balanced,569531098,pht_ht,45.0,grid,0.06060606060606061,0.06060606060606061,156.5,156.5,64,2,62,0.03125,1.0,2,0.34453419493807214,0.3287904599659284,18
incremental_reoccurring_balanced,570914454,pht_ht,45.0,grid,0.06060606060606061,0.06060606060606061,156.5,156.5,64,2,62,0.03125,1.0,2,0.34453419493807214,0.3287904599659284,18
incremental_reoccurring_balanced,592703045,pht_ht,45.0,grid,0.06060606060606061,0.06060606060606061,156.5,156.5,64,2,62,0.03125,1.0,2,0.34453419493807214,0.3287904599659284,18
incremental_reoccurring_balanced,609942288,pht_ht,45.0,grid,0.06060606060606061,0.06060606060606061,156.5,156.5,64,2,62,0.03125,1.0,2,0.34453419493807214,0.3287904599659284,18
incremental_reoccurring_balanced,612016888,pht_ht,45.0,grid,0.06060606060606061,0.06060606060606061,156.5,156.5,64,2,62,0.03125,1.0,2,0.34453419493807214,0.3287904599659284,18
incremental_reoccurring_balanced,829139639,pht_ht,45.0,grid,0.06060606060606061,0.06060606060606061,156.5,156.5,64,2,62,0.03125,1.0,2,0.34453419493807214,0.3287904599659284,18
incremental_reoccurring_balanced,877132087,pht_ht,45.0,grid,0.06060606060606061,0.06060606060606061,156.5,156.5,64,2,62,0.03125,1.0,2,0.34453419493807214,0.3287904599659284,18
incremental_reoccurring_balanced,911875363,pht_ht,45.0,grid,0.06060606060606061,0.06060606060606061,156.5,156.5,64,2,62,0.03125,1.0,2,0.34453419493807214,0.3287904599659284,18
incremental_reoccurring_balanced,1129302214,pht_ht,45.0,grid,0.06060606060606061,0.06060606060606061,156.5,156.5,64,2,62,0.03125,1.0,2,0.34453419493807214,0.3287904599659284,18
incremental_reoccurring_balanced,1206282609,pht_ht,45.0,grid,0.06060606060606061,0.06060606060606061,156.5,156.5,64,2,62,0.03125,1.0,2,0.34453419493807214,0.3287904599659284,18
incremental_reoccurring_balanced,1244265337,pht_ht,45.0,grid,0.06060606060606061,0.06060606060606061,156.5,156.5,64,2,62,0.03125,1.0,2,0.34453419493807214,0.3287904599659284,18
incremental_reoccurring_balanced,1258460216,pht_ht,45.0,grid,0.06060606060606061,0.06060606060606061,156.5,156.5,64,2,62,0.03125,1.0,2,0.34453419493807214,0.3287904599659284,18
incremental_reoccurring_balanced,1332204363,pht_ht,45.0,grid,0.06060606060606061,0.06060606060606061,156.5,156.5,64,2,62,0.03125,1.0,2,0.34453419493807214,0.3287904599659284,18
incremental_reoccurring_balanced,1337295874,pht_ht,45.0,grid,0.06060606060606061,0.06060606060606061,156.5,156.5,64,2,62,0.03125,1.0,2,0.34453419493807214,0.3287904599659284,18
incremental_reoccurring_balanced,1380564739,pht_ht,45.0,grid,0.06060606060606061,0.06060606060606061,156.5,156.5,64,2,62,0.03125,1.0,2,0.34453419493807214,0.3287904599659284,18
incremental_reoccurring_balanced,1395586264,pht_ht,45.0,grid,0.06060606060606061,0.06060606060606061,156.5,156.5,64,2,62,0.03125,1.0,2,0.34453419493807214,0.3287904599659284,18
incremental_reoccurring_balanced,1496786007,pht_ht,45.0,grid,0.06060606060606061,0.06060606060606061,156.5,156.5,64,2,62,0.03125,1.0,2,0.34453419493807214,0.3287904599659284,18
incremental_reoccurring_balanced,1658700540,pht_ht,45.0,grid,0.06060606060606061,0.06060606060606061,156.5,156.5,64,2,62,0.03125,1.0,2,0.34453419493807214,0.3287904599659284,18
incremental_reoccurring_balanced,1737489325,pht_ht,45.0,grid,0.06060606060606061,0.06060606060606061,156.5,156.5,64,2,62,0.03125,1.0,2,0.34453419493807214,0.3287904599659284,18
incremental_reoccurring_balanced,1870843651,pht_ht,45.0,grid,0.06060606060606061,0.06060606060606061,156.5,156.5,64,2,62,0.03125,1.0,2,0.34453419493807214,0.3287904599659284,18
incremental_reoccurring_balanced,1944468667,pht_ht,45.0,grid,0.06060606060606061,0.06060606060606061,156.5,156.5,64,2,62,0.03125,1.0,2,0.34453419493807214,0.3287904599659284,18
incremental_reoccurring_balanced,76953952,pht_ht,65.0,grid,0.12121212121212122,0.12121212121212122,582.5,582.5,31,2,29,0.06451612903225806,1.0,2,0.32967151319332255,0.335473725592976,6
incremental_reoccurring_balanced,110020020,pht_ht,65.0,grid,0.12121212121212122,0.12121212121212122,582.5,582.5,31,2,29,0.06451612903225806,1.0,2,0.32967151319332255,0.335473725592976,6
incremental_reoccurring_balanced,168388230,pht_ht,65.0,grid,0.12121212121212122,0.12121212121212122,582.5,582.5,31,2,29,0.06451612903225806,1.0,2,0.32967151319332255,0.335473725592976,6
incremental_reoccurring_balanced,176092387,pht_ht,65.0,grid,0.12121212121212122,0.12121212121212122,582.5,582.5,31,2,29,0.06451612903225806,1.0,2,0.32967151319332255,0.335473725592976,6
incremental_reoccurring_balanced,176623029,pht_ht,65.0,grid,0.12121212121212122,0.12121212121212122,582.5,582.5,31,2,29,0.06451612903225806,1.0,2,0.32967151319332255,0.335473725592976,6
incremental_reoccurring_balanced,232150720,pht_ht,65.0,grid,0.12121212121212122,0.12121212121212122,582.5,582.5,31,2,29,0.06451612903225806,1.0,2,0.32967151319332255,0.335473725592976,6
incremental_reoccurring_balanced,233227757,pht_ht,65.0,grid,0.12121212121212122,0.12121212121212122,582.5,582.5,31,2,29,0.06451612903225806,1.0,2,0.32967151319332255,0.335473725592976,6
incremental_reoccurring_balanced,398083709,pht_ht,65.0,grid,0.12121212121212122,0.12121212121212122,582.5,582.5,31,2,29,0.06451612903225806,1.0,2,0.32967151319332255,0.335473725592976,6
incremental_reoccurring_balanced,536987301,pht_ht,65.0,grid,0.12121212121212122,0.12121212121212122,582.5,582.5,31,2,29,0.06451612903225806,1.0,2,0.32967151319332255,0.335473725592976,6
incremental_reoccurring_balanced,569531098,pht_ht,65.0,grid,0.12121212121212122,0.12121212121212122,582.5,582.5,31,2,29,0.06451612903225806,1.0,2,0.32967151319332255,0.335473725592976,6
incremental_reoccurring_balanced,570914454,pht_ht,65.0,grid,0.12121212121212122,0.12121212121212122,582.5,582.5,31,2,29,0.06451612903225806,1.0,2,0.32967151319332255,0.335473725592976,6
incremental_reoccurring_balanced,592703045,pht_ht,65.0,grid,0.12121212121212122,0.12121212121212122,582.5,582.5,31,2,29,0.06451612903225806,1.0,2,0.32967151319332255,0.335473725592976,6
incremental_reoccurring_balanced,609942288,pht_ht,65.0,grid,0.12121212121212122,0.12121212121212122,582.5,582.5,31,2,29,0.06451612903225806,1.0,2,0.32967151319332255,0.335473725592976,6
incremental_reoccurring_balanced,612016888,pht_ht,65.0,grid,0.12121212121212122,0.12121212121212122,582.5,582.5,31,2,29,0.06451612903225806,1.0,2,0.32967151319332255,0.335473725592976,6
incremental_reoccurring_balanced,829139639,pht_ht,65.0,grid,0.12121212121212122,0.12121212121212122,582.5,582.5,31,2,29,0.06451612903225806,1.0,2,0.32967151319332255,0.335473725592976,6
incremental_reoccurring_balanced,877132087,pht_ht,65.0,grid,0.12121212121212122,0.12121212121212122,582.5,582.5,31,2,29,0.06451612903225806,1.0,2,0.32967151319332255,0.335473725592976,6
incremental_reoccurring_balanced,911875363,pht_ht,65.0,grid,0.12121212121212122,0.12121212121212122,582.5,582.5,31,2,29,0.06451612903225806,1.0,2,0.32967151319332255,0.335473725592976,6
incremental_reoccurring_balanced,1129302214,pht_ht,65.0,grid,0.12121212121212122,0.12121212121212122,582.5,582.5,31,2,29,0.06451612903225806,1.0,2,0.32967151319332255,0.335473725592976,6
incremental_reoccurring_balanced,1206282609,pht_ht,65.0,grid,0.12121212121212122,0.12121212121212122,582.5,582.5,31,2,29,0.06451612903225806,1.0,2,0.32967151319332255,0.335473725592976,6
incremental_reoccurring_balanced,1244265337,pht_ht,65.0,grid,0.12121212121212122,0.12121212121212122,582.5,582.5,31,2,29,0.06451612903225806,1.0,2,0.32967151319332255,0.335473725592976,6
incremental_reoccurring_balanced,1258460216,pht_ht,65.0,grid,0.12121212121212122,0.12121212121212122,582.5,582.5,31,2,29,0.06451612903225806,1.0,2,0.32967151319332255,0.335473725592976,6
incremental_reoccurring_balanced,1332204363,pht_ht,65.0,grid,0.12121212121212122,0.12121212121212122,582.5,582.5,31,2,29,0.06451612903225806,1.0,2,0.32967151319332255,0.335473725592976,6
incremental_reoccurring_balanced,1337295874,pht_ht,65.0,grid,0.12121212121212122,0.12121212121212122,582.5,582.5,31,2,29,0.06451612903225806,1.0,2,0.32967151319332255,0.335473725592976,6
incremental_reoccurring_balanced,1380564739,pht_ht,65.0,grid,0.12121212121212122,0.12121212121212122,582.5,582.5,31,2,29,0.06451612903225806,1.0,2,0.32967151319332255,0.335473725592976,6
incremental_reoccurring_balanced,1395586264,pht_ht,65.0,grid,0.12121212121212122,0.12121212121212122,582.5,582.5,31,2,29,0.06451612903225806,1.0,2,0.32967151319332255,0.335473725592976,6
incremental_reoccurring_balanced,1496786007,pht_ht,65.0,grid,0.12121212121212122,0.12121212121212122,582.5,582.5,31,2,29,0.06451612903225806,1.0,2,0.32967151319332255,0.335473725592976,6
incremental_reoccurring_balanced,1658700540,pht_ht,65.0,grid,0.12121212121212122,0.12121212121212122,582.5,582.5,31,2,29,0.06451612903225806,1.0,2,0.32967151319332255,0.335473725592976,6
incremental_reoccurring_balanced,1737489325,pht_ht,65.0,grid,0.12121212121212122,0.12121212121212122,582.5,582.5,31,2,29,0.06451612903225806,1.0,2,0.32967151319332255,0.335473725592976,6
incremental_reoccurring_balanced,1870843651,pht_ht,65.0,grid,0.12121212121212122,0.12121212121212122,582.5,582.5,31,2,29,0.06451612903225806,1.0,2,0.32967151319332255,0.335473725592976,6
incremental_reoccurring_balanced,1944468667,pht_ht,65.0,grid,0.12121212121212122,0.12121212121212122,582.5,582.5,31,2,29,0.06451612903225806,1.0,2,0.32967151319332255,0.335473725592976,6
incremental_reoccurring_balanced,76953952,pht_ht,95.0,grid,0.18181818181818182,0.18181818181818182,50.0,50.0,20,2,18,0.1,1.0,2,0.3260096930533118,0.3290151075500309,4
incremental_reoccurring_balanced,110020020,pht_ht,95.0,grid,0.18181818181818182,0.18181818181818182,50.0,50.0,20,2,18,0.1,1.0,2,0.3260096930533118,0.3290151075500309,4
incremental_reoccurring_balanced,168388230,pht_ht,95.0,grid,0.18181818181818182,0.18181818181818182,50.0,50.0,20,2,18,0.1,1.0,2,0.3260096930533118,0.3290151075500309,4
incremental_reoccurring_balanced,176092387,pht_ht,95.0,grid,0.18181818181818182,0.18181818181818182,50.0,50.0,20,2,18,0.1,1.0,2,0.3260096930533118,0.3290151075500309,4
incremental_reoccurring_balanced,176623029,pht_ht,95.0,grid,0.18181818181818182,0.18181818181818182,50.0,50.0,20,2,18,0.1,1.0,2,0.3260096930533118,0.3290151075500309,4
incremental_reoccurring_balanced,232150720,pht_ht,95.0,grid,0.18181818181818182,0.18181818181818182,50.0,50.0,20,2,18,0.1,1.0,2,0.3260096930533118,0.3290151075500309,4
incremental_reoccurring_balanced,233227757,pht_ht,95.0,grid,0.18181818181818182,0.18181818181818182,50.0,50.0,20,2,18,0.1,1.0,2,0.3260096930533118,0.3290151075500309,4
incremental_reoccurring_balanced,398083709,pht_ht,95.0,grid,0.18181818181818182,0.18181818181818182,50.0,50.0,20,2,18,0.1,1.0,2,0.3260096930533118,0.3290151075500309,4
incremental_reoccurring_balanced,536987301,pht_ht,95.0,grid,0.18181818181818182,0.18181818181818182,50.0,50.0,20,2,18,0.1,1.0,2,0.3260096930533118,0.3290151075500309,4
incremental_reoccurring_balanced,569531098,pht_ht,95.0,grid,0.18181818181818182,0.18181818181818182,50.0,50.0,20,2,18,0.1,1.0,2,0.3260096930533118,0.3290151075500309,4
incremental_reoccurring_balanced,570914454,pht_ht,95.0,grid,0.18181818181818182,0.18181818181818182,50.0,50.0,20,2,18,0.1,1.0,2,0.3260096930533118,0.3290151075500309,4
incremental_reoccurring_balanced,592703045,pht_ht,95.0,grid,0.18181818181818182,0.18181818181818182,50.0,50.0,20,2,18,0.1,1.0,2,0.3260096930533118,0.3290151075500309,4
incremental_reoccurring_balanced,609942288,pht_ht,95.0,grid,0.18181818181818182,0.18181818181818182,50.0,50.0,20,2,18,0.1,1.0,2,0.3260096930533118,0.3290151075500309,4
incremental_reoccurring_balanced,612016888,pht_ht,95.0,grid,0.18181818181818182,0.18181818181818182,50.0,50.0,20,2,18,0.1,1.0,2,0.3260096930533118,0.3290151075500309,4
incremental_reoccurring_balanced,829139639,pht_ht,95.0,grid,0.18181818181818182,0.18181818181818182,50.0,50.0,20,2,18,0.1,1.0,2,0.3260096930533118,0.3290151075500309,4
incremental_reoccurring_balanced,877132087,pht_ht,95.0,grid,0.18181818181818182,0.18181818181818182,50.0,50.0,20,2,18,0.1,1.0,2,0.3260096930533118,0.3290151075500309,4
incremental_reoccurring_balanced,911875363,pht_ht,95.0,grid,0.18181818181818182,0.18181818181818182,50.0,50.0,20,2,18,0.1,1.0,2,0.3260096930533118,0.3290151075500309,4
incremental_reoccurring_balanced,1129302214,pht_ht,95.0,grid,0.18181818181818182,0.18181818181818182,50.0,50.0,20,2,18,0.1,1.0,2,0.3260096930533118,0.3290151075500309,4
incremental_reoccurring_balanced,1206282609,pht_ht,95.0,grid,0.18181818181818182,0.18181818181818182,50.0,50.0,20,2,18,0.1,1.0,2,0.3260096930533118,0.3290151075500309,4
incremental_reoccurring_balanced,1244265337,pht_ht,95.0,grid,0.18181818181818182,0.18181818181818182,50.0,50.0,20,2,18,0.1,1.0,2,0.3260096930533118,0.3290151075500309,4
incremental_reoccurring_balanced,1258460216,pht_ht,95.0,grid,0.18181818181818182,0.18181818181818182,50.0,50.0,20,2,18,0.1,1.0,2,0.3260096930533118,0.3290151075500309,4
incremental_reoccurring_balanced,1332204363,pht_ht,95.0,grid,0.18181818181818182,0.18181818181818182,50.0,50.0,20,2,18,0.1,1.0,2,0.3260096930533118,0.3290151075500309,4
incremental_reoccurring_balanced,1337295874,pht_ht,95.0,grid,0.18181818181818182,0.18181818181818182,50.0,50.0,20,2,18,0.1,1.0,2,0.3260096930533118,0.3290151075500309,4
incremental_reoccurring_balanced,1380564739,pht_ht,95.0,grid,0.18181818181818182,0.18181818181818182,50.0,50.0,20,2,18,0.1,1.0,2,0.3260096930533118,0.3290151075500309,4
incremental_reoccurring_balanced,1395586264,pht_ht,95.0,grid,0.18181818181818182,0.18181818181818182,50.0,50.0,20,2,18,0.1,1.0,2,0.3260096930533118,0.3290151075500309,4
incremental_reoccurring_balanced,1496786007,pht_ht,95.0,grid,0.18181818181818182,0.18181818181818182,50.0,50.0,20,2,18,0.1,1.0,2,0.3260096930533118,0.3290151075500309,4
incremental_reoccurring_balanced,1658700540,pht_ht,95.0,grid,0.18181818181818182,0.18181818181818182,50.0,50.0,20,2,18,0.1,1.0,2,0.3260096930533118,0.3290151075500309,4
incremental_reoccurring_balanced,1737489325,pht_ht,95.0,grid,0.18181818181818182,0.18181818181818182,50.0,50.0,20,2,18,0.1,1.0,2,0.3260096930533118,0.3290151075500309,4
incremental_reoccurring_balanced,1870843651,pht_ht,95.0,grid,0.18181818181818182,0.18181818181818182,50.0,50.0,20,2,18,0.1,1.0,2,0.3260096930533118,0.3290151075500309,4
incremental_reoccurring_balanced,1944468667,pht_ht,95.0,grid,0.18181818181818182,0.18181818181818182,50.0,50.0,20,2,18,0.1,1.0,2,0.3260096930533118,0.3290151075500309,4
incremental_reoccurring_balanced,76953952,pht_ht,135.0,grid,0.21052631578947367,0.21052631578947367,243.5,243.5,17,2,15,0.11764705882352941,1.0,2,0.34717285945072696,0.34075294381938337,4
incremental_reoccurring_balanced,110020020,pht_ht,135.0,grid,0.21052631578947367,0.21052631578947367,243.5,243.5,17,2,15,0.11764705882352941,1.0,2,0.34717285945072696,0.34075294381938337,4
incremental_reoccurring_balanced,168388230,pht_ht,135.0,grid,0.21052631578947367,0.21052631578947367,243.5,243.5,17,2,15,0.11764705882352941,1.0,2,0.34717285945072696,0.34075294381938337,4
incremental_reoccurring_balanced,176092387,pht_ht,135.0,grid,0.21052631578947367,0.21052631578947367,243.5,243.5,17,2,15,0.11764705882352941,1.0,2,0.34717285945072696,0.34075294381938337,4
incremental_reoccurring_balanced,176623029,pht_ht,135.0,grid,0.21052631578947367,0.21052631578947367,243.5,243.5,17,2,15,0.11764705882352941,1.0,2,0.34717285945072696,0.34075294381938337,4
incremental_reoccurring_balanced,232150720,pht_ht,135.0,grid,0.21052631578947367,0.21052631578947367,243.5,243.5,17,2,15,0.11764705882352941,1.0,2,0.34717285945072696,0.34075294381938337,4
incremental_reoccurring_balanced,233227757,pht_ht,135.0,grid,0.21052631578947367,0.21052631578947367,243.5,243.5,17,2,15,0.11764705882352941,1.0,2,0.34717285945072696,0.34075294381938337,4
incremental_reoccurring_balanced,398083709,pht_ht,135.0,grid,0.21052631578947367,0.21052631578947367,243.5,243.5,17,2,15,0.11764705882352941,1.0,2,0.34717285945072696,0.34075294381938337,4
incremental_reoccurring_balanced,536987301,pht_ht,135.0,grid,0.21052631578947367,0.21052631578947367,243.5,243.5,17,2,15,0.11764705882352941,1.0,2,0.34717285945072696,0.34075294381938337,4
incremental_reoccurring_balanced,569531098,pht_ht,135.0,grid,0.21052631578947367,0.21052631578947367,243.5,243.5,17,2,15,0.11764705882352941,1.0,2,0.34717285945072696,0.34075294381938337,4
incremental_reoccurring_balanced,570914454,pht_ht,135.0,grid,0.21052631578947367,0.21052631578947367,243.5,243.5,17,2,15,0.11764705882352941,1.0,2,0.34717285945072696,0.34075294381938337,4
incremental_reoccurring_balanced,592703045,pht_ht,135.0,grid,0.21052631578947367,0.21052631578947367,243.5,243.5,17,2,15,0.11764705882352941,1.0,2,0.34717285945072696,0.34075294381938337,4
incremental_reoccurring_balanced,609942288,pht_ht,135.0,grid,0.21052631578947367,0.21052631578947367,243.5,243.5,17,2,15,0.11764705882352941,1.0,2,0.34717285945072696,0.34075294381938337,4
incremental_reoccurring_balanced,612016888,pht_ht,135.0,grid,0.21052631578947367,0.21052631578947367,243.5,243.5,17,2,15,0.11764705882352941,1.0,2,0.34717285945072696,0.34075294381938337,4
incremental_reoccurring_balanced,829139639,pht_ht,135.0,grid,0.21052631578947367,0.21052631578947367,243.5,243.5,17,2,15,0.11764705882352941,1.0,2,0.34717285945072696,0.34075294381938337,4
incremental_reoccurring_balanced,877132087,pht_ht,135.0,grid,0.21052631578947367,0.21052631578947367,243.5,243.5,17,2,15,0.11764705882352941,1.0,2,0.34717285945072696,0.34075294381938337,4
incremental_reoccurring_balanced,911875363,pht_ht,135.0,grid,0.21052631578947367,0.21052631578947367,243.5,243.5,17,2,15,0.11764705882352941,1.0,2,0.34717285945072696,0.34075294381938337,4
incremental_reoccurring_balanced,1129302214,pht_ht,135.0,grid,0.21052631578947367,0.21052631578947367,243.5,243.5,17,2,15,0.11764705882352941,1.0,2,0.34717285945072696,0.34075294381938337,4
incremental_reoccurring_balanced,1206282609,pht_ht,135.0,grid,0.21052631578947367,0.21052631578947367,243.5,243.5,17,2,15,0.11764705882352941,1.0,2,0.34717285945072696,0.34075294381938337,4
incremental_reoccurring_balanced,1244265337,pht_ht,135.0,grid,0.21052631578947367,0.21052631578947367,243.5,243.5,17,2,15,0.11764705882352941,1.0,2,0.34717285945072696,0.34075294381938337,4
incremental_reoccurring_balanced,1258460216,pht_ht,135.0,grid,0.21052631578947367,0.21052631578947367,243.5,243.5,17,2,15,0.11764705882352941,1.0,2,0.34717285945072696,0.34075294381938337,4
incremental_reoccurring_balanced,1332204363,pht_ht,135.0,grid,0.21052631578947367,0.21052631578947367,243.5,243.5,17,2,15,0.11764705882352941,1.0,2,0.34717285945072696,0.34075294381938337,4
incremental_reoccurring_balanced,1337295874,pht_ht,135.0,grid,0.21052631578947367,0.21052631578947367,243.5,243.5,17,2,15,0.11764705882352941,1.0,2,0.34717285945072696,0.34075294381938337,4
incremental_reoccurring_balanced,1380564739,pht_ht,135.0,grid,0.21052631578947367,0.21052631578947367,243.5,243.5,17,2,15,0.11764705882352941,1.0,2,0.34717285945072696,0.34075294381938337,4
incremental_reoccurring_balanced,1395586264,pht_ht,135.0,grid,0.21052631578947367,0.21052631578947367,243.5,243.5,17,2,15,0.11764705882352941,1.0,2,0.34717285945072696,0.34075294381938337,4
incremental_reoccurring_balanced,1496786007,pht_ht,135.0,grid,0.21052631578947367,0.21052631578947367,243.5,243.5,17,2,15,0.11764705882352941,1.0,2,0.34717285945072696,0.34075294381938337,4
incremental_reoccurring_balanced,1658700540,pht_ht,135.0,grid,0.21052631578947367,0.21052631578947367,243.5,243.5,17,2,15,0.11764705882352941,1.0,2,0.34717285945072696,0.34075294381938337,4
incremental_reoccurring_balanced,1737489325,pht_ht,135.0,grid,0.21052631578947367,0.21052631578947367,243.5,243.5,17,2,15,0.11764705882352941,1.0,2,0.34717285945072696,0.34075294381938337,4
incremental_reoccurring_balanced,1870843651,pht_ht,135.0,grid,0.21052631578947367,0.21052631578947367,243.5,243.5,17,2,15,0.11764705882352941,1.0,2,0.34717285945072696,0.34075294381938337,4
incremental_reoccurring_balanced,1944468667,pht_ht,135.0,grid,0.21052631578947367,0.21052631578947367,243.5,243.5,17,2,15,0.11764705882352941,1.0,2,0.34717285945072696,0.34075294381938337,4
incremental_reoccurring_balanced,76953952,pht_ht,182.468515068,lambda_ref,0.3076923076923077,0.3076923076923077,377.0,377.0,11,2,9,0.18181818181818182,1.0,2,0.37926763597199786,0.3574143063069809,2
incremental_reoccurring_balanced,110020020,pht_ht,182.468515068,lambda_ref,0.3076923076923077,0.3076923076923077,377.0,377.0,11,2,9,0.18181818181818182,1.0,2,0.37926763597199786,0.3574143063069809,2
incremental_reoccurring_balanced,168388230,pht_ht,182.468515068,lambda_ref,0.3076923076923077,0.3076923076923077,377.0,377.0,11,2,9,0.18181818181818182,1.0,2,0.37926763597199786,0.3574143063069809,2
incremental_reoccurring_balanced,176092387,pht_ht,182.468515068,lambda_ref,0.3076923076923077,0.3076923076923077,377.0,377.0,11,2,9,0.18181818181818182,1.0,2,0.37926763597199786,0.3574143063069809,2
incremental_reoccurring_balanced,176623029,pht_ht,182.468515068,lambda_ref,0.3076923076923077,0.3076923076923077,377.0,377.0,11,2,9,0.18181818181818182,1.0,2,0.37926763597199786,0.3574143063069809,2
incremental_reoccurring_balanced,232150720,pht_ht,182.468515068,lambda_ref,0.3076923076923077,0.3076923076923077,377.0,377.0,11,2,9,0.18181818181818182,1.0,2,0.37926763597199786,0.3574143063069809,2
incremental_reoccurring_balanced,233227757,pht_ht,182.468515068,lambda_ref,0.3076923076923077,0.3076923076923077,377.0,377.0,11,2,9,0.18181818181818182,1.0,2,0.37926763597199786,0.3574143063069809,2
incremental_reoccurring_balanced,398083709,pht_ht,182.468515068,lambda_ref,0.3076923076923077,0.3076923076923077,377.0,377.0,11,2,9,0.18181818181818182,1.0,2,0.37926763597199786,0.3574143063069809,2
incremental_reoccurring_balanced,536987301,pht_ht,182.468515068,lambda_ref,0.3076923076923077,0.3076923076923077,377.0,377.0,11,2,9,0.18181818181818182,1.0,2,0.37926763597199786,0.3574143063069809,2
incremental_reoccurring_balanced,569531098,pht_ht,182.468515068,lambda_ref,0.3076923076923077,0.3076923076923077,377.0,377.0,11,2,9,0.18181818181818182,1.0,2,0.37926763597199786,0.3574143063069809,2
incremental_reoccurring_balanced,570914454,pht_ht,182.468515068,lambda_ref,0.3076923076923077,0.3076923076923077,377.0,377.0,11,2,9,0.18181818181818182,1.0,2,0.37926763597199786,0.3574143063069809,2
incremental_reoccurring_balanced,592703045,pht_ht,182.468515068,lambda_ref,0.3076923076923077,0.3076923076923077,377.0,377.0,11,2,9,0.18181818181818182,1.0,2,0.37926763597199786,0.3574143063069809,2
incremental_reoccurring_balanced,609942288,pht_ht,182.468515068,lambda_ref,0.3076923076923077,0.3076923076923077,377.0,377.0,11,2,9,0.18181818181818182,1.0,2,0.37926763597199786,0.3574143063069809,2
incremental_reoccurring_balanced,612016888,pht_ht,182.468515068,lambda_ref,0.3076923076923077,0.3076923076923077,377.0,377.0,11,2,9,0.18181818181818182,1.0,2,0.37926763597199786,0.3574143063069809,2
incremental_reoccurring_balanced,829139639,pht_ht,182.468515068,lambda_ref,0.3076923076923077,0.3076923076923077,377.0,377.0,11,2,9,0.18181818181818182,1.0,2,0.37926763597199786,0.3574143063069809,2
incremental_reoccurring_balanced,877132087,pht_ht,182.468515068,lambda_ref,0.3076923076923077,0.3076923076923077,377.0,377.0,11,2,9,0.18181818181818182,1.0,2,0.37926763597199786,0.3574143063069809,2
incremental_reoccurring_balanced,911875363,pht_ht,182.468515068,lambda_ref,0.3076923076923077,0.3076923076923077,377.0,377.0,11,2,9,0.18181818181818182,1.0,2,0.37926763597199786,0.3574143063069809,2
incremental_reoccurring_balanced,1129302214,pht_ht,182.468515068,lambda_ref,0.3076923076923077,0.3076923076923077,377.0,377.0,11,2,9,0.18181818181818182,1.0,2,0.37926763597199786,0.3574143063069809,2
incremental_reoccurring_balanced,1206282609,pht_ht,182.468515068,lambda_ref,0.3076923076923077,0.3076923076923077,377.0,377.0,11,2,9,0.18181818181818182,1.0,2,0.37926763597199786,0.3574143063069809,2
incremental_reoccurring_balanced,1244265337,pht_ht,182.468515068,lambda_ref,0.3076923076923077,0.3076923076923077,377.0,377.0,11,2,9,0.18181818181818182,1.0,2,0.37926763597199786,0.3574143063069809,2
incremental_reoccurring_balanced,1258460216,pht_ht,182.468515068,lambda_ref,0.3076923076923077,0.3076923076923077,377.0,377.0,11,2,9,0.18181818181818182,1.0,2,0.37926763597199786,0.3574143063069809,2
incremental_reoccurring_balanced,1332204363,pht_ht,182.468515068,lambda_ref,0.3076923076923077,0.3076923076923077,377.0,377.0,11,2,9,0.18181818181818182,1.0,2,0.37926763597199786,0.3574143063069809,2
incremental_reoccurring_balanced,1337295874,pht_ht,182.468515068,lambda_ref,0.3076923076923077,0.3076923076923077,377.0,377.0,11,2,9,0.18181818181818182,1.0,2,0.37926763597199786,0.3574143063069809,2
incremental_reoccurring_balanced,1380564739,pht_ht,182.468515068,lambda_ref,0.3076923076923077,0.3076923076923077,377.0,377.0,11,2,9,0.18181818181818182,1.0,2,0.37926763597199786,0.3574143063069809,2
incremental_reoccurring_balanced,1395586264,pht_ht,182.468515068,lambda_ref,0.3076923076923077,0.3076923076923077,377.0,377.0,11,2,9,0.18181818181818182,1.0,2,0.37926763597199786,0.3574143063069809,2
incremental_reoccurring_balanced,1496786007,pht_ht,182.468515068,lambda_ref,0.3076923076923077,0.3076923076923077,377.0,377.0,11,2,9,0.18181818181818182,1.0,2,0.37926763597199786,0.3574143063069809,2
incremental_reoccurring_balanced,1658700540,pht_ht,182.468515068,lambda_ref,0.3076923076923077,0.3076923076923077,377.0,377.0,11,2,9,0.18181818181818182,1.0,2,0.37926763597199786,0.3574143063069809,2
incremental_reoccurring_balanced,1737489325,pht_ht,182.468515068,lambda_ref,0.3076923076923077,0.3076923076923077,377.0,377.0,11,2,9,0.18181818181818182,1.0,2,0.37926763597199786,0.3574143063069809,2
incremental_reoccurring_balanced,1870843651,pht_ht,182.468515068,lambda_ref,0.3076923076923077,0.3076923076923077,377.0,377.0,11,2,9,0.18181818181818182,1.0,2,0.37926763597199786,0.3574143063069809,2
incremental_reoccurring_balanced,1944468667,pht_ht,182.468515068,lambda_ref,0.3076923076923077,0.3076923076923077,377.0,377.0,11,2,9,0.18181818181818182,1.0,2,0.37926763597199786,0.3574143063069809,2
incremental_reoccurring_balanced,76953952,pht_ht,191.285535544,lambda_eq_span,0.3076923076923077,0.3076923076923077,455.0,455.0,11,2,9,0.18181818181818182,1.0,2,0.36122778675282713,0.35645955407454555,3
incremental_reoccurring_balanced,110020020,pht_ht,191.285535544,lambda_eq_span,0.3076923076923077,0.3076923076923077,455.0,455.0,11,2,9,0.18181818181818182,1.0,2,0.36122778675282713,0.35645955407454555,3
incremental_reoccurring_balanced,168388230,pht_ht,191.285535544,lambda_eq_span,0.3076923076923077,0.3076923076923077,455.0,455.0,11,2,9,0.18181818181818182,1.0,2,0.36122778675282713,0.35645955407454555,3
incremental_reoccurring_balanced,176092387,pht_ht,191.285535544,lambda_eq_span,0.3076923076923077,0.3076923076923077,455.0,455.0,11,2,9,0.18181818181818182,1.0,2,0.36122778675282713,0.35645955407454555,3
incremental_reoccurring_balanced,176623029,pht_ht,191.285535544,lambda_eq_span,0.3076923076923077,0.3076923076923077,455.0,455.0,11,2,9,0.18181818181818182,1.0,2,0.36122778675282713,0.35645955407454555,3
incremental_reoccurring_balanced,232150720,pht_ht,191.285535544,lambda_eq_span,0.3076923076923077,0.3076923076923077,455.0,455.0,11,2,9,0.18181818181818182,1.0,2,0.36122778675282713,0.35645955407454555,3
incremental_reoccurring_balanced,233227757,pht_ht,191.285535544,lambda_eq_span,0.3076923076923077,0.3076923076923077,455.0,455.0,11,2,9,0.18181818181818182,1.0,2,0.36122778675282713,0.35645955407454555,3
incremental_reoccurring_balanced,398083709,pht_ht,191.285535544,lambda_eq_span,0.3076923076923077,0.3076923076923077,455.0,455.0,11,2,9,0.18181818181818182,1.0,2,0.36122778675282713,0.35645955407454555,3
incremental_reoccurring_balanced,536987301,pht_ht,191.285535544,lambda_eq_span,0.3076923076923077,0.3076923076923077,455.0,455.0,11,2,9,0.18181818181818182,1.0,2,0.36122778675282713,0.35645955407454555,3
incremental_reoccurring_balanced,569531098,pht_ht,191.285535544,lambda_eq_span,0.3076923076923077,0.3076923076923077,455.0,455.0,11,2,9,0.18181818181818182,1.0,2,0.36122778675282713,0.35645955407454555,3
incremental_reoccurring_balanced,570914454,pht_ht,191.285535544,lambda_eq_span,0.3076923076923077,0.3076923076923077,455.0,455.0,11,2,9,0.18181818181818182,1.0,2,0.36122778675282713,0.35645955407454555,3
incremental_reoccurring_balanced,592703045,pht_ht,191.285535544,lambda_eq_span,0.3076923076923077,0.3076923076923077,455.0,455.0,11,2,9,0.18181818181818182,1.0,2,0.36122778675282713,0.35645955407454555,3
incremental_reoccurring_balanced,609942288,pht_ht,191.285535544,lambda_eq_span,0.3076923076923077,0.3076923076923077,455.0,455.0,11,2,9,0.18181818181818182,1.0,2,0.36122778675282713,0.35645955407454555,3
incremental_reoccurring_balanced,612016888,pht_ht,191.285535544,lambda_eq_span,0.3076923076923077,0.3076923076923077,455.0,455.0,11,2,9,0.18181818181818182,1.0,2,0.36122778675282713,0.35645955407454555,3
incremental_reoccurring_balanced,829139639,pht_ht,191.285535544,lambda_eq_span,0.3076923076923077,0.3076923076923077,455.0,455.0,11,2,9,0.18181818181818182,1.0,2,0.36122778675282713,0.35645955407454555,3
incremental_reoccurring_balanced,877132087,pht_ht,191.285535544,lambda_eq_span,0.3076923076923077,0.3076923076923077,455.0,455.0,11,2,9,0.18181818181818182,1.0,2,0.36122778675282713,0.35645955407454555,3
incremental_reoccurring_balanced,911875363,pht_ht,191.285535544,lambda_eq_span,0.3076923076923077,0.3076923076923077,455.0,455.0,11,2,9,0.18181818181818182,1.0,2,0.36122778675282713,0.35645955407454555,3
incremental_reoccurring_balanced,1129302214,pht_ht,191.285535544,lambda_eq_span,0.3076923076923077,0.3076923076923077,455.0,455.0,11,2,9,0.18181818181818182,1.0,2,0.36122778675282713,0.35645955407454555,3
incremental_reoccurring_balanced,1206282609,pht_ht,191.285535544,lambda_eq_span,0.3076923076923077,0.3076923076923077,455.0,455.0,11,2,9,0.18181818181818182,1.0,2,0.36122778675282713,0.35645955407454555,3
incremental_reoccurring_balanced,1244265337,pht_ht,191.285535544,lambda_eq_span,0.3076923076923077,0.3076923076923077,455.0,455.0,11,2,9,0.18181818181818182,1.0,2,0.36122778675282713,0.35645955407454555,3
incremental_reoccurring_balanced,1258460216,pht_ht,191.285535544,lambda_eq_span,0.3076923076923077,0.3076923076923077,455.0,455.0,11,2,9,0.18181818181818182,1.0,2,0.36122778675282713,0.35645955407454555,3
incremental_reoccurring_balanced,1332204363,pht_ht,191.285535544,lambda_eq_span,0.3076923076923077,0.3076923076923077,455.0,455.0,11,2,9,0.18181818181818182,1.0,2,0.36122778675282713,0.35645955407454555,3
incremental_reoccurring_balanced,1337295874,pht_ht,191.285535544,lambda_eq_span,0.3076923076923077,0.3076923076923077,455.0,455.0,11,2,9,0.18181818181818182,1.0,2,0.36122778675282713,0.35645955407454555,3
incremental_reoccurring_balanced,1380564739,pht_ht,191.285535544,lambda_eq_span,0.3076923076923077,0.3076923076923077,455.0,455.0,11,2,9,0.18181818181818182,1.0,2,0.36122778675282713,0.35645955407454555,3
incremental_reoccurring_balanced,1395586264,pht_ht,191.285535544,lambda_eq_span,0.3076923076923077,0.3076923076923077,455.0,455.0,11,2,9,0.18181818181818182,1.0,2,0.36122778675282713,0.35645955407454555,3
incremental_reoccurring_balanced,1496786007,pht_ht,191.285535544,lambda_eq_span,0.3076923076923077,0.3076923076923077,455.0,455.0,11,2,9,0.18181818181818182,1.0,2,0.36122778675282713,0.35645955407454555,3
incremental_reoccurring_balanced,1658700540,pht_ht,191.285535544,lambda_eq_span,0.3076923076923077,0.3076923076923077,455.0,455.0,11,2,9,0.18181818181818182,1.0,2,0.36122778675282713,0.35645955407454555,3
incremental_reoccurring_balanced,1737489325,pht_ht,191.285535544,lambda_eq_span,0.3076923076923077,0.3076923076923077,455.0,455.0,11,2,9,0.18181818181818182,1.0,2,0.36122778675282713,0.35645955407454555,3
incremental_reoccurring_balanced,1870843651,pht_ht,191.285535544,lambda_eq_span,0.3076923076923077,0.3076923076923077,455.0,455.0,11,2,9,0.18181818181818182,1.0,2,0.36122778675282713,0.35645955407454555,3
incremental_reoccurring_balanced,1944468667,pht_ht,191.285535544,lambda_eq_span,0.3076923076923077,0.3076923076923077,455.0,455.0,11,2,9,0.18181818181818182,1.0,2,0.36122778675282713,0.35645955407454555,3
incremental_reoccurring_balanced,76953952,pht_ht,200.0,grid,0.3076923076923077,0.3076923076923077,498.0,498.0,11,2,9,0.18181818181818182,1.0,2,0.3544426494345719,0.35805080779527115,3
incremental_reoccurring_balanced,110020020,pht_ht,200.0,grid,0.3076923076923077,0.3076923076923077,498.0,498.0,11,2,9,0.18181818181818182,1.0,2,0.3544426494345719,0.35805080779527115,3
incremental_reoccurring_balanced,168388230,pht_ht,200.0,grid,0.3076923076923077,0.3076923076923077,498.0,498.0,11,2,9,0.18181818181818182,1.0,2,0.3544426494345719,0.35805080779527115,3
incremental_reoccurring_balanced,176092387,pht_ht,200.0,grid,0.3076923076923077,0.3076923076923077,498.0,498.0,11,2,9,0.18181818181818182,1.0,2,0.3544426494345719,0.35805080779527115,3
incremental_reoccurring_balanced,176623029,pht_ht,200.0,grid,0.3076923076923077,0.3076923076923077,498.0,498.0,11,2,9,0.18181818181818182,1.0,2,0.3544426494345719,0.35805080779527115,3
incremental_reoccurring_balanced,232150720,pht_ht,200.0,grid,0.3076923076923077,0.3076923076923077,498.0,498.0,11,2,9,0.18181818181818182,1.0,2,0.3544426494345719,0.35805080779527115,3
incremental_reoccurring_balanced,233227757,pht_ht,200.0,grid,0.3076923076923077,0.3076923076923077,498.0,498.0,11,2,9,0.18181818181818182,1.0,2,0.3544426494345719,0.35805080779527115,3
incremental_reoccurring_balanced,398083709,pht_ht,200.0,grid,0.3076923076923077,0.3076923076923077,498.0,498.0,11,2,9,0.18181818181818182,1.0,2,0.3544426494345719,0.35805080779527115,3
incremental_reoccurring_balanced,536987301,pht_ht,200.0,grid,0.3076923076923077,0.3076923076923077,498.0,498.0,11,2,9,0.18181818181818182,1.0,2,0.3544426494345719,0.35805080779527115,3
incremental_reoccurring_balanced,569531098,pht_ht,200.0,grid,0.3076923076923077,0.3076923076923077,498.0,498.0,11,2,9,0.18181818181818182,1.0,2,0.3544426494345719,0.35805080779527115,3
incremental_reoccurring_balanced,570914454,pht_ht,200.0,grid,0.3076923076923077,0.3076923076923077,498.0,498.0,11,2,9,0.18181818181818182,1.0,2,0.3544426494345719,0.35805080779527115,3
incremental_reoccurring_balanced,592703045,pht_ht,200.0,grid,0.3076923076923077,0.3076923076923077,498.0,498.0,11,2,9,0.18181818181818182,1.0,2,0.3544426494345719,0.35805080779527115,3
incremental_reoccurring_balanced,609942288,pht_ht,200.0,grid,0.3076923076923077,0.3076923076923077,498.0,498.0,11,2,9,0.18181818181818182,1.0,2,0.3544426494345719,0.35805080779527115,3
incremental_reoccurring_balanced,612016888,pht_ht,200.0,grid,0.3076923076923077,0.3076923076923077,498.0,498.0,11,2,9,0.18181818181818182,1.0,2,0.3544426494345719,0.35805080779527115,3
incremental_reoccurring_balanced,829139639,pht_ht,200.0,grid,0.3076923076923077,0.3076923076923077,498.0,498.0,11,2,9,0.18181818181818182,1.0,2,0.3544426494345719,0.35805080779527115,3
incremental_reoccurring_balanced,877132087,pht_ht,200.0,grid,0.3076923076923077,0.3076923076923077,498.0,498.0,11,2,9,0.18181818181818182,1.0,2,0.3544426494345719,0.35805080779527115,3
incremental_reoccurring_balanced,911875363,pht_ht,200.0,grid,0.3076923076923077,0.3076923076923077,498.0,498.0,11,2,9,0.18181818181818182,1.0,2,0.3544426494345719,0.35805080779527115,3
incremental_reoccurring_balanced,1129302214,pht_ht,200.0,grid,0.3076923076923077,0.3076923076923077,498.0,498.0,11,2,9,0.18181818181818182,1.0,2,0.3544426494345719,0.35805080779527115,3
incremental_reoccurring_balanced,1206282609,pht_ht,200.0,grid,0.3076923076923077,0.3076923076923077,498.0,498.0,11,2,9,0.18181818181818182,1.0,2,0.3544426494345719,0.35805080779527115,3
incremental_reoccurring_balanced,1244265337,pht_ht,200.0,grid,0.3076923076923077,0.3076923076923077,498.0,498.0,11,2,9,0.18181818181818182,1.0,2,0.3544426494345719,0.35805080779527115,3
incremental_reoccurring_balanced,1258460216,pht_ht,200.0,grid,0.3076923076923077,0.3076923076923077,498.0,498.0,11,2,9,0.18181818181818182,1.0,2,0.3544426494345719,0.35805080779527115,3
incremental_reoccurring_balanced,1332204363,pht_ht,200.0,grid,0.3076923076923077,0.3076923076923077,498.0,498.0,11,2,9,0.18181818181818182,1.0,2,0.3544426494345719,0.35805080779527115,3
incremental_reoccurring_balanced,1337295874,pht_ht,200.0,grid,0.3076923076923077,0.3076923076923077,498.0,498.0,11,2,9,0.18181818181818182,1.0,2,0.3544426494345719,0.35805080779527115,3
incremental_reoccurring_balanced,1380564739,pht_ht,200.0,grid,0.3076923076923077,0.3076923076923077,498.0,498.0,11,2,9,0.18181818181818182,1.0,2,0.3544426494345719,0.35805080779527115,3
incremental_reoccurring_balanced,1395586264,pht_ht,200.0,grid,0.3076923076923077,0.3076923076923077,498.0,498.0,11,2,9,0.18181818181818182,1.0,2,0.3544426494345719,0.35805080779527115,3
incremental_reoccurring_balanced,1496786007,pht_ht,200.0,grid,0.3076923076923077,0.3076923076923077,498.0,498.0,11,2,9,0.18181818181818182,1.0,2,0.3544426494345719,0.35805080779527115,3
incremental_reoccurring_balanced,1658700540,pht_ht,200.0,grid,0.3076923076923077,0.3076923076923077,498.0,498.0,11,2,9,0.18181818181818182,1.0,2,0.3544426494345719,0.35805080779527115,3
incremental_reoccurring_balanced,1737489325,pht_ht,200.0,grid,0.3076923076923077,0.3076923076923077,498.0,498.0,11,2,9,0.18181818181818182,1.0,2,0.3544426494345719,0.35805080779527115,3
incremental_reoccurring_balanced,1870843651,pht_ht,200.0,grid,0.3076923076923077,0.3076923076923077,498.0,498.0,11,2,9,0.18181818181818182,1.0,2,0.3544426494345719,0.35805080779527115,3
incremental_reoccurring_balanced,1944468667,pht_ht,200.0,grid,0.3076923076923077,0.3076923076923077,498.0,498.0,11,2,9,0.18181818181818182,1.0,2,0.3544426494345719,0.35805080779527115,3
