boundary_shift,seed,delta_e,tau_hat,tau_det,n_swaps_post,n_warnings_post
0.1,1,0.06200000000000001,117.0,,4,4
0.1,2,-0.006000000000000005,2288.0,,1,1
0.1,3,-0.04599999999999999,876.0,671.0,1,1
0.1,4,0.021999999999999992,1600.0,1663.0,1,1
0.1,5,-0.0040000000000000036,806.0,63.0,1,1
0.1,6,0.052000000000000005,280.0,,1,1
0.1,7,-0.003999999999999997,2128.0,2175.0,1,1
0.1,8,-0.0059999999999999915,2175.0,799.0,1,1
0.1,9,-0.0059999999999999915,1823.0,1951.0,1,1
0.1,10,-0.02599999999999998,1309.0,1407.0,1,1
0.1,11,-0.03,703.0,799.0,1,1
0.1,12,0.02600000000000001,376.0,2015.0,3,3
0.1,13,-0.016,2564.0,1727.0,1,1
0.1,14,-0.007999999999999993,1239.0,,1,1
0.1,15,-0.017999999999999995,970.0,287.0,1,1
0.1,16,-0.018000000000000002,2103.0,1695.0,1,1
0.1,17,0.0040000000000000036,2187.0,895.0,1,1
0.1,18,0.001999999999999988,3242.0,1407.0,1,1
0.1,19,0.038000000000000006,1383.0,3519.0,1,1
0.1,20,-0.006000000000000005,1170.0,,3,3
0.1,21,-0.025999999999999995,2207.0,1951.0,1,1
0.1,22,-0.042,1550.0,703.0,1,1
0.1,23,0.09000000000000001,1273.0,2367.0,1,1
0.1,24,-0.0040000000000000036,1901.0,2015.0,1,1
0.1,25,-0.024000000000000007,1193.0,991.0,1,1
0.1,26,0.018000000000000002,1094.0,959.0,1,1
0.1,27,0.010000000000000002,685.0,3039.0,2,2
0.1,28,0.013999999999999999,1398.0,,1,1
0.1,29,0.0020000000000000018,3071.0,3135.0,1,1
0.1,30,-0.03599999999999999,1920.0,,2,2
0.1,31,0.094,166.0,287.0,1,1
0.1,32,0.012000000000000004,2653.0,2719.0,1,1
0.1,33,0.12199999999999998,894.0,63.0,1,1
0.1,34,0.055999999999999994,4.0,2719.0,2,2
0.1,35,-0.05200000000000002,706.0,287.0,1,1
0.1,36,0.011999999999999997,164.0,2111.0,1,1
0.1,37,-0.005999999999999998,,703.0,0,0
0.1,38,0.0,1239.0,,2,2
0.1,39,0.076,720.0,31.0,1,1
0.1,40,-0.03200000000000001,1984.0,735.0,1,1
0.1,41,-0.05200000000000002,641.0,2015.0,1,1
0.1,42,-0.06,788.0,1631.0,1,1
0.1,43,-0.023999999999999994,2462.0,2111.0,1,1
0.1,44,-0.024000000000000007,2149.0,2207.0,1,1
0.1,45,-0.0040000000000000036,1287.0,1343.0,1,1
0.1,46,-0.055999999999999994,286.0,831.0,1,1
0.1,47,0.0040000000000000036,3321.0,,1,1
0.1,48,-0.017999999999999995,2923.0,,2,2
0.1,49,0.10200000000000001,52.0,127.0,2,2
0.1,50,0.031999999999999994,275.0,3999.0,1,1
0.1,51,-0.060000000000000005,3774.0,95.0,1,1
0.1,52,0.0040000000000000036,18.0,,2,2
0.1,53,0.03599999999999999,,3615.0,0,0
0.1,54,-0.008,577.0,447.0,1,1
0.1,55,-0.017999999999999988,745.0,2847.0,2,2
0.1,56,-0.027999999999999997,484.0,1919.0,2,2
0.1,57,-0.052000000000000005,953.0,95.0,1,1
0.1,58,0.012000000000000004,1379.0,1535.0,1,1
0.1,59,-0.052000000000000005,1698.0,191.0,1,1
0.1,60,-0.025999999999999995,720.0,863.0,1,1
0.1,61,-0.011999999999999997,1686.0,575.0,1,1
0.1,62,-0.07200000000000001,595.0,1471.0,1,1
0.1,63,-0.048,1855.0,1951.0,1,1
0.1,64,-0.00399999999999999,1149.0,703.0,1,1
0.1,65,0.076,229.0,383.0,1,1
0.1,66,-0.020000000000000004,893.0,2047.0,1,1
0.1,67,-0.0020000000000000018,712.0,,3,3
0.1,68,0.049999999999999996,323.0,,1,1
0.1,69,0.006000000000000005,1914.0,703.0,1,1
0.1,70,-0.054000000000000006,298.0,1503.0,1,1
0.1,71,-0.008000000000000007,87.0,511.0,1,1
0.1,72,-0.018000000000000002,957.0,,2,2
0.1,73,0.15800000000000003,408.0,63.0,1,1
0.1,74,-0.066,1794.0,2335.0,1,1
0.1,75,-0.0040000000000000036,3469.0,3615.0,1,1
0.1,76,0.02,3034.0,3103.0,1,1
0.1,77,-0.04000000000000001,1687.0,1855.0,1,1
0.1,78,-0.005999999999999998,2359.0,2431.0,1,1
0.1,79,0.013999999999999999,1052.0,575.0,1,1
0.1,80,0.006000000000000005,2055.0,2111.0,1,1
0.1,81,0.07599999999999998,38.0,1215.0,2,2
0.1,82,-0.0020000000000000018,475.0,127.0,1,1
0.1,83,-0.05399999999999999,1075.0,,4,4
0.1,84,0.07799999999999999,230.0,351.0,1,1
0.1,85,-0.013999999999999999,751.0,863.0,1,1
0.1,86,-0.016,1211.0,671.0,1,1
0.1,87,0.10399999999999998,252.0,319.0,1,1
0.1,88,0.010000000000000009,956.0,3135.0,2,2
0.1,89,-0.0059999999999999915,1169.0,1215.0,1,1
0.1,90,0.015999999999999993,,,0,0
0.1,91,-0.02,2221.0,63.0,1,1
0.1,92,0.011999999999999997,1640.0,991.0,1,1
0.1,93,-0.036000000000000004,775.0,575.0,1,1
0.1,94,-0.010000000000000009,2047.0,,1,1
0.1,95,0.010000000000000002,2932.0,3167.0,1,1
0.1,96,0.10800000000000001,654.0,31.0,1,1
0.1,97,-0.016,1588.0,1631.0,1,1
0.1,98,-0.020000000000000004,1454.0,3071.0,1,1
0.1,99,0.05600000000000001,51.0,959.0,1,1
0.1,100,-0.010000000000000002,1016.0,735.0,1,1
0.30526315789473685,1,0.046,1903.0,,1,1
0.30526315789473685,2,0.027999999999999997,2154.0,2367.0,1,1
0.30526315789473685,3,0.008000000000000007,1894.0,1887.0,1,1
0.30526315789473685,4,0.05399999999999999,3686.0,3775.0,1,1
0.30526315789473685,5,0.0020000000000000018,1418.0,95.0,1,1
0.30526315789473685,6,0.046,,,0,0
0.30526315789473685,7,0.036000000000000004,,,0,0
0.30526315789473685,8,0.024000000000000007,2336.0,1471.0,1,1
0.30526315789473685,9,0.01200000000000001,2049.0,2111.0,1,1
0.30526315789473685,10,-0.009999999999999981,1398.0,,2,2
0.30526315789473685,11,0.0020000000000000018,1157.0,1279.0,1,1
0.30526315789473685,12,0.0059999999999999915,411.0,2079.0,1,1
0.30526315789473685,13,0.01200000000000001,2616.0,2463.0,1,1
0.30526315789473685,14,-0.0059999999999999915,1662.0,1791.0,1,1
0.30526315789473685,15,0.008000000000000007,2430.0,735.0,1,1
0.30526315789473685,16,-0.032,899.0,3103.0,3,3
0.30526315789473685,17,0.038,2744.0,2015.0,1,1
0.30526315789473685,18,0.0,2999.0,1471.0,1,1
0.30526315789473685,19,0.034,1377.0,1759.0,1,1
0.30526315789473685,20,-0.024000000000000007,1005.0,2271.0,1,1
0.30526315789473685,21,0.011999999999999997,2620.0,2559.0,1,1
0.30526315789473685,22,-0.009999999999999995,1838.0,1087.0,1,1
0.30526315789473685,23,0.05600000000000001,628.0,2079.0,1,1
0.30526315789473685,24,0.022,2989.0,,1,1
0.30526315789473685,25,-0.011999999999999997,1853.0,1471.0,1,1
0.30526315789473685,26,0.05399999999999999,1348.0,1631.0,1,1
0.30526315789473685,27,0.064,1812.0,,1,1
0.30526315789473685,28,0.055999999999999994,,,0,0
0.30526315789473685,29,0.027999999999999997,,,0,0
0.30526315789473685,30,-0.039999999999999994,1810.0,,1,1
0.30526315789473685,31,0.04,3564.0,3615.0,1,1
0.30526315789473685,32,0.033999999999999996,3986.0,,1,1
0.30526315789473685,33,0.09399999999999999,667.0,63.0,1,1
0.30526315789473685,34,0.046,4.0,1983.0,1,1
0.30526315789473685,35,-0.054000000000000006,716.0,351.0,1,1
0.30526315789473685,36,0.04000000000000001,266.0,1919.0,1,1
0.30526315789473685,37,0.034,3824.0,2879.0,1,1
0.30526315789473685,38,0.044,,,0,0
0.30526315789473685,39,0.09200000000000001,1023.0,95.0,1,1
0.30526315789473685,40,-0.013999999999999999,3062.0,1599.0,1,1
0.30526315789473685,41,-0.05200000000000002,699.0,1855.0,1,1
0.30526315789473685,42,-0.06,902.0,895.0,1,1
0.30526315789473685,43,-0.03799999999999999,1943.0,1535.0,1,1
0.30526315789473685,44,-0.006000000000000005,1253.0,159.0,1,1
0.30526315789473685,45,0.03799999999999999,,,0,0
0.30526315789473685,46,-0.05399999999999999,388.0,1727.0,1,1
0.30526315789473685,47,0.016,2295.0,,2,2
0.30526315789473685,48,0.02600000000000001,3612.0,3679.0,1,1
0.30526315789473685,49,0.032,2191.0,2239.0,1,1
0.30526315789473685,50,0.029999999999999992,1434.0,1311.0,1,1
0.30526315789473685,51,-0.034,2509.0,95.0,1,1
0.30526315789473685,52,0.01200000000000001,18.0,3999.0,5,5
0.30526315789473685,53,0.039999999999999994,1664.0,3679.0,1,1
0.30526315789473685,54,0.021999999999999992,,2719.0,0,0
0.30526315789473685,55,0.01200000000000001,1476.0,,2,2
0.30526315789473685,56,-0.020000000000000004,692.0,927.0,1,1
0.30526315789473685,57,-0.022000000000000006,1458.0,1215.0,1,1
0.30526315789473685,58,0.047999999999999994,2077.0,2175.0,1,1
0.30526315789473685,59,-0.02600000000000001,1177.0,415.0,1,1
0.30526315789473685,60,0.0020000000000000018,1229.0,1407.0,1,1
0.30526315789473685,61,0.030000000000000006,2621.0,1759.0,1,1
0.30526315789473685,62,-0.064,780.0,2431.0,1,1
0.30526315789473685,63,-0.03,2346.0,2591.0,1,1
0.30526315789473685,64,0.022000000000000006,1954.0,1279.0,1,1
0.30526315789473685,65,0.0,1324.0,,2,2
0.30526315789473685,66,0.034,1891.0,1855.0,1,1
0.30526315789473685,67,0.025999999999999995,1344.0,1439.0,1,1
0.30526315789473685,68,0.042,1128.0,,2,2
0.30526315789473685,69,0.018000000000000002,2222.0,991.0,1,1
0.30526315789473685,70,-0.048,1027.0,2047.0,1,1
0.30526315789473685,71,0.0040000000000000036,821.0,3935.0,3,3
0.30526315789473685,72,0.020000000000000004,,,0,0
0.30526315789473685,73,0.132,299.0,63.0,1,1
0.30526315789473685,74,-0.038000000000000006,2035.0,2079.0,1,1
0.30526315789473685,75,0.011999999999999997,,,0,0
0.30526315789473685,76,0.064,,,0,0
0.30526315789473685,77,-0.016,1608.0,3999.0,1,1
0.30526315789473685,78,0.04,,,0,0
0.30526315789473685,79,0.044,1783.0,1599.0,1,1
0.30526315789473685,80,0.054000000000000006,422.0,95.0,1,1
0.30526315789473685,81,0.064,237.0,1919.0,2,2
0.30526315789473685,82,0.007999999999999993,746.0,255.0,1,1
0.30526315789473685,83,-0.03,1557.0,2623.0,1,1
0.30526315789473685,84,0.066,1228.0,2847.0,2,2
0.30526315789473685,85,0.042,1877.0,1919.0,1,1
0.30526315789473685,86,0.016,2515.0,1663.0,1,1
0.30526315789473685,87,0.05999999999999999,,,0,0
0.30526315789473685,88,0.038000000000000006,1147.0,1343.0,1,1
0.30526315789473685,89,0.02600000000000001,2599.0,,1,1
0.30526315789473685,90,0.052,3626.0,3679.0,1,1
0.30526315789473685,91,0.024000000000000007,,95.0,0,0
0.30526315789473685,92,0.062,3901.0,3743.0,1,1
0.30526315789473685,93,0.007999999999999993,1945.0,1215.0,1,1
0.30526315789473685,94,0.013999999999999999,968.0,2207.0,1,1
0.30526315789473685,95,0.068,3535.0,3583.0,1,1
0.30526315789473685,96,0.13,1697.0,191.0,1,1
0.30526315789473685,97,0.018000000000000002,3717.0,3807.0,1,1
0.30526315789473685,98,0.008000000000000007,2248.0,3199.0,1,1
0.30526315789473685,99,0.112,51.0,2303.0,2,2
0.30526315789473685,100,0.034,3380.0,3231.0,1,1
0.5105263157894737,1,0.036000000000000004,1397.0,,3,3
0.5105263157894737,2,0.043999999999999984,1581.0,,2,2
0.5105263157894737,3,0.032,2851.0,2719.0,1,1
0.5105263157894737,4,0.07999999999999999,,,0,0
0.5105263157894737,5,0.02400000000000002,1046.0,63.0,1,1
0.5105263157894737,6,0.086,937.0,959.0,1,1
0.5105263157894737,7,0.07200000000000001,555.0,575.0,1,1
0.5105263157894737,8,0.036000000000000004,1396.0,1215.0,1,1
0.5105263157894737,9,0.04600000000000001,1529.0,,2,2
0.5105263157894737,10,0.0040000000000000036,1256.0,,3,3
0.5105263157894737,11,0.013999999999999999,1181.0,1311.0,1,1
0.5105263157894737,12,0.013999999999999999,533.0,1151.0,1,1
0.5105263157894737,13,0.048000000000000015,2443.0,2431.0,1,1
0.5105263157894737,14,0.0,1794.0,,2,2
0.5105263157894737,15,0.05,2232.0,1663.0,1,1
0.5105263157894737,16,-0.008000000000000007,896.0,3647.0,2,2
0.5105263157894737,17,0.17200000000000001,248.0,255.0,1,1
0.5105263157894737,18,0.04199999999999998,1446.0,1343.0,1,1
0.5105263157894737,19,0.011999999999999997,2733.0,,1,1
0.5105263157894737,20,-0.022000000000000006,1606.0,1535.0,1,1
0.5105263157894737,21,0.055999999999999994,1669.0,,2,2
0.5105263157894737,22,0.016,1599.0,1407.0,1,1
0.5105263157894737,23,0.044,717.0,1695.0,1,1
0.5105263157894737,24,0.047999999999999994,2537.0,2655.0,1,1
0.5105263157894737,25,0.036000000000000004,1844.0,1727.0,1,1
0.5105263157894737,26,0.006000000000000005,2014.0,1439.0,1,1
0.5105263157894737,27,0.068,2771.0,2751.0,1,1
0.5105263157894737,28,0.08,3780.0,767.0,1,1
0.5105263157894737,29,0.08600000000000001,445.0,447.0,1,1
0.5105263157894737,30,-0.041999999999999996,1539.0,3647.0,2,2
0.5105263157894737,31,0.10200000000000001,197.0,223.0,1,1
0.5105263157894737,32,0.09,621.0,639.0,1,1
0.5105263157894737,33,0.084,521.0,63.0,1,1
0.5105263157894737,34,0.07799999999999999,4.0,,3,3
0.5105263157894737,35,-0.048000000000000015,789.0,383.0,1,1
0.5105263157894737,36,0.04799999999999999,348.0,,4,4
0.5105263157894737,37,0.07800000000000001,2234.0,2207.0,1,1
0.5105263157894737,38,0.14200000000000002,286.0,287.0,1,1
0.5105263157894737,39,0.104,1467.0,95.0,1,1
0.5105263157894737,40,0.013999999999999999,1774.0,1407.0,1,1
0.5105263157894737,41,-0.04400000000000001,772.0,2879.0,2,2
0.5105263157894737,42,-0.014000000000000012,1002.0,1631.0,1,1
0.5105263157894737,43,-0.020000000000000004,1733.0,1599.0,1,1
0.5105263157894737,44,0.0059999999999999915,1945.0,127.0,1,1
0.5105263157894737,45,0.128,314.0,191.0,1,1
0.5105263157894737,46,-0.03,1238.0,3135.0,3,3
0.5105263157894737,47,0.04200000000000001,2809.0,,1,1
0.5105263157894737,48,0.052000000000000005,2758.0,2847.0,1,1
0.5105263157894737,49,0.07400000000000001,2408.0,3647.0,1,1
0.5105263157894737,50,0.049999999999999996,2244.0,2015.0,1,1
0.5105263157894737,51,-0.006000000000000005,2001.0,191.0,1,1
0.5105263157894737,52,-0.011999999999999997,18.0,2239.0,2,2
0.5105263157894737,53,0.062,1334.0,,2,2
0.5105263157894737,54,0.078,3986.0,3871.0,1,1
0.5105263157894737,55,-0.009999999999999995,939.0,1759.0,2,2
0.5105263157894737,56,0.020000000000000004,1410.0,2751.0,2,2
0.5105263157894737,57,-0.006000000000000005,1432.0,1247.0,1,1
0.5105263157894737,58,0.098,3654.0,255.0,1,1
0.5105263157894737,59,-0.010000000000000009,3749.0,2111.0,1,1
0.5105263157894737,60,0.04400000000000001,978.0,3103.0,2,2
0.5105263157894737,61,0.058,2813.0,2623.0,1,1
0.5105263157894737,62,-0.048,635.0,2111.0,1,1
0.5105263157894737,63,-0.009999999999999995,912.0,1727.0,2,2
0.5105263157894737,64,0.014000000000000012,1678.0,1023.0,1,1
0.5105263157894737,65,0.034,1596.0,3231.0,2,2
0.5105263157894737,66,0.04799999999999999,1631.0,2879.0,1,1
0.5105263157894737,67,0.05199999999999999,2872.0,,1,1
0.5105263157894737,68,0.09,2367.0,2431.0,1,1
0.5105263157894737,69,0.06000000000000001,1860.0,1343.0,1,1
0.5105263157894737,70,-0.034,1044.0,2783.0,1,1
0.5105263157894737,71,0.023999999999999994,1191.0,2335.0,2,2
0.5105263157894737,72,0.05800000000000001,2321.0,2591.0,1,1
0.5105263157894737,73,0.06600000000000002,667.0,191.0,1,1
0.5105263157894737,74,-0.024000000000000007,1800.0,1887.0,1,1
0.5105263157894737,75,0.08800000000000001,212.0,223.0,1,1
0.5105263157894737,76,0.13,271.0,287.0,1,1
0.5105263157894737,77,0.008000000000000007,1984.0,3199.0,1,1
0.5105263157894737,78,0.094,499.0,479.0,1,1
0.5105263157894737,79,0.064,2185.0,1599.0,1,1
0.5105263157894737,80,0.062,891.0,31.0,1,1
0.5105263157894737,81,0.05399999999999999,1053.0,3167.0,2,2
0.5105263157894737,82,0.04400000000000001,1188.0,575.0,1,1
0.5105263157894737,83,0.018000000000000016,1254.0,1919.0,1,1
0.5105263157894737,84,0.07799999999999999,1894.0,3263.0,1,1
0.5105263157894737,85,0.07600000000000001,2257.0,2303.0,1,1
0.5105263157894737,86,0.036000000000000004,1634.0,1439.0,1,1
0.5105263157894737,87,0.13799999999999998,219.0,223.0,1,1
0.5105263157894737,88,0.04000000000000001,1323.0,2943.0,1,1
0.5105263157894737,89,0.036000000000000004,2041.0,,1,1
0.5105263157894737,90,0.098,456.0,479.0,1,1
0.5105263157894737,91,0.08,538.0,575.0,1,1
0.5105263157894737,92,0.116,330.0,351.0,1,1
0.5105263157894737,93,0.032,2454.0,2303.0,1,1
0.5105263157894737,94,0.009999999999999995,1327.0,2463.0,1,1
0.5105263157894737,95,0.132,240.0,159.0,1,1
0.5105263157894737,96,0.078,1823.0,2335.0,1,1
0.5105263157894737,97,0.062,2911.0,2367.0,1,1
0.5105263157894737,98,0.017999999999999988,1250.0,,3,3
0.5105263157894737,99,0.025999999999999995,624.0,1343.0,1,1
0.5105263157894737,100,0.082,2878.0,735.0,1,1
0.7157894736842105,1,0.06799999999999999,1364.0,3711.0,3,3
0.7157894736842105,2,0.07399999999999998,1423.0,3135.0,1,1
0.7157894736842105,3,0.06,2096.0,2047.0,1,1
0.7157894736842105,4,0.13999999999999999,152.0,159.0,1,1
0.7157894736842105,5,0.008000000000000007,906.0,63.0,1,1
0.7157894736842105,6,0.172,330.0,351.0,1,1
0.7157894736842105,7,0.08,142.0,159.0,1,1
0.7157894736842105,8,0.057999999999999996,1284.0,1279.0,1,1
0.7157894736842105,9,0.05200000000000002,1599.0,1631.0,1,1
0.7157894736842105,10,0.038000000000000006,1045.0,2271.0,1,1
0.7157894736842105,11,0.05399999999999999,1256.0,127.0,1,1
0.7157894736842105,12,0.046,618.0,2495.0,3,3
0.7157894736842105,13,0.07400000000000001,2955.0,,1,1
0.7157894736842105,14,0.014000000000000012,1034.0,1151.0,1,1
0.7157894736842105,15,0.06999999999999999,1493.0,1439.0,1,1
0.7157894736842105,16,0.03,1053.0,2303.0,1,1
0.7157894736842105,17,0.122,215.0,223.0,1,1
0.7157894736842105,18,0.021999999999999992,605.0,2303.0,2,2
0.7157894736842105,19,0.022000000000000006,1826.0,3583.0,2,2
0.7157894736842105,20,0.013999999999999985,363.0,2623.0,3,3
0.7157894736842105,21,0.07600000000000001,2017.0,,2,2
0.7157894736842105,22,0.034,1858.0,1823.0,1,1
0.7157894736842105,23,0.027999999999999997,568.0,1759.0,1,1
0.7157894736842105,24,0.088,3234.0,3295.0,1,1
0.7157894736842105,25,0.064,1361.0,3743.0,2,2
0.7157894736842105,26,0.009999999999999995,1520.0,1279.0,1,1
0.7157894736842105,27,0.11600000000000002,150.0,127.0,1,1
0.7157894736842105,28,0.14,206.0,191.0,1,1
0.7157894736842105,29,0.12200000000000001,399.0,383.0,1,1
0.7157894736842105,30,-0.025999999999999995,785.0,2463.0,1,1
0.7157894736842105,31,0.10600000000000001,123.0,127.0,1,1
0.7157894736842105,32,0.10799999999999998,185.0,191.0,1,1
0.7157894736842105,33,0.05,560.0,63.0,1,1
0.7157894736842105,34,0.057999999999999996,4.0,2655.0,3,3
0.7157894736842105,35,-0.014000000000000012,1157.0,671.0,1,1
0.7157894736842105,36,0.055999999999999994,336.0,1599.0,2,2
0.7157894736842105,37,0.10200000000000001,97.0,127.0,1,1
0.7157894736842105,38,0.11399999999999999,221.0,223.0,1,1
0.7157894736842105,39,0.074,911.0,95.0,1,1
0.7157894736842105,40,0.027999999999999997,1483.0,1407.0,1,1
0.7157894736842105,41,-0.032,828.0,1631.0,1,1
0.7157894736842105,42,0.006000000000000005,1226.0,2559.0,2,2
0.7157894736842105,43,-0.013999999999999999,708.0,2015.0,2,2
0.7157894736842105,44,0.045999999999999985,980.0,63.0,1,1
0.7157894736842105,45,0.074,116.0,127.0,1,1
0.7157894736842105,46,-0.021999999999999992,1302.0,2431.0,1,1
0.7157894736842105,47,0.068,2345.0,3935.0,1,1
0.7157894736842105,48,0.06600000000000002,137.0,127.0,1,1
0.7157894736842105,49,0.10200000000000001,204.0,223.0,1,1
0.7157894736842105,50,0.10200000000000001,2051.0,3647.0,1,1
0.7157894736842105,51,0.017999999999999988,1556.0,543.0,1,1
0.7157894736842105,52,0.046,1852.0,2879.0,2,2
0.7157894736842105,53,0.013999999999999999,1792.0,1535.0,1,1
0.7157894736842105,54,0.134,338.0,351.0,1,1
0.7157894736842105,55,0.0020000000000000018,616.0,1727.0,1,1
0.7157894736842105,56,0.05,2236.0,,1,1
0.7157894736842105,57,0.0020000000000000018,1723.0,1439.0,1,1
0.7157894736842105,58,0.14200000000000002,199.0,95.0,1,1
0.7157894736842105,59,0.013999999999999999,1157.0,1087.0,1,1
0.7157894736842105,60,0.068,1551.0,1631.0,1,1
0.7157894736842105,61,0.096,2031.0,1919.0,1,1
0.7157894736842105,62,-0.016000000000000014,756.0,2015.0,1,1
0.7157894736842105,63,0.025999999999999995,1098.0,159.0,1,1
0.7157894736842105,64,0.055999999999999994,1573.0,1439.0,1,1
0.7157894736842105,65,0.06399999999999999,2162.0,3359.0,1,1
0.7157894736842105,66,0.07400000000000001,1408.0,1471.0,1,1
0.7157894736842105,67,0.1,1738.0,1727.0,1,1
0.7157894736842105,68,0.128,2508.0,223.0,1,1
0.7157894736842105,69,0.084,1588.0,1503.0,1,1
0.7157894736842105,70,-0.03,684.0,63.0,1,1
0.7157894736842105,71,0.046,1598.0,2303.0,1,1
0.7157894736842105,72,0.09599999999999999,1692.0,191.0,1,1
0.7157894736842105,73,0.106,710.0,95.0,1,1
0.7157894736842105,74,0.016,2213.0,,1,1
0.7157894736842105,75,0.09999999999999999,119.0,127.0,1,1
0.7157894736842105,76,0.126,76.0,95.0,1,1
0.7157894736842105,77,0.025999999999999995,1471.0,1599.0,1,1
0.7157894736842105,78,0.15,219.0,191.0,1,1
0.7157894736842105,79,0.064,1381.0,1311.0,1,1
0.7157894736842105,80,0.07999999999999999,548.0,31.0,1,1
0.7157894736842105,81,0.088,1980.0,2047.0,1,1
0.7157894736842105,82,0.057999999999999996,1083.0,703.0,1,1
0.7157894736842105,83,0.021999999999999992,1614.0,2367.0,1,1
0.7157894736842105,84,0.096,2053.0,2047.0,1,1
0.7157894736842105,85,0.11000000000000001,2756.0,,1,1
0.7157894736842105,86,0.055999999999999994,1715.0,1439.0,1,1
0.7157894736842105,87,0.11199999999999999,135.0,159.0,1,1
0.7157894736842105,88,0.05400000000000002,999.0,2047.0,1,1
0.7157894736842105,89,0.072,1986.0,,1,1
0.7157894736842105,90,0.094,254.0,255.0,1,1
0.7157894736842105,91,0.09200000000000001,139.0,159.0,1,1
0.7157894736842105,92,0.11800000000000001,290.0,319.0,1,1
0.7157894736842105,93,0.05600000000000001,2259.0,2239.0,1,1
0.7157894736842105,94,0.011999999999999997,2101.0,3295.0,1,1
0.7157894736842105,95,0.096,83.0,95.0,1,1
0.7157894736842105,96,0.1,1108.0,159.0,1,1
0.7157894736842105,97,0.086,263.0,927.0,1,1
0.7157894736842105,98,0.016000000000000014,770.0,1919.0,1,1
0.7157894736842105,99,0.09200000000000001,1668.0,1535.0,1,1
0.7157894736842105,100,0.15000000000000002,179.0,191.0,1,1
0.9210526315789473,1,0.08,1086.0,2495.0,1,1
0.9210526315789473,2,0.086,1383.0,447.0,1,1
0.9210526315789473,3,0.08000000000000002,163.0,191.0,1,1
0.9210526315789473,4,0.12,142.0,159.0,1,1
0.9210526315789473,5,0.01200000000000001,1443.0,63.0,1,1
0.9210526315789473,6,0.13,58.0,95.0,1,1
0.9210526315789473,7,0.09200000000000001,90.0,127.0,1,1
0.9210526315789473,8,0.092,94.0,95.0,1,1
0.9210526315789473,9,0.09,1167.0,1215.0,1,1
0.9210526315789473,10,0.07200000000000001,1004.0,1535.0,1,1
0.9210526315789473,11,0.038000000000000006,672.0,63.0,1,1
0.9210526315789473,12,0.048,578.0,1695.0,1,1
0.9210526315789473,13,0.07200000000000001,102.0,127.0,1,1
0.9210526315789473,14,0.020000000000000004,830.0,2303.0,2,2
0.9210526315789473,15,0.09999999999999999,226.0,255.0,1,1
0.9210526315789473,16,0.01999999999999999,860.0,1759.0,1,1
0.9210526315789473,17,0.10800000000000001,164.0,191.0,1,1
0.9210526315789473,18,0.032,697.0,2719.0,1,1
0.9210526315789473,19,0.0040000000000000036,2955.0,3295.0,1,1
0.9210526315789473,20,-0.018000000000000002,574.0,2527.0,2,2
0.9210526315789473,21,0.098,230.0,191.0,1,1
0.9210526315789473,22,0.05399999999999999,1405.0,1599.0,1,1
0.9210526315789473,23,0.06599999999999999,790.0,1951.0,1,1
0.9210526315789473,24,0.10200000000000001,111.0,127.0,1,1
0.9210526315789473,25,0.07200000000000001,1183.0,3999.0,2,2
0.9210526315789473,26,0.032,1898.0,1791.0,1,1
0.9210526315789473,27,0.08600000000000002,109.0,127.0,1,1
0.9210526315789473,28,0.13,92.0,95.0,1,1
0.9210526315789473,29,0.114,85.0,95.0,1,1
0.9210526315789473,30,-0.03,830.0,1023.0,1,1
0.9210526315789473,31,0.122,105.0,127.0,1,1
0.9210526315789473,32,0.10999999999999999,114.0,127.0,1,1
0.9210526315789473,33,0.03599999999999999,570.0,63.0,1,1
0.9210526315789473,34,0.08199999999999999,1649.0,223.0,1,1
0.9210526315789473,35,-0.02800000000000001,778.0,575.0,1,1
0.9210526315789473,36,0.05199999999999999,736.0,1663.0,1,1
0.9210526315789473,37,0.1,62.0,95.0,1,1
0.9210526315789473,38,0.094,162.0,159.0,1,1
0.9210526315789473,39,0.074,569.0,95.0,1,1
0.9210526315789473,40,0.044,1228.0,1375.0,1,1
0.9210526315789473,41,-0.020000000000000018,676.0,1407.0,1,1
0.9210526315789473,42,0.04200000000000001,1140.0,1727.0,1,1
0.9210526315789473,43,-0.0059999999999999915,923.0,2623.0,1,1
0.9210526315789473,44,0.04999999999999999,924.0,31.0,1,1
0.9210526315789473,45,0.057999999999999996,58.0,63.0,1,1
0.9210526315789473,46,-0.0040000000000000036,853.0,2047.0,1,1
0.9210526315789473,47,0.10800000000000001,2286.0,415.0,1,1
0.9210526315789473,48,0.16799999999999998,143.0,127.0,1,1
0.9210526315789473,49,0.094,103.0,127.0,1,1
0.9210526315789473,50,0.118,2095.0,447.0,1,1
0.9210526315789473,51,0.07199999999999998,1082.0,991.0,1,1
0.9210526315789473,52,0.072,1433.0,3295.0,1,1
0.9210526315789473,53,0.03399999999999999,1829.0,1695.0,1,1
0.9210526315789473,54,0.12399999999999999,120.0,127.0,1,1
0.9210526315789473,55,0.024000000000000007,386.0,767.0,1,1
0.9210526315789473,56,0.052000000000000005,1000.0,2175.0,1,1
0.9210526315789473,57,0.021999999999999992,902.0,895.0,1,1
0.9210526315789473,58,0.098,78.0,95.0,1,1
0.9210526315789473,59,0.016,1834.0,1375.0,1,1
0.9210526315789473,60,0.088,1144.0,191.0,1,1
0.9210526315789473,61,0.10400000000000001,91.0,2367.0,1,1
0.9210526315789473,62,-0.008000000000000007,906.0,1855.0,1,1
0.9210526315789473,63,0.04000000000000001,1003.0,95.0,1,1
0.9210526315789473,64,0.062,1358.0,1247.0,1,1
0.9210526315789473,65,0.09599999999999999,1835.0,191.0,1,1
0.9210526315789473,66,0.07,2109.0,,2,2
0.9210526315789473,67,0.1,207.0,223.0,1,1
0.9210526315789473,68,0.13799999999999998,210.0,159.0,1,1
0.9210526315789473,69,0.09200000000000001,1549.0,1439.0,1,1
0.9210526315789473,70,0.0020000000000000018,794.0,31.0,1,1
0.9210526315789473,71,0.078,1637.0,2335.0,1,1
0.9210526315789473,72,0.106,180.0,159.0,1,1
0.9210526315789473,73,0.074,688.0,2815.0,2,2
0.9210526315789473,74,0.046,1185.0,1087.0,1,1
0.9210526315789473,75,0.082,96.0,127.0,1,1
0.9210526315789473,76,0.118,46.0,63.0,1,1
0.9210526315789473,77,0.036000000000000004,1153.0,1919.0,1,1
0.9210526315789473,78,0.07200000000000001,53.0,63.0,1,1
0.9210526315789473,79,0.13,1360.0,3295.0,2,2
0.9210526315789473,80,0.07,420.0,31.0,1,1
0.9210526315789473,81,0.12,1381.0,255.0,1,1
0.9210526315789473,82,0.08399999999999999,1209.0,1055.0,1,1
0.9210526315789473,83,0.05399999999999999,1509.0,1567.0,1,1
0.9210526315789473,84,0.12,1918.0,1951.0,1,1
0.9210526315789473,85,0.138,135.0,127.0,1,1
0.9210526315789473,86,0.07400000000000001,1453.0,1439.0,1,1
0.9210526315789473,87,0.098,107.0,127.0,1,1
0.9210526315789473,88,0.057999999999999996,1069.0,3647.0,2,2
0.9210526315789473,89,0.106,1313.0,255.0,1,1
0.9210526315789473,90,0.10800000000000001,170.0,191.0,1,1
0.9210526315789473,91,0.114,94.0,95.0,1,1
0.9210526315789473,92,0.14800000000000002,267.0,287.0,1,1
0.9210526315789473,93,0.08600000000000001,2268.0,3007.0,1,1
0.9210526315789473,94,0.029999999999999985,1046.0,2847.0,2,2
0.9210526315789473,95,0.096,77.0,95.0,1,1
0.9210526315789473,96,0.076,908.0,255.0,1,1
0.9210526315789473,97,0.094,143.0,1823.0,1,1
0.9210526315789473,98,0.01200000000000001,665.0,2271.0,1,1
0.9210526315789473,99,0.114,1176.0,1151.0,1,1
0.9210526315789473,100,0.104,130.0,127.0,1,1
1.1263157894736844,1,0.16799999999999998,75.0,95.0,1,1
1.1263157894736844,2,0.11599999999999999,402.0,351.0,1,1
1.1263157894736844,3,0.11000000000000001,130.0,159.0,1,1
1.1263157894736844,4,0.10599999999999998,101.0,127.0,1,1
1.1263157894736844,5,0.016000000000000014,919.0,63.0,1,1
1.1263157894736844,6,0.11199999999999999,52.0,63.0,1,1
1.1263157894736844,7,0.078,85.0,95.0,1,1
1.1263157894736844,8,0.07400000000000001,90.0,95.0,1,1
1.1263157894736844,9,0.088,1410.0,159.0,1,1
1.1263157894736844,10,0.05400000000000002,1033.0,1279.0,1,1
1.1263157894736844,11,0.07200000000000001,598.0,31.0,1,1
1.1263157894736844,12,0.059999999999999984,455.0,1055.0,1,1
1.1263157894736844,13,0.05399999999999999,102.0,127.0,1,1
1.1263157894736844,14,0.010000000000000009,618.0,2047.0,1,1
1.1263157894736844,15,0.09600000000000002,161.0,191.0,1,1
1.1263157894736844,16,0.01999999999999999,646.0,127.0,1,1
1.1263157894736844,17,0.09,65.0,95.0,1,1
1.1263157894736844,18,-0.0040000000000000036,718.0,1759.0,1,1
1.1263157894736844,19,0.052000000000000005,701.0,31.0,1,1
1.1263157894736844,20,-0.022000000000000006,512.0,2143.0,2,2
1.1263157894736844,21,0.11000000000000001,174.0,159.0,1,1
1.1263157894736844,22,0.04999999999999999,1411.0,2591.0,1,1
1.1263157894736844,23,0.05800000000000001,1012.0,1695.0,1,1
1.1263157894736844,24,0.06199999999999999,63.0,63.0,1,1
1.1263157894736844,25,0.07200000000000001,1096.0,159.0,1,1
1.1263157894736844,26,0.04000000000000001,1189.0,3455.0,3,3
1.1263157894736844,27,0.11200000000000002,110.0,127.0,1,1
1.1263157894736844,28,0.138,69.0,63.0,1,1
1.1263157894736844,29,0.104,75.0,95.0,1,1
1.1263157894736844,30,-0.027999999999999997,704.0,3967.0,2,2
1.1263157894736844,31,0.08800000000000002,42.0,63.0,1,1
1.1263157894736844,32,0.12,59.0,63.0,2,2
1.1263157894736844,33,0.076,2118.0,31.0,1,1
1.1263157894736844,34,0.057999999999999996,125.0,95.0,1,1
1.1263157894736844,35,-0.02800000000000001,633.0,543.0,1,1
1.1263157894736844,36,0.07,657.0,2079.0,1,1
1.1263157894736844,37,0.041999999999999996,51.0,63.0,1,1
1.1263157894736844,38,0.1,131.0,95.0,1,1
1.1263157894736844,39,0.05600000000000001,1053.0,127.0,1,1
1.1263157894736844,40,0.06399999999999999,1083.0,,2,2
1.1263157894736844,41,-0.018000000000000016,884.0,1279.0,1,1
1.1263157894736844,42,0.064,992.0,1599.0,1,1
1.1263157894736844,43,-0.0020000000000000018,620.0,3775.0,1,1
1.1263157894736844,44,0.08399999999999999,1047.0,31.0,1,1
1.1263157894736844,45,0.08600000000000001,58.0,63.0,1,1
1.1263157894736844,46,0.0020000000000000018,745.0,1375.0,1,1
1.1263157894736844,47,0.096,170.0,127.0,1,1
1.1263157894736844,48,0.08600000000000001,113.0,127.0,1,1
1.1263157894736844,49,0.11000000000000001,88.0,95.0,1,1
1.1263157894736844,50,0.13,169.0,159.0,1,1
1.1263157894736844,51,0.07599999999999998,1552.0,1151.0,1,1
1.1263157894736844,52,0.084,1203.0,2111.0,1,1
1.1263157894736844,53,0.03399999999999999,1239.0,2143.0,1,1
1.1263157894736844,54,0.108,82.0,95.0,1,1
1.1263157894736844,55,0.06400000000000002,441.0,1119.0,1,1
1.1263157894736844,56,0.072,850.0,159.0,1,1
1.1263157894736844,57,0.045999999999999985,808.0,799.0,1,1
1.1263157894736844,58,0.058,75.0,95.0,1,1
1.1263157894736844,59,0.03199999999999999,1205.0,1119.0,1,1
1.1263157894736844,60,0.066,1332.0,287.0,1,1
1.1263157894736844,61,0.08200000000000002,70.0,95.0,1,1
1.1263157894736844,62,-0.006000000000000005,564.0,1279.0,1,1
1.1263157894736844,63,0.04000000000000001,791.0,95.0,1,1
1.1263157894736844,64,0.07800000000000001,1367.0,1247.0,1,1
1.1263157894736844,65,0.108,141.0,95.0,1,1
1.1263157894736844,66,0.07,1427.0,127.0,1,1
1.1263157894736844,67,0.10200000000000001,141.0,223.0,1,1
1.1263157894736844,68,0.122,120.0,95.0,1,1
1.1263157894736844,69,0.114,252.0,191.0,1,1
1.1263157894736844,70,0.0020000000000000018,533.0,31.0,1,1
1.1263157894736844,71,0.08800000000000001,1175.0,1503.0,1,1
1.1263157894736844,72,0.06799999999999999,104.0,95.0,1,1
1.1263157894736844,73,0.034,464.0,3263.0,1,1
1.1263157894736844,74,0.046,1440.0,1311.0,1,1
1.1263157894736844,75,0.11,95.0,95.0,1,1
1.1263157894736844,76,0.076,46.0,63.0,1,1
1.1263157894736844,77,0.03999999999999998,1326.0,2143.0,1,1
1.1263157894736844,78,0.1,53.0,63.0,1,1
1.1263157894736844,79,0.152,377.0,383.0,1,1
1.1263157894736844,80,0.06,645.0,31.0,1,1
1.1263157894736844,81,0.11399999999999999,319.0,63.0,1,1
1.1263157894736844,82,0.09,1106.0,1055.0,1,1
1.1263157894736844,83,0.062,1313.0,1759.0,1,1
1.1263157894736844,84,0.144,262.0,255.0,1,1
1.1263157894736844,85,0.08600000000000002,57.0,63.0,1,1
1.1263157894736844,86,0.07200000000000001,124.0,127.0,1,1
1.1263157894736844,87,0.066,48.0,63.0,1,1
1.1263157894736844,88,0.062,1119.0,223.0,1,1
1.1263157894736844,89,0.09200000000000001,71.0,95.0,1,1
1.1263157894736844,90,0.11000000000000001,51.0,63.0,1,1
1.1263157894736844,91,0.062,74.0,95.0,1,1
1.1263157894736844,92,0.12000000000000001,195.0,159.0,1,1
1.1263157894736844,93,0.11800000000000001,1580.0,159.0,1,1
1.1263157894736844,94,0.05,754.0,2015.0,1,1
1.1263157894736844,95,0.10999999999999999,62.0,63.0,1,1
1.1263157894736844,96,0.11400000000000002,1404.0,127.0,1,1
1.1263157894736844,97,0.07999999999999999,86.0,1311.0,1,1
1.1263157894736844,98,0.032,613.0,2047.0,1,1
1.1263157894736844,99,0.102,1314.0,1311.0,1,1
1.1263157894736844,100,0.138,83.0,95.0,1,1
1.3315789473684212,1,0.076,69.0,63.0,1,1
1.3315789473684212,2,0.07,1127.0,2431.0,1,1
1.3315789473684212,3,0.04000000000000001,84.0,799.0,1,1
1.3315789473684212,4,0.086,99.0,127.0,1,1
1.3315789473684212,5,0.04200000000000001,920.0,63.0,1,1
1.3315789473684212,6,0.12,43.0,63.0,1,1
1.3315789473684212,7,0.076,82.0,95.0,1,1
1.3315789473684212,8,0.08399999999999999,106.0,95.0,1,1
1.3315789473684212,9,0.11599999999999999,998.0,159.0,1,1
1.3315789473684212,10,0.05200000000000002,625.0,575.0,1,1
1.3315789473684212,11,0.07599999999999998,479.0,31.0,1,1
1.3315789473684212,12,0.048,431.0,959.0,1,1
1.3315789473684212,13,0.07,61.0,63.0,1,1
1.3315789473684212,14,0.024000000000000007,720.0,3295.0,2,2
1.3315789473684212,15,0.076,96.0,127.0,1,1
1.3315789473684212,16,0.025999999999999995,704.0,127.0,1,1
1.3315789473684212,17,0.10400000000000001,59.0,63.0,1,1
1.3315789473684212,18,0.009999999999999995,2354.0,1599.0,1,1
1.3315789473684212,19,0.05600000000000001,325.0,31.0,1,1
1.3315789473684212,20,-0.0040000000000000036,364.0,1119.0,1,1
1.3315789473684212,21,0.05199999999999999,110.0,127.0,1,1
1.3315789473684212,22,0.055999999999999994,806.0,991.0,1,1
1.3315789473684212,23,0.036000000000000004,1335.0,991.0,1,1
1.3315789473684212,24,0.07,52.0,2175.0,1,1
1.3315789473684212,25,0.04000000000000001,96.0,95.0,1,1
1.3315789473684212,26,0.05199999999999999,921.0,1343.0,1,1
1.3315789473684212,27,0.092,105.0,127.0,1,1
1.3315789473684212,28,0.104,57.0,63.0,1,1
1.3315789473684212,29,0.082,67.0,95.0,1,1
1.3315789473684212,30,0.01200000000000001,831.0,95.0,1,1
1.3315789473684212,31,0.062000000000000006,41.0,63.0,1,1
1.3315789473684212,32,0.088,33.0,31.0,1,1
1.3315789473684212,33,0.03,505.0,31.0,1,1
1.3315789473684212,34,0.118,99.0,95.0,1,1
1.3315789473684212,35,-0.014000000000000012,608.0,575.0,1,1
1.3315789473684212,36,0.05399999999999999,504.0,1119.0,1,1
1.3315789473684212,37,0.054000000000000006,48.0,2687.0,1,1
1.3315789473684212,38,0.11399999999999999,75.0,95.0,1,1
1.3315789473684212,39,0.054000000000000006,1146.0,3679.0,1,1
1.3315789473684212,40,0.06599999999999999,1314.0,2591.0,1,1
1.3315789473684212,41,0.0040000000000000036,860.0,1247.0,1,1
1.3315789473684212,42,0.06,1067.0,1439.0,1,1
1.3315789473684212,43,0.0,621.0,1855.0,2,2
1.3315789473684212,44,0.07599999999999998,813.0,31.0,1,1
1.3315789473684212,45,0.09199999999999998,55.0,63.0,1,1
1.3315789473684212,46,0.03,1094.0,1823.0,1,1
1.3315789473684212,47,0.057999999999999996,106.0,95.0,1,1
1.3315789473684212,48,0.06800000000000002,102.0,95.0,1,1
1.3315789473684212,49,0.08199999999999999,66.0,95.0,1,1
1.3315789473684212,50,0.11599999999999999,182.0,159.0,1,1
1.3315789473684212,51,0.07199999999999998,206.0,1119.0,1,1
1.3315789473684212,52,0.106,1022.0,1471.0,1,1
1.3315789473684212,53,0.055999999999999994,1120.0,2111.0,1,1
1.3315789473684212,54,0.116,161.0,159.0,1,1
1.3315789473684212,55,0.039999999999999994,429.0,607.0,1,1
1.3315789473684212,56,0.084,1041.0,159.0,1,1
1.3315789473684212,57,0.03999999999999998,800.0,799.0,1,1
1.3315789473684212,58,0.054,67.0,95.0,1,1
1.3315789473684212,59,0.061999999999999986,1416.0,2079.0,1,1
1.3315789473684212,60,0.034,109.0,95.0,1,1
1.3315789473684212,61,0.08000000000000002,45.0,1279.0,1,1
1.3315789473684212,62,-0.006000000000000005,508.0,95.0,1,1
1.3315789473684212,63,0.04600000000000001,89.0,95.0,1,1
1.3315789473684212,64,0.064,1440.0,1407.0,1,1
1.3315789473684212,65,0.048,74.0,95.0,1,1
1.3315789473684212,66,0.07,146.0,127.0,1,1
1.3315789473684212,67,0.088,102.0,127.0,1,1
1.3315789473684212,68,0.092,60.0,63.0,1,1
1.3315789473684212,69,0.104,147.0,159.0,1,1
1.3315789473684212,70,0.04200000000000001,348.0,31.0,1,1
1.3315789473684212,71,0.09000000000000001,1259.0,2303.0,1,1
1.3315789473684212,72,0.05600000000000001,90.0,95.0,1,1
1.3315789473684212,73,0.02600000000000001,493.0,1983.0,2,2
1.3315789473684212,74,0.05800000000000001,1090.0,991.0,1,1
1.3315789473684212,75,0.06999999999999999,76.0,95.0,1,1
1.3315789473684212,76,0.096,46.0,63.0,1,1
1.3315789473684212,77,0.064,926.0,1215.0,1,1
1.3315789473684212,78,0.10199999999999998,40.0,63.0,1,1
1.3315789473684212,79,0.11599999999999999,233.0,255.0,1,1
1.3315789473684212,80,0.025999999999999995,422.0,31.0,1,1
1.3315789473684212,81,0.064,62.0,63.0,1,1
1.3315789473684212,82,0.10999999999999999,1218.0,1215.0,1,1
1.3315789473684212,83,0.04000000000000001,146.0,127.0,1,1
1.3315789473684212,84,0.124,262.0,159.0,1,1
1.3315789473684212,85,0.094,50.0,63.0,1,1
1.3315789473684212,86,0.062,118.0,767.0,1,1
1.3315789473684212,87,0.09,46.0,63.0,1,1
1.3315789473684212,88,0.08200000000000002,1166.0,159.0,1,1
1.3315789473684212,89,0.09200000000000001,69.0,63.0,1,1
1.3315789473684212,90,0.08200000000000002,51.0,63.0,1,1
1.3315789473684212,91,0.132,51.0,63.0,1,1
1.3315789473684212,92,0.09999999999999999,137.0,159.0,1,1
1.3315789473684212,93,0.09999999999999999,1421.0,2751.0,2,2
1.3315789473684212,94,0.076,907.0,2239.0,1,1
1.3315789473684212,95,0.126,54.0,63.0,1,1
1.3315789473684212,96,0.096,856.0,159.0,1,1
1.3315789473684212,97,0.062,68.0,2111.0,1,1
1.3315789473684212,98,0.038000000000000006,603.0,1759.0,1,1
1.3315789473684212,99,0.136,1480.0,1471.0,1,1
1.3315789473684212,100,0.08800000000000001,80.0,63.0,1,1
1.536842105263158,1,0.05,71.0,63.0,1,1
1.536842105263158,2,0.096,1289.0,95.0,1,1
1.536842105263158,3,0.04400000000000001,77.0,95.0,1,1
1.536842105263158,4,0.044,101.0,127.0,1,1
1.536842105263158,5,0.02400000000000002,521.0,31.0,1,1
1.536842105263158,6,0.074,33.0,63.0,1,1
1.536842105263158,7,0.07,48.0,63.0,1,1
1.536842105263158,8,0.05200000000000002,54.0,63.0,1,1
1.536842105263158,9,0.064,104.0,63.0,1,1
1.536842105263158,10,0.060000000000000026,626.0,607.0,1,1
1.536842105263158,11,0.07400000000000001,483.0,31.0,1,1
1.536842105263158,12,0.054000000000000006,632.0,1087.0,1,1
1.536842105263158,13,0.02800000000000001,55.0,63.0,1,1
1.536842105263158,14,0.024000000000000007,652.0,1535.0,1,1
1.536842105263158,15,0.06200000000000001,93.0,95.0,1,1
1.536842105263158,16,0.043999999999999984,628.0,95.0,1,1
1.536842105263158,17,0.10800000000000001,49.0,63.0,1,1
1.536842105263158,18,-0.006000000000000005,1425.0,959.0,1,1
1.536842105263158,19,-0.006000000000000005,498.0,31.0,1,1
1.536842105263158,20,0.015999999999999986,310.0,1087.0,1,1
1.536842105263158,21,0.04600000000000001,69.0,95.0,1,1
1.536842105263158,22,0.055999999999999994,804.0,1151.0,1,1
1.536842105263158,23,0.0020000000000000018,1486.0,575.0,1,1
1.536842105263158,24,0.054,38.0,63.0,1,1
1.536842105263158,25,0.05399999999999999,81.0,95.0,1,1
1.536842105263158,26,0.04200000000000001,689.0,1375.0,1,1
1.536842105263158,27,0.064,94.0,95.0,1,1
1.536842105263158,28,0.09200000000000001,50.0,63.0,1,1
1.536842105263158,29,0.078,49.0,63.0,1,1
1.536842105263158,30,0.01200000000000001,630.0,95.0,1,1
1.536842105263158,31,0.054,41.0,63.0,1,1
1.536842105263158,32,0.07,33.0,31.0,1,1
1.536842105263158,33,0.01999999999999999,618.0,127.0,1,1
1.536842105263158,34,0.08199999999999999,79.0,63.0,1,1
1.536842105263158,35,-0.024000000000000007,458.0,511.0,1,1
1.536842105263158,36,0.07,682.0,1183.0,1,1
1.536842105263158,37,0.044,48.0,1983.0,1,1
1.536842105263158,38,0.07,72.0,63.0,1,1
1.536842105263158,39,0.04200000000000001,1404.0,3295.0,1,1
1.536842105263158,40,0.05600000000000001,1308.0,2367.0,1,1
1.536842105263158,41,-0.02200000000000002,569.0,831.0,1,1
1.536842105263158,42,0.04600000000000001,926.0,927.0,1,1
1.536842105263158,43,0.011999999999999997,627.0,1791.0,1,1
1.536842105263158,44,0.05399999999999999,532.0,31.0,1,1
1.536842105263158,45,0.084,42.0,63.0,1,1
1.536842105263158,46,0.032,711.0,1087.0,1,1
1.536842105263158,47,0.057999999999999996,96.0,95.0,1,1
1.536842105263158,48,0.06999999999999999,86.0,95.0,1,1
1.536842105263158,49,0.052000000000000005,63.0,63.0,1,1
1.536842105263158,50,0.098,174.0,159.0,1,1
1.536842105263158,51,0.08199999999999999,105.0,863.0,1,1
1.536842105263158,52,0.09400000000000001,978.0,191.0,1,1
1.536842105263158,53,0.017999999999999988,1639.0,1151.0,1,1
1.536842105263158,54,0.11800000000000001,159.0,127.0,1,1
1.536842105263158,55,0.05,362.0,671.0,1,1
1.536842105263158,56,0.08,203.0,127.0,1,1
1.536842105263158,57,0.057999999999999996,913.0,927.0,1,1
1.536842105263158,58,0.094,78.0,95.0,1,1
1.536842105263158,59,0.06999999999999999,1001.0,159.0,1,1
1.536842105263158,60,0.013999999999999999,79.0,95.0,1,1
1.536842105263158,61,0.07800000000000001,45.0,1471.0,1,1
1.536842105263158,62,0.017999999999999988,535.0,95.0,1,1
1.536842105263158,63,-0.0020000000000000018,68.0,63.0,1,1
1.536842105263158,64,0.08400000000000002,1380.0,1375.0,1,1
1.536842105263158,65,0.054000000000000006,70.0,63.0,1,1
1.536842105263158,66,0.038000000000000006,115.0,95.0,1,1
1.536842105263158,67,0.03,65.0,767.0,1,1
1.536842105263158,68,0.10599999999999998,53.0,63.0,1,1
1.536842105263158,69,0.104,1005.0,191.0,1,1
1.536842105263158,70,0.038000000000000006,433.0,31.0,1,1
1.536842105263158,71,0.09999999999999999,1598.0,1695.0,1,1
1.536842105263158,72,0.06799999999999999,90.0,95.0,1,1
1.536842105263158,73,0.046,1205.0,3903.0,1,1
1.536842105263158,74,0.078,153.0,415.0,1,1
1.536842105263158,75,0.068,61.0,63.0,1,1
1.536842105263158,76,0.098,44.0,159.0,1,1
1.536842105263158,77,0.015999999999999986,137.0,127.0,1,1
1.536842105263158,78,0.11399999999999999,35.0,31.0,1,1
1.536842105263158,79,0.05399999999999999,75.0,991.0,1,1
1.536842105263158,80,0.036000000000000004,845.0,31.0,1,1
1.536842105263158,81,0.064,46.0,63.0,1,1
1.536842105263158,82,0.124,1092.0,1055.0,1,1
1.536842105263158,83,0.027999999999999997,118.0,95.0,1,1
1.536842105263158,84,0.055999999999999994,100.0,127.0,1,1
1.536842105263158,85,0.094,42.0,63.0,1,1
1.536842105263158,86,0.066,86.0,95.0,1,1
1.536842105263158,87,0.07,47.0,63.0,1,1
1.536842105263158,88,0.032,62.0,63.0,1,1
1.536842105263158,89,0.05600000000000001,44.0,63.0,1,1
1.536842105263158,90,0.058,71.0,95.0,1,1
1.536842105263158,91,0.104,51.0,63.0,1,1
1.536842105263158,92,0.09000000000000001,104.0,95.0,1,1
1.536842105263158,93,0.072,159.0,159.0,1,1
1.536842105263158,94,0.03399999999999999,670.0,2015.0,1,1
1.536842105263158,95,0.076,44.0,63.0,1,1
1.536842105263158,96,0.08,1000.0,,2,2
1.536842105263158,97,0.05,57.0,2175.0,1,1
1.536842105263158,98,0.04400000000000001,552.0,1215.0,1,1
1.536842105263158,99,0.05600000000000001,89.0,95.0,1,1
1.536842105263158,100,0.076,62.0,63.0,1,1
1.7421052631578948,1,0.039999999999999994,71.0,63.0,1,1
1.7421052631578948,2,0.055999999999999994,88.0,63.0,1,1
1.7421052631578948,3,0.038000000000000006,47.0,63.0,1,1
1.7421052631578948,4,0.05199999999999999,93.0,95.0,1,1
1.7421052631578948,5,0.02200000000000002,550.0,31.0,1,1
1.7421052631578948,6,0.044,33.0,63.0,1,1
1.7421052631578948,7,0.102,37.0,63.0,1,1
1.7421052631578948,8,0.04200000000000001,49.0,63.0,1,1
1.7421052631578948,9,0.055999999999999994,104.0,63.0,1,1
1.7421052631578948,10,0.068,604.0,575.0,1,1
1.7421052631578948,11,0.057999999999999996,423.0,31.0,1,1
1.7421052631578948,12,0.0059999999999999915,329.0,639.0,1,1
1.7421052631578948,13,0.013999999999999999,48.0,1727.0,1,1
1.7421052631578948,14,0.024000000000000007,492.0,1855.0,1,1
1.7421052631578948,15,0.06200000000000001,75.0,95.0,1,1
1.7421052631578948,16,0.055999999999999994,447.0,63.0,1,1
1.7421052631578948,17,0.042,36.0,1983.0,1,1
1.7421052631578948,18,-0.020000000000000004,799.0,799.0,1,1
1.7421052631578948,19,0.0040000000000000036,585.0,31.0,1,1
1.7421052631578948,20,-0.04200000000000001,235.0,543.0,1,1
1.7421052631578948,21,-0.0020000000000000018,64.0,63.0,1,1
1.7421052631578948,22,0.032,116.0,127.0,1,1
1.7421052631578948,23,0.0,3575.0,575.0,1,1
1.7421052631578948,24,0.05999999999999999,36.0,63.0,1,1
1.7421052631578948,25,0.04999999999999999,81.0,95.0,1,1
1.7421052631578948,26,0.034,529.0,863.0,1,1
1.7421052631578948,27,0.07400000000000001,87.0,95.0,1,1
1.7421052631578948,28,0.062,50.0,63.0,1,1
1.7421052631578948,29,0.057999999999999996,43.0,255.0,1,1
1.7421052631578948,30,0.010000000000000009,574.0,95.0,1,1
1.7421052631578948,31,0.058,38.0,63.0,1,1
1.7421052631578948,32,0.066,32.0,31.0,1,1
1.7421052631578948,33,0.023999999999999994,555.0,31.0,1,1
1.7421052631578948,34,0.048,74.0,63.0,1,1
1.7421052631578948,35,-0.018000000000000016,446.0,415.0,1,1
1.7421052631578948,36,0.06,468.0,703.0,1,1
1.7421052631578948,37,0.04000000000000001,48.0,2111.0,1,1
1.7421052631578948,38,0.048,60.0,63.0,1,1
1.7421052631578948,39,0.04000000000000001,1032.0,1951.0,1,1
1.7421052631578948,40,0.06799999999999999,982.0,127.0,1,1
1.7421052631578948,41,-0.01200000000000001,553.0,927.0,1,1
1.7421052631578948,42,0.04200000000000001,752.0,767.0,1,1
1.7421052631578948,43,0.018000000000000002,825.0,1791.0,1,1
1.7421052631578948,44,0.04200000000000001,567.0,31.0,1,1
1.7421052631578948,45,0.072,39.0,63.0,1,1
1.7421052631578948,46,0.014000000000000012,87.0,63.0,1,1
1.7421052631578948,47,0.04200000000000001,64.0,63.0,1,1
1.7421052631578948,48,0.04200000000000001,85.0,95.0,1,1
1.7421052631578948,49,0.066,63.0,63.0,1,1
1.7421052631578948,50,0.07600000000000001,55.0,63.0,1,1
1.7421052631578948,51,0.04199999999999998,101.0,671.0,1,1
1.7421052631578948,52,0.074,884.0,191.0,1,1
1.7421052631578948,53,0.0059999999999999915,2086.0,1183.0,1,1
1.7421052631578948,54,0.09000000000000001,96.0,95.0,1,1
1.7421052631578948,55,0.03600000000000002,468.0,927.0,1,1
1.7421052631578948,56,0.08600000000000001,738.0,191.0,1,1
1.7421052631578948,57,0.055999999999999994,931.0,959.0,1,1
1.7421052631578948,58,0.04399999999999999,61.0,63.0,1,1
1.7421052631578948,59,0.02800000000000001,102.0,63.0,1,1
1.7421052631578948,60,0.04000000000000001,58.0,63.0,1,1
1.7421052631578948,61,0.07200000000000001,40.0,1119.0,1,1
1.7421052631578948,62,0.038000000000000006,551.0,63.0,1,1
1.7421052631578948,63,0.018000000000000016,76.0,63.0,1,1
1.7421052631578948,64,0.07600000000000001,1135.0,1119.0,1,1
1.7421052631578948,65,0.05600000000000001,64.0,63.0,1,1
1.7421052631578948,66,0.032,115.0,95.0,1,1
1.7421052631578948,67,0.048,63.0,63.0,1,1
1.7421052631578948,68,0.07200000000000001,43.0,63.0,1,1
1.7421052631578948,69,0.06200000000000001,110.0,927.0,1,1
1.7421052631578948,70,0.027999999999999997,555.0,31.0,1,1
1.7421052631578948,71,0.106,215.0,191.0,1,1
1.7421052631578948,72,0.082,89.0,95.0,1,1
1.7421052631578948,73,0.011999999999999997,1448.0,2239.0,1,1
1.7421052631578948,74,0.048,142.0,383.0,1,1
1.7421052631578948,75,0.09999999999999999,40.0,63.0,1,1
1.7421052631578948,76,0.076,38.0,95.0,1,1
1.7421052631578948,77,0.01999999999999999,135.0,127.0,1,1
1.7421052631578948,78,0.054,20.0,31.0,1,1
1.7421052631578948,79,0.041999999999999996,67.0,607.0,1,1
1.7421052631578948,80,0.044,861.0,31.0,1,1
1.7421052631578948,81,0.05199999999999999,45.0,63.0,1,1
1.7421052631578948,82,0.066,191.0,575.0,1,1
1.7421052631578948,83,-0.027999999999999997,64.0,63.0,1,1
1.7421052631578948,84,0.07799999999999999,86.0,127.0,1,1
1.7421052631578948,85,0.07200000000000001,42.0,63.0,1,1
1.7421052631578948,86,0.036000000000000004,87.0,95.0,1,1
1.7421052631578948,87,0.064,46.0,63.0,1,1
1.7421052631578948,88,0.057999999999999996,41.0,63.0,1,1
1.7421052631578948,89,0.06600000000000002,44.0,63.0,1,1
1.7421052631578948,90,0.06199999999999999,50.0,63.0,1,1
1.7421052631578948,91,0.054000000000000006,42.0,2463.0,1,1
1.7421052631578948,92,0.052000000000000005,98.0,95.0,1,1
1.7421052631578948,93,0.03599999999999999,63.0,63.0,1,1
1.7421052631578948,94,0.018000000000000002,763.0,1503.0,1,1
1.7421052631578948,95,0.1,40.0,63.0,1,1
1.7421052631578948,96,0.07,1124.0,,2,2
1.7421052631578948,97,0.032,57.0,1215.0,1,1
1.7421052631578948,98,0.04200000000000001,524.0,767.0,1,1
1.7421052631578948,99,0.082,86.0,95.0,1,1
1.7421052631578948,100,0.066,40.0,31.0,1,1
1.9473684210526316,1,0.03,52.0,63.0,1,1
1.9473684210526316,2,-0.0040000000000000036,66.0,63.0,1,1
1.9473684210526316,3,0.018000000000000002,47.0,63.0,1,1
1.9473684210526316,4,0.05199999999999999,76.0,1663.0,1,1
1.9473684210526316,5,0.0,476.0,31.0,1,1
1.9473684210526316,6,0.066,24.0,127.0,1,1
1.9473684210526316,7,0.046,36.0,63.0,1,1
1.9473684210526316,8,0.008000000000000007,49.0,735.0,1,1
1.9473684210526316,9,0.1,933.0,95.0,1,1
1.9473684210526316,10,0.05200000000000002,583.0,511.0,1,1
1.9473684210526316,11,0.057999999999999996,433.0,31.0,1,1
1.9473684210526316,12,-0.0020000000000000018,289.0,543.0,1,1
1.9473684210526316,13,0.02600000000000001,40.0,1215.0,1,1
1.9473684210526316,14,0.016,568.0,863.0,1,1
1.9473684210526316,15,0.02800000000000001,56.0,863.0,1,1
1.9473684210526316,16,-0.016,84.0,63.0,1,1
1.9473684210526316,17,0.042,30.0,1791.0,1,1
1.9473684210526316,18,-0.020000000000000004,771.0,959.0,1,1
1.9473684210526316,19,-0.0040000000000000036,510.0,31.0,1,1
1.9473684210526316,20,0.006000000000000005,257.0,63.0,1,1
1.9473684210526316,21,0.020000000000000004,64.0,63.0,1,1
1.9473684210526316,22,0.08199999999999999,113.0,127.0,1,1
1.9473684210526316,23,-0.009999999999999995,725.0,479.0,1,1
1.9473684210526316,24,0.07,36.0,63.0,1,1
1.9473684210526316,25,0.04799999999999999,91.0,95.0,1,1
1.9473684210526316,26,0.03,514.0,991.0,1,1
1.9473684210526316,27,0.033999999999999996,83.0,1087.0,1,1
1.9473684210526316,28,0.044,45.0,63.0,1,1
1.9473684210526316,29,0.08,43.0,95.0,1,1
1.9473684210526316,30,0.02200000000000002,115.0,63.0,1,1
1.9473684210526316,31,0.046000000000000006,38.0,63.0,1,1
1.9473684210526316,32,0.088,32.0,31.0,1,1
1.9473684210526316,33,-0.0020000000000000018,678.0,1727.0,1,1
1.9473684210526316,34,0.066,74.0,63.0,1,1
1.9473684210526316,35,0.0,569.0,575.0,1,1
1.9473684210526316,36,0.036000000000000004,508.0,863.0,1,1
1.9473684210526316,37,0.038000000000000006,40.0,1407.0,1,1
1.9473684210526316,38,0.05,45.0,63.0,1,1
1.9473684210526316,39,0.006000000000000005,546.0,1855.0,1,1
1.9473684210526316,40,0.032,124.0,127.0,1,1
1.9473684210526316,41,-0.02200000000000002,496.0,575.0,1,1
1.9473684210526316,42,0.03,910.0,1023.0,1,1
1.9473684210526316,43,0.013999999999999999,530.0,2015.0,1,1
1.9473684210526316,44,0.04000000000000001,489.0,31.0,1,1
1.9473684210526316,45,0.05199999999999999,44.0,63.0,1,1
1.9473684210526316,46,-0.010000000000000009,83.0,63.0,1,1
1.9473684210526316,47,0.04999999999999999,54.0,63.0,1,1
1.9473684210526316,48,0.032,57.0,63.0,1,1
1.9473684210526316,49,0.038000000000000006,57.0,63.0,1,1
1.9473684210526316,50,0.060000000000000005,43.0,1151.0,1,1
1.9473684210526316,51,0.038000000000000006,99.0,639.0,1,1
1.9473684210526316,52,0.039999999999999994,133.0,95.0,1,1
1.9473684210526316,53,0.023999999999999994,2027.0,1727.0,1,1
1.9473684210526316,54,0.064,114.0,127.0,1,1
1.9473684210526316,55,0.041999999999999996,492.0,831.0,1,1
1.9473684210526316,56,0.054000000000000006,203.0,159.0,1,1
1.9473684210526316,57,0.035999999999999976,158.0,799.0,1,1
1.9473684210526316,58,0.047999999999999994,41.0,1759.0,1,1
1.9473684210526316,59,-0.011999999999999997,65.0,63.0,1,1
1.9473684210526316,60,0.025999999999999995,54.0,63.0,1,1
1.9473684210526316,61,0.062000000000000006,40.0,927.0,1,1
1.9473684210526316,62,0.006000000000000005,446.0,63.0,1,1
1.9473684210526316,63,-0.0059999999999999915,67.0,63.0,1,1
1.9473684210526316,64,0.088,1125.0,1087.0,1,1
1.9473684210526316,65,0.044,64.0,63.0,1,1
1.9473684210526316,66,0.032,115.0,95.0,1,1
1.9473684210526316,67,0.05199999999999999,63.0,63.0,1,1
1.9473684210526316,68,0.046000000000000006,42.0,63.0,1,1
1.9473684210526316,69,0.034,99.0,671.0,1,1
1.9473684210526316,70,0.03,331.0,31.0,1,1
1.9473684210526316,71,0.05600000000000001,142.0,159.0,1,1
1.9473684210526316,72,0.025999999999999995,85.0,63.0,1,1
1.9473684210526316,73,-0.007999999999999993,589.0,1983.0,1,1
1.9473684210526316,74,0.03399999999999999,135.0,351.0,1,1
1.9473684210526316,75,0.052000000000000005,39.0,63.0,1,1
1.9473684210526316,76,0.084,36.0,31.0,1,1
1.9473684210526316,77,-0.0020000000000000018,133.0,127.0,1,1
1.9473684210526316,78,0.054,20.0,31.0,1,1
1.9473684210526316,79,0.066,63.0,63.0,1,1
1.9473684210526316,80,0.016,499.0,31.0,1,1
1.9473684210526316,81,0.048,35.0,1151.0,1,1
1.9473684210526316,82,0.10600000000000001,1071.0,1055.0,1,1
1.9473684210526316,83,-0.027999999999999997,65.0,447.0,1,1
1.9473684210526316,84,0.057999999999999996,53.0,63.0,1,1
1.9473684210526316,85,0.033999999999999996,42.0,63.0,1,1
1.9473684210526316,86,0.04400000000000001,86.0,95.0,1,1
1.9473684210526316,87,0.054,46.0,63.0,1,1
1.9473684210526316,88,0.02800000000000001,41.0,63.0,1,1
1.9473684210526316,89,0.05,40.0,63.0,1,1
1.9473684210526316,90,0.052,40.0,31.0,1,1
1.9473684210526316,91,0.062,36.0,63.0,1,1
1.9473684210526316,92,0.055999999999999994,89.0,95.0,1,1
1.9473684210526316,93,0.016,62.0,63.0,1,1
1.9473684210526316,94,0.02599999999999998,722.0,63.0,1,1
1.9473684210526316,95,0.041999999999999996,35.0,63.0,1,1
1.9473684210526316,96,0.05800000000000001,2404.0,2719.0,1,1
1.9473684210526316,97,0.055999999999999994,56.0,959.0,1,1
1.9473684210526316,98,0.03,499.0,1119.0,1,1
1.9473684210526316,99,0.078,86.0,95.0,1,1
1.9473684210526316,100,0.027999999999999997,30.0,31.0,1,1
2.1526315789473687,1,0.022000000000000006,52.0,63.0,1,1
2.1526315789473687,2,-0.010000000000000009,54.0,63.0,1,1
2.1526315789473687,3,0.032,45.0,1279.0,1,1
2.1526315789473687,4,0.044,76.0,1567.0,1,1
2.1526315789473687,5,0.04000000000000001,643.0,31.0,1,1
2.1526315789473687,6,0.034,24.0,1599.0,1,1
2.1526315789473687,7,0.038000000000000006,36.0,63.0,1,1
2.1526315789473687,8,0.0,47.0,607.0,1,1
2.1526315789473687,9,0.022000000000000006,134.0,95.0,1,1
2.1526315789473687,10,0.05000000000000002,641.0,575.0,1,1
2.1526315789473687,11,0.04200000000000001,332.0,31.0,1,1
2.1526315789473687,12,-0.008000000000000007,265.0,607.0,1,1
2.1526315789473687,13,0.01200000000000001,40.0,1151.0,1,1
2.1526315789473687,14,0.022000000000000006,616.0,767.0,1,1
2.1526315789473687,15,0.016,47.0,895.0,1,1
2.1526315789473687,16,0.006000000000000005,84.0,63.0,1,1
2.1526315789473687,17,0.036,30.0,1567.0,1,1
2.1526315789473687,18,-0.014000000000000012,596.0,1247.0,1,1
2.1526315789473687,19,-0.006000000000000005,566.0,31.0,1,1
2.1526315789473687,20,-0.022000000000000006,222.0,799.0,1,1
2.1526315789473687,21,-0.0020000000000000018,54.0,959.0,1,1
2.1526315789473687,22,0.020000000000000004,127.0,127.0,1,1
2.1526315789473687,23,-0.011999999999999997,3320.0,479.0,1,1
2.1526315789473687,24,0.04599999999999999,36.0,63.0,1,1
2.1526315789473687,25,0.013999999999999999,91.0,95.0,1,1
2.1526315789473687,26,0.013999999999999999,487.0,1119.0,1,1
2.1526315789473687,27,0.056,85.0,95.0,1,1
2.1526315789473687,28,0.041999999999999996,44.0,63.0,1,1
2.1526315789473687,29,0.038000000000000006,43.0,2975.0,1,1
2.1526315789473687,30,0.023999999999999994,142.0,63.0,1,1
2.1526315789473687,31,0.044000000000000004,34.0,2751.0,1,1
2.1526315789473687,32,0.068,32.0,31.0,1,1
2.1526315789473687,33,-0.0040000000000000036,504.0,1375.0,1,1
2.1526315789473687,34,0.03799999999999999,74.0,63.0,1,1
2.1526315789473687,35,0.0020000000000000018,652.0,607.0,1,1
2.1526315789473687,36,0.017999999999999988,356.0,575.0,1,1
2.1526315789473687,37,0.020000000000000004,40.0,895.0,1,1
2.1526315789473687,38,0.06,45.0,63.0,1,1
2.1526315789473687,39,0.0,634.0,2335.0,1,1
2.1526315789473687,40,0.027999999999999997,109.0,127.0,1,1
2.1526315789473687,41,-0.03,403.0,511.0,1,1
2.1526315789473687,42,0.03,771.0,767.0,1,1
2.1526315789473687,43,0.016,556.0,1183.0,1,1
2.1526315789473687,44,0.036000000000000004,458.0,31.0,1,1
2.1526315789473687,45,0.032,29.0,31.0,1,1
2.1526315789473687,46,-0.03,61.0,63.0,1,1
2.1526315789473687,47,0.0040000000000000036,45.0,63.0,1,1
2.1526315789473687,48,0.036000000000000004,64.0,63.0,1,1
2.1526315789473687,49,0.05,57.0,63.0,1,1
2.1526315789473687,50,0.033999999999999996,43.0,863.0,1,1
2.1526315789473687,51,0.009999999999999995,88.0,511.0,1,1
2.1526315789473687,52,0.016,91.0,95.0,1,1
2.1526315789473687,53,0.0059999999999999915,415.0,895.0,1,1
2.1526315789473687,54,0.064,116.0,127.0,1,1
2.1526315789473687,55,0.039999999999999994,428.0,639.0,1,1
2.1526315789473687,56,0.044,187.0,95.0,1,1
2.1526315789473687,57,0.0040000000000000036,158.0,383.0,1,1
2.1526315789473687,58,0.033999999999999996,41.0,1215.0,1,1
2.1526315789473687,59,-0.013999999999999999,60.0,63.0,1,1
2.1526315789473687,60,0.025999999999999995,54.0,63.0,1,1
2.1526315789473687,61,0.07400000000000001,38.0,1695.0,1,1
2.1526315789473687,62,-0.034,76.0,63.0,1,1
2.1526315789473687,63,-0.007999999999999993,76.0,63.0,1,1
2.1526315789473687,64,0.014000000000000012,67.0,607.0,1,1
2.1526315789473687,65,0.016,64.0,63.0,1,1
2.1526315789473687,66,0.013999999999999999,61.0,63.0,1,1
2.1526315789473687,67,0.01999999999999999,54.0,1471.0,1,1
2.1526315789473687,68,0.049999999999999996,29.0,31.0,1,1
2.1526315789473687,69,0.048,88.0,831.0,1,1
2.1526315789473687,70,0.008000000000000007,351.0,31.0,1,1
2.1526315789473687,71,0.034,116.0,127.0,1,1
2.1526315789473687,72,0.009999999999999995,52.0,63.0,1,1
2.1526315789473687,73,0.0,1907.0,1695.0,1,1
2.1526315789473687,74,0.007999999999999993,135.0,287.0,1,1
2.1526315789473687,75,0.06999999999999999,38.0,63.0,1,1
2.1526315789473687,76,0.05,30.0,31.0,1,1
2.1526315789473687,77,0.023999999999999994,136.0,127.0,1,1
2.1526315789473687,78,0.04599999999999999,20.0,31.0,1,1
2.1526315789473687,79,0.05199999999999999,49.0,831.0,1,1
2.1526315789473687,80,0.020000000000000004,534.0,31.0,1,1
2.1526315789473687,81,0.034,34.0,63.0,1,1
2.1526315789473687,82,-0.0020000000000000018,61.0,383.0,1,1
2.1526315789473687,83,-0.03399999999999999,53.0,479.0,1,1
2.1526315789473687,84,0.04799999999999999,44.0,767.0,1,1
2.1526315789473687,85,0.060000000000000005,33.0,31.0,1,1
2.1526315789473687,86,0.022000000000000006,87.0,95.0,1,1
2.1526315789473687,87,0.038,46.0,63.0,1,1
2.1526315789473687,88,-0.011999999999999997,37.0,479.0,1,1
2.1526315789473687,89,0.046,40.0,63.0,1,1
2.1526315789473687,90,0.033999999999999996,40.0,31.0,1,1
2.1526315789473687,91,0.044,30.0,31.0,1,1
2.1526315789473687,92,0.046,89.0,95.0,1,1
2.1526315789473687,93,0.009999999999999995,60.0,575.0,1,1
2.1526315789473687,94,0.011999999999999997,575.0,31.0,1,1
2.1526315789473687,95,0.052000000000000005,33.0,,1,1
2.1526315789473687,96,0.04000000000000001,,799.0,0,0
2.1526315789473687,97,0.03,52.0,1951.0,1,1
2.1526315789473687,98,0.03,531.0,703.0,1,1
2.1526315789473687,99,0.034,84.0,95.0,1,1
2.1526315789473687,100,0.027999999999999997,30.0,31.0,1,1
2.3578947368421055,1,0.025999999999999995,48.0,63.0,1,1
2.3578947368421055,2,-0.01200000000000001,52.0,63.0,1,1
2.3578947368421055,3,0.02600000000000001,42.0,63.0,1,1
2.3578947368421055,4,0.027999999999999997,76.0,895.0,1,1
2.3578947368421055,5,0.01200000000000001,492.0,31.0,1,1
2.3578947368421055,6,0.039999999999999994,24.0,1759.0,1,1
2.3578947368421055,7,0.044,33.0,63.0,1,1
2.3578947368421055,8,0.010000000000000009,47.0,767.0,1,1
2.3578947368421055,9,-0.0059999999999999915,56.0,63.0,1,1
2.3578947368421055,10,0.026000000000000023,458.0,383.0,1,1
2.3578947368421055,11,0.055999999999999994,386.0,31.0,1,1
2.3578947368421055,12,-0.018000000000000002,295.0,575.0,1,1
2.3578947368421055,13,-0.0020000000000000018,40.0,831.0,1,1
2.3578947368421055,14,0.020000000000000004,498.0,735.0,1,1
2.3578947368421055,15,0.0040000000000000036,44.0,639.0,1,1
2.3578947368421055,16,-0.0040000000000000036,81.0,63.0,1,1
2.3578947368421055,17,0.016000000000000007,30.0,927.0,1,1
2.3578947368421055,18,-0.02800000000000001,473.0,1151.0,1,1
2.3578947368421055,19,-0.011999999999999997,538.0,31.0,1,1
2.3578947368421055,20,-0.018000000000000002,274.0,895.0,1,1
2.3578947368421055,21,-0.020000000000000004,54.0,735.0,1,1
2.3578947368421055,22,0.03,131.0,127.0,1,1
2.3578947368421055,23,-0.0020000000000000018,2294.0,543.0,1,1
2.3578947368421055,24,0.013999999999999992,35.0,63.0,1,1
2.3578947368421055,25,-0.011999999999999997,78.0,479.0,1,1
2.3578947368421055,26,-0.0020000000000000018,381.0,511.0,1,1
2.3578947368421055,27,0.044000000000000004,81.0,63.0,1,1
2.3578947368421055,28,0.054000000000000006,42.0,31.0,1,1
2.3578947368421055,29,0.018000000000000002,43.0,,1,1
2.3578947368421055,30,0.032,691.0,63.0,1,1
2.3578947368421055,31,0.016000000000000007,34.0,2367.0,1,1
2.3578947368421055,32,0.047999999999999994,32.0,31.0,1,1
2.3578947368421055,33,-0.018000000000000002,287.0,991.0,1,1
2.3578947368421055,34,0.03,74.0,63.0,1,1
2.3578947368421055,35,0.013999999999999985,515.0,543.0,1,1
2.3578947368421055,36,-0.0020000000000000018,341.0,415.0,1,1
2.3578947368421055,37,-0.003999999999999997,40.0,703.0,1,1
2.3578947368421055,38,0.011999999999999997,37.0,63.0,1,1
2.3578947368421055,39,-0.007999999999999993,411.0,1215.0,1,1
2.3578947368421055,40,0.021999999999999992,106.0,95.0,1,1
2.3578947368421055,41,-0.032,409.0,511.0,1,1
2.3578947368421055,42,0.036000000000000004,733.0,799.0,1,1
2.3578947368421055,43,0.0020000000000000018,415.0,1023.0,1,1
2.3578947368421055,44,0.036000000000000004,467.0,31.0,1,1
2.3578947368421055,45,0.032,29.0,31.0,1,1
2.3578947368421055,46,-0.039999999999999994,59.0,63.0,1,1
2.3578947368421055,47,-0.0020000000000000018,45.0,63.0,1,1
2.3578947368421055,48,0.022000000000000006,64.0,63.0,1,1
2.3578947368421055,49,0.048,55.0,1663.0,1,1
2.3578947368421055,50,0.042,43.0,1119.0,1,1
2.3578947368421055,51,-0.010000000000000009,89.0,415.0,1,1
2.3578947368421055,52,0.010000000000000009,73.0,63.0,1,1
2.3578947368421055,53,-0.018000000000000002,556.0,1055.0,1,1
2.3578947368421055,54,0.044,120.0,127.0,1,1
2.3578947368421055,55,0.032000000000000015,363.0,447.0,1,1
2.3578947368421055,56,0.020000000000000004,91.0,95.0,1,1
2.3578947368421055,57,0.0,162.0,383.0,1,1
2.3578947368421055,58,0.029999999999999992,41.0,1279.0,1,1
2.3578947368421055,59,-0.020000000000000004,60.0,63.0,1,1
2.3578947368421055,60,-0.007999999999999993,54.0,63.0,1,1
2.3578947368421055,61,0.042,32.0,799.0,1,1
2.3578947368421055,62,-0.04000000000000001,76.0,63.0,1,1
2.3578947368421055,63,-0.016,76.0,63.0,1,1
2.3578947368421055,64,0.01200000000000001,67.0,607.0,1,1
2.3578947368421055,65,0.016,64.0,63.0,1,1
2.3578947368421055,66,0.020000000000000004,91.0,95.0,1,1
2.3578947368421055,67,0.0059999999999999915,54.0,1023.0,1,1
2.3578947368421055,68,0.04800000000000001,28.0,31.0,1,1
2.3578947368421055,69,0.024000000000000007,79.0,95.0,1,1
2.3578947368421055,70,-0.006000000000000005,330.0,31.0,1,1
2.3578947368421055,71,0.044,94.0,95.0,1,1
2.3578947368421055,72,0.016,47.0,63.0,1,1
2.3578947368421055,73,-0.015999999999999993,478.0,1951.0,1,1
2.3578947368421055,74,0.009999999999999995,125.0,255.0,1,1
2.3578947368421055,75,0.027999999999999997,38.0,63.0,1,1
2.3578947368421055,76,0.05,26.0,31.0,1,1
2.3578947368421055,77,0.006000000000000005,135.0,127.0,1,1
2.3578947368421055,78,0.042,20.0,31.0,1,1
2.3578947368421055,79,0.023999999999999994,49.0,575.0,1,1
2.3578947368421055,80,0.023999999999999994,594.0,31.0,1,1
2.3578947368421055,81,0.023999999999999994,34.0,767.0,1,1
2.3578947368421055,82,0.011999999999999997,59.0,383.0,1,1
2.3578947368421055,83,-0.032,53.0,511.0,1,1
2.3578947368421055,84,0.015999999999999986,40.0,479.0,1,1
2.3578947368421055,85,0.030000000000000006,29.0,31.0,1,1
2.3578947368421055,86,0.038000000000000006,123.0,127.0,1,1
2.3578947368421055,87,0.036,46.0,63.0,1,1
2.3578947368421055,88,0.010000000000000009,37.0,703.0,1,1
2.3578947368421055,89,0.02800000000000001,40.0,63.0,1,1
2.3578947368421055,90,0.033999999999999996,40.0,31.0,1,1
2.3578947368421055,91,0.025999999999999995,36.0,671.0,1,1
2.3578947368421055,92,0.036000000000000004,73.0,95.0,1,1
2.3578947368421055,93,0.016,49.0,927.0,1,1
2.3578947368421055,94,0.0059999999999999915,505.0,31.0,1,1
2.3578947368421055,95,0.032,33.0,,1,1
2.3578947368421055,96,0.04400000000000001,2487.0,959.0,1,1
2.3578947368421055,97,0.016,52.0,543.0,1,1
2.3578947368421055,98,0.017999999999999988,413.0,671.0,1,1
2.3578947368421055,99,0.046,84.0,671.0,1,1
2.3578947368421055,100,0.06,28.0,31.0,1,1
2.5631578947368423,1,0.007999999999999993,50.0,63.0,1,1
2.5631578947368423,2,-0.024000000000000007,52.0,63.0,1,1
2.5631578947368423,3,0.008000000000000007,42.0,63.0,1,1
2.5631578947368423,4,0.017999999999999988,76.0,671.0,1,1
2.5631578947368423,5,0.0,446.0,31.0,1,1
2.5631578947368423,6,0.024,24.0,895.0,1,1
2.5631578947368423,7,0.022000000000000006,27.0,31.0,1,1
2.5631578947368423,8,-0.00399999999999999,46.0,607.0,1,1
2.5631578947368423,9,-0.00399999999999999,56.0,63.0,1,1
2.5631578947368423,10,0.020000000000000018,437.0,351.0,1,1
2.5631578947368423,11,0.04200000000000001,368.0,31.0,1,1
2.5631578947368423,12,-0.036000000000000004,215.0,479.0,1,1
2.5631578947368423,13,0.0020000000000000018,40.0,991.0,1,1
2.5631578947368423,14,0.014000000000000012,506.0,639.0,1,1
2.5631578947368423,15,-0.001999999999999988,44.0,575.0,1,1
2.5631578947368423,16,-0.022000000000000006,81.0,63.0,1,1
2.5631578947368423,17,0.019999999999999997,30.0,927.0,1,1
2.5631578947368423,18,-0.036000000000000004,385.0,511.0,1,1
2.5631578947368423,19,-0.022,361.0,31.0,1,1
2.5631578947368423,20,-0.020000000000000004,218.0,63.0,1,1
2.5631578947368423,21,-0.020000000000000004,54.0,735.0,1,1
2.5631578947368423,22,-0.013999999999999999,51.0,543.0,1,1
2.5631578947368423,23,-0.011999999999999997,864.0,447.0,1,1
2.5631578947368423,24,0.024,35.0,63.0,1,1
2.5631578947368423,25,-0.016,91.0,95.0,1,1
2.5631578947368423,26,-0.0020000000000000018,438.0,543.0,1,1
2.5631578947368423,27,0.047999999999999994,52.0,63.0,1,1
2.5631578947368423,28,0.025999999999999995,29.0,31.0,1,1
2.5631578947368423,29,0.022000000000000006,43.0,2143.0,1,1
2.5631578947368423,30,0.016000000000000014,663.0,95.0,1,1
2.5631578947368423,31,0.014000000000000005,34.0,3135.0,1,1
2.5631578947368423,32,0.033999999999999996,32.0,31.0,1,1
2.5631578947368423,33,-0.01200000000000001,278.0,991.0,1,1
2.5631578947368423,34,0.023999999999999994,74.0,63.0,1,1
2.5631578947368423,35,-0.010000000000000009,389.0,415.0,1,1
2.5631578947368423,36,-0.016,302.0,383.0,1,1
2.5631578947368423,37,0.0020000000000000018,40.0,703.0,1,1
2.5631578947368423,38,0.010000000000000009,37.0,63.0,1,1
2.5631578947368423,39,-0.007999999999999993,411.0,1151.0,1,1
2.5631578947368423,40,0.01999999999999999,106.0,95.0,1,1
2.5631578947368423,41,-0.04400000000000001,364.0,479.0,1,1
2.5631578947368423,42,0.04200000000000001,731.0,767.0,1,1
2.5631578947368423,43,0.0040000000000000036,498.0,895.0,1,1
2.5631578947368423,44,0.023999999999999994,451.0,31.0,1,1
2.5631578947368423,45,0.009999999999999995,29.0,31.0,1,1
2.5631578947368423,46,-0.044,59.0,63.0,1,1
2.5631578947368423,47,-0.011999999999999997,45.0,63.0,1,1
2.5631578947368423,48,0.008000000000000007,92.0,95.0,1,1
2.5631578947368423,49,0.020000000000000004,46.0,863.0,1,1
2.5631578947368423,50,0.031999999999999994,37.0,671.0,1,1
2.5631578947368423,51,-0.020000000000000004,73.0,351.0,1,1
2.5631578947368423,52,-0.011999999999999997,77.0,63.0,1,1
2.5631578947368423,53,-0.020000000000000004,592.0,735.0,1,1
2.5631578947368423,54,0.03799999999999999,82.0,1087.0,1,1
2.5631578947368423,55,0.034000000000000016,359.0,447.0,1,1
2.5631578947368423,56,0.013999999999999999,132.0,95.0,1,1
2.5631578947368423,57,0.017999999999999988,158.0,575.0,1,1
2.5631578947368423,58,0.019999999999999997,43.0,1151.0,1,1
2.5631578947368423,59,-0.02600000000000001,57.0,63.0,1,1
2.5631578947368423,60,-0.006000000000000005,54.0,63.0,1,1
2.5631578947368423,61,0.010000000000000002,31.0,575.0,1,1
2.5631578947368423,62,-0.052000000000000005,76.0,63.0,1,1
2.5631578947368423,63,-0.018000000000000002,76.0,63.0,1,1
2.5631578947368423,64,0.016,67.0,639.0,1,1
2.5631578947368423,65,-0.006000000000000005,50.0,671.0,1,1
2.5631578947368423,66,0.009999999999999995,91.0,95.0,1,1
2.5631578947368423,67,0.009999999999999995,53.0,1023.0,1,1
2.5631578947368423,68,0.03400000000000001,28.0,31.0,1,1
2.5631578947368423,69,0.024000000000000007,79.0,95.0,1,1
2.5631578947368423,70,-0.0040000000000000036,250.0,31.0,1,1
2.5631578947368423,71,0.044,94.0,95.0,1,1
2.5631578947368423,72,-0.006000000000000005,46.0,63.0,1,1
2.5631578947368423,73,-0.017999999999999995,466.0,1663.0,1,1
2.5631578947368423,74,-0.013999999999999999,118.0,255.0,1,1
2.5631578947368423,75,0.013999999999999999,38.0,1151.0,1,1
2.5631578947368423,76,0.034,26.0,31.0,1,1
2.5631578947368423,77,-0.006000000000000005,178.0,127.0,1,1
2.5631578947368423,78,0.031999999999999994,20.0,31.0,1,1
2.5631578947368423,79,0.025999999999999995,49.0,575.0,1,1
2.5631578947368423,80,0.013999999999999999,491.0,31.0,1,1
2.5631578947368423,81,0.018000000000000002,34.0,735.0,1,1
2.5631578947368423,82,-0.018000000000000002,52.0,287.0,1,1
2.5631578947368423,83,-0.055999999999999994,53.0,415.0,1,1
2.5631578947368423,84,0.015999999999999986,40.0,511.0,1,1
2.5631578947368423,85,0.033999999999999996,29.0,31.0,1,1
2.5631578947368423,86,0.024000000000000007,123.0,127.0,1,1
2.5631578947368423,87,0.036,30.0,31.0,1,1
2.5631578947368423,88,-0.001999999999999988,37.0,511.0,1,1
2.5631578947368423,89,0.01200000000000001,36.0,1023.0,1,1
2.5631578947368423,90,0.024,53.0,31.0,1,1
2.5631578947368423,91,0.020000000000000004,36.0,607.0,1,1
2.5631578947368423,92,0.023999999999999994,63.0,63.0,1,1
2.5631578947368423,93,0.021999999999999992,45.0,799.0,1,1
2.5631578947368423,94,0.018000000000000002,541.0,31.0,1,1
2.5631578947368423,95,0.034,28.0,31.0,1,1
2.5631578947368423,96,0.034,2759.0,671.0,1,1
2.5631578947368423,97,0.008000000000000007,52.0,479.0,1,1
2.5631578947368423,98,0.006000000000000005,392.0,511.0,1,1
2.5631578947368423,99,0.03,76.0,511.0,1,1
2.5631578947368423,100,0.038000000000000006,28.0,31.0,1,1
2.768421052631579,1,0.0,50.0,63.0,1,1
2.768421052631579,2,-0.006000000000000005,52.0,63.0,1,1
2.768421052631579,3,-0.0059999999999999915,42.0,63.0,1,1
2.768421052631579,4,0.016,60.0,735.0,1,1
2.768421052631579,5,-0.005999999999999978,401.0,31.0,1,1
2.768421052631579,6,0.032,24.0,1087.0,1,1
2.768421052631579,7,0.016,27.0,31.0,1,1
2.768421052631579,8,-0.0059999999999999915,46.0,607.0,1,1
2.768421052631579,9,-0.016,56.0,63.0,1,1
2.768421052631579,10,0.026000000000000023,458.0,351.0,1,1
2.768421052631579,11,0.018000000000000002,338.0,31.0,1,1
2.768421052631579,12,-0.03,192.0,287.0,1,1
2.768421052631579,13,-0.016,40.0,703.0,1,1
2.768421052631579,14,-0.001999999999999988,464.0,543.0,1,1
2.768421052631579,15,-0.001999999999999988,44.0,543.0,1,1
2.768421052631579,16,-0.018000000000000002,78.0,63.0,1,1
2.768421052631579,17,0.010000000000000002,30.0,799.0,1,1
2.768421052631579,18,-0.04800000000000001,298.0,383.0,1,1
2.768421052631579,19,-0.018000000000000002,233.0,31.0,1,1
2.768421052631579,20,-0.024000000000000007,222.0,63.0,1,1
2.768421052631579,21,-0.03,54.0,543.0,1,1
2.768421052631579,22,-0.013999999999999999,51.0,543.0,1,1
2.768421052631579,23,-0.034,699.0,351.0,1,1
2.768421052631579,24,0.003999999999999997,33.0,927.0,1,1
2.768421052631579,25,-0.022000000000000006,81.0,415.0,1,1
2.768421052631579,26,-0.006000000000000005,387.0,511.0,1,1
2.768421052631579,27,0.033999999999999996,52.0,63.0,1,1
2.768421052631579,28,0.008,29.0,31.0,1,1
2.768421052631579,29,0.020000000000000004,42.0,1631.0,1,1
2.768421052631579,30,-0.021999999999999992,77.0,63.0,1,1
2.768421052631579,31,0.006000000000000005,33.0,63.0,1,1
2.768421052631579,32,0.038,32.0,31.0,1,1
2.768421052631579,33,-0.04000000000000001,260.0,575.0,1,1
2.768421052631579,34,0.017999999999999988,74.0,63.0,1,1
2.768421052631579,35,-0.0040000000000000036,370.0,415.0,1,1
2.768421052631579,36,-0.022000000000000006,288.0,351.0,1,1
2.768421052631579,37,0.0020000000000000018,40.0,639.0,1,1
2.768421052631579,38,0.0,35.0,31.0,1,1
2.768421052631579,39,0.0040000000000000036,366.0,63.0,1,1
2.768421052631579,40,-0.0040000000000000036,41.0,63.0,1,1
2.768421052631579,41,-0.04200000000000001,335.0,415.0,1,1
2.768421052631579,42,0.036000000000000004,727.0,735.0,1,1
2.768421052631579,43,-0.009999999999999995,516.0,767.0,1,1
2.768421052631579,44,0.018000000000000002,402.0,31.0,1,1
2.768421052631579,45,0.003999999999999997,29.0,31.0,1,1
2.768421052631579,46,-0.076,59.0,63.0,1,1
2.768421052631579,47,-0.009999999999999995,45.0,63.0,1,1
2.768421052631579,48,0.008000000000000007,92.0,95.0,1,1
2.768421052631579,49,0.0,46.0,511.0,1,1
2.768421052631579,50,0.019999999999999997,37.0,767.0,1,1
2.768421052631579,51,-0.020000000000000004,73.0,351.0,1,1
2.768421052631579,52,0.06999999999999999,544.0,63.0,1,1
2.768421052631579,53,-0.018000000000000002,1001.0,735.0,1,1
2.768421052631579,54,0.021999999999999992,47.0,63.0,1,1
2.768421052631579,55,0.022000000000000006,321.0,383.0,1,1
2.768421052631579,56,0.059999999999999984,632.0,95.0,1,1
2.768421052631579,57,-0.01200000000000001,119.0,383.0,1,1
2.768421052631579,58,0.003999999999999997,43.0,799.0,1,1
2.768421052631579,59,-0.034,57.0,63.0,1,1
2.768421052631579,60,-0.007999999999999993,53.0,63.0,1,1
2.768421052631579,61,0.010000000000000002,31.0,575.0,1,1
2.768421052631579,62,-0.062,76.0,63.0,1,1
2.768421052631579,63,-0.044,76.0,63.0,1,1
2.768421052631579,64,0.018000000000000002,57.0,703.0,1,1
2.768421052631579,65,-0.019999999999999997,46.0,479.0,1,1
2.768421052631579,66,0.013999999999999999,91.0,95.0,1,1
2.768421052631579,67,0.0059999999999999915,52.0,1023.0,1,1
2.768421052631579,68,0.028000000000000004,28.0,31.0,1,1
2.768421052631579,69,0.027999999999999997,65.0,607.0,1,1
2.768421052631579,70,-0.013999999999999999,251.0,31.0,1,1
2.768421052631579,71,0.032,94.0,95.0,1,1
2.768421052631579,72,-0.011999999999999997,46.0,63.0,1,1
2.768421052631579,73,-0.025999999999999995,227.0,831.0,1,1
2.768421052631579,74,-0.016,118.0,255.0,1,1
2.768421052631579,75,0.022000000000000006,37.0,1279.0,1,1
2.768421052631579,76,0.030000000000000002,25.0,31.0,1,1
2.768421052631579,77,-0.016,135.0,127.0,1,1
2.768421052631579,78,0.04,20.0,31.0,1,1
2.768421052631579,79,0.016,49.0,543.0,1,1
2.768421052631579,80,0.0040000000000000036,247.0,31.0,1,1
2.768421052631579,81,0.009999999999999995,34.0,703.0,1,1
2.768421052631579,82,-0.008000000000000007,52.0,319.0,1,1
2.768421052631579,83,-0.062,50.0,383.0,1,1
2.768421052631579,84,0.021999999999999992,40.0,543.0,1,1
2.768421052631579,85,0.010000000000000002,29.0,31.0,1,1
2.768421052631579,86,0.027999999999999997,123.0,127.0,1,1
2.768421052631579,87,0.031999999999999994,27.0,1151.0,1,1
2.768421052631579,88,-0.00399999999999999,37.0,511.0,1,1
2.768421052631579,89,0.013999999999999999,36.0,1279.0,1,1
2.768421052631579,90,0.0020000000000000018,31.0,31.0,1,1
2.768421052631579,91,0.008,26.0,31.0,1,1
2.768421052631579,92,0.041999999999999996,45.0,63.0,1,1
2.768421052631579,93,-0.0020000000000000018,45.0,575.0,1,1
2.768421052631579,94,0.024000000000000007,549.0,31.0,1,1
2.768421052631579,95,0.022,28.0,31.0,1,1
2.768421052631579,96,0.032,2190.0,639.0,1,1
2.768421052631579,97,0.0,52.0,319.0,1,1
2.768421052631579,98,0.006000000000000005,392.0,511.0,1,1
2.768421052631579,99,0.009999999999999995,76.0,447.0,1,1
2.768421052631579,100,0.039999999999999994,28.0,31.0,1,1
2.973684210526316,1,0.0,50.0,63.0,1,1
2.973684210526316,2,-0.036000000000000004,49.0,63.0,1,1
2.973684210526316,3,-0.017999999999999988,42.0,511.0,1,1
2.973684210526316,4,0.0059999999999999915,86.0,639.0,1,1
2.973684210526316,5,0.010000000000000009,441.0,31.0,1,1
2.973684210526316,6,0.034,24.0,1119.0,1,1
2.973684210526316,7,0.016,27.0,31.0,1,1
2.973684210526316,8,-0.007999999999999993,46.0,543.0,1,1
2.973684210526316,9,-0.031999999999999994,51.0,383.0,1,1
2.973684210526316,10,0.02400000000000002,460.0,351.0,1,1
2.973684210526316,11,0.032,363.0,31.0,1,1
2.973684210526316,12,-0.038000000000000006,185.0,287.0,1,1
2.973684210526316,13,-0.027999999999999997,35.0,607.0,1,1
2.973684210526316,14,-0.0059999999999999915,453.0,511.0,1,1
2.973684210526316,15,-0.011999999999999997,44.0,447.0,1,1
2.973684210526316,16,-0.036000000000000004,78.0,63.0,1,1
2.973684210526316,17,0.0,30.0,543.0,1,1
2.973684210526316,18,-0.04800000000000001,298.0,383.0,1,1
2.973684210526316,19,-0.024,162.0,31.0,1,1
2.973684210526316,20,-0.032,207.0,63.0,1,1
2.973684210526316,21,-0.033999999999999996,54.0,447.0,1,1
2.973684210526316,22,-0.03,46.0,415.0,1,1
2.973684210526316,23,-0.038,651.0,287.0,1,1
2.973684210526316,24,-0.0040000000000000036,33.0,671.0,1,1
2.973684210526316,25,-0.025999999999999995,81.0,351.0,1,1
2.973684210526316,26,-0.006000000000000005,387.0,511.0,1,1
2.973684210526316,27,0.008,49.0,63.0,1,1
2.973684210526316,28,0.005999999999999998,29.0,31.0,1,1
2.973684210526316,29,0.014000000000000005,42.0,1503.0,1,1
2.973684210526316,30,-0.03599999999999999,74.0,63.0,1,1
2.973684210526316,31,-0.009999999999999995,33.0,1791.0,1,1
2.973684210526316,32,0.024,32.0,31.0,1,1
2.973684210526316,33,-0.028000000000000004,213.0,31.0,1,1
2.973684210526316,34,0.0,59.0,63.0,1,1
2.973684210526316,35,-0.0040000000000000036,370.0,415.0,1,1
2.973684210526316,36,-0.020000000000000004,296.0,383.0,1,1
2.973684210526316,37,0.0020000000000000018,40.0,639.0,1,1
2.973684210526316,38,-0.001999999999999995,28.0,31.0,1,1
2.973684210526316,39,-0.007999999999999993,355.0,63.0,1,1
2.973684210526316,40,-0.010000000000000009,41.0,63.0,1,1
2.973684210526316,41,-0.04200000000000001,340.0,415.0,1,1
2.973684210526316,42,0.034,687.0,703.0,1,1
2.973684210526316,43,-0.023999999999999994,447.0,639.0,1,1
2.973684210526316,44,0.009999999999999995,371.0,31.0,1,1
2.973684210526316,45,0.0,29.0,31.0,1,1
2.973684210526316,46,-0.08,53.0,63.0,1,1
2.973684210526316,47,-0.008000000000000007,45.0,63.0,1,1
2.973684210526316,48,0.0040000000000000036,92.0,95.0,1,1
2.973684210526316,49,-0.001999999999999995,45.0,543.0,1,1
2.973684210526316,50,0.0020000000000000018,37.0,543.0,1,1
2.973684210526316,51,-0.014000000000000012,73.0,351.0,1,1
2.973684210526316,52,0.06000000000000001,479.0,63.0,1,1
2.973684210526316,53,-0.026000000000000002,449.0,479.0,1,1
2.973684210526316,54,0.05,217.0,159.0,1,1
2.973684210526316,55,0.032000000000000015,364.0,447.0,1,1
2.973684210526316,56,0.03199999999999999,203.0,95.0,1,1
2.973684210526316,57,-0.022000000000000006,123.0,351.0,1,1
2.973684210526316,58,0.001999999999999995,41.0,799.0,1,1
2.973684210526316,59,-0.034,53.0,415.0,1,1
2.973684210526316,60,-0.020000000000000004,53.0,63.0,1,1
2.973684210526316,61,0.0020000000000000018,31.0,511.0,1,1
2.973684210526316,62,-0.07,73.0,31.0,1,1
2.973684210526316,63,-0.046,63.0,63.0,1,1
2.973684210526316,64,0.010000000000000009,57.0,639.0,1,1
2.973684210526316,65,-0.027999999999999997,46.0,415.0,1,1
2.973684210526316,66,-0.016,60.0,63.0,1,1
2.973684210526316,67,-0.0040000000000000036,48.0,735.0,1,1
2.973684210526316,68,0.024,28.0,31.0,1,1
2.973684210526316,69,-0.00399999999999999,54.0,447.0,1,1
2.973684210526316,70,-0.0020000000000000018,236.0,31.0,1,1
2.973684210526316,71,0.03,94.0,95.0,1,1
2.973684210526316,72,-0.018000000000000002,37.0,607.0,1,1
2.973684210526316,73,-0.031999999999999994,227.0,703.0,1,1
2.973684210526316,74,-0.020000000000000004,108.0,223.0,1,1
2.973684210526316,75,0.005999999999999998,28.0,31.0,1,1
2.973684210526316,76,0.014000000000000002,25.0,31.0,1,1
2.973684210526316,77,-0.0020000000000000018,178.0,127.0,1,1
2.973684210526316,78,0.013999999999999999,20.0,31.0,1,1
2.973684210526316,79,0.0,49.0,447.0,1,1
2.973684210526316,80,0.0040000000000000036,185.0,31.0,1,1
2.973684210526316,81,0.0020000000000000018,34.0,543.0,1,1
2.973684210526316,82,-0.008000000000000007,52.0,319.0,1,1
2.973684210526316,83,-0.064,50.0,383.0,1,1
2.973684210526316,84,-0.006000000000000005,40.0,383.0,1,1
2.973684210526316,85,0.0040000000000000036,28.0,31.0,1,1
2.973684210526316,86,0.008000000000000007,123.0,127.0,1,1
2.973684210526316,87,0.019999999999999997,27.0,831.0,1,1
2.973684210526316,88,-0.009999999999999995,37.0,415.0,1,1
2.973684210526316,89,0.0,36.0,767.0,1,1
2.973684210526316,90,0.0020000000000000018,31.0,31.0,1,1
2.973684210526316,91,-0.008,25.0,319.0,1,1
2.973684210526316,92,0.018000000000000002,44.0,991.0,1,1
2.973684210526316,93,-0.020000000000000004,45.0,415.0,1,1
2.973684210526316,94,0.024000000000000007,550.0,31.0,1,1
2.973684210526316,95,0.008,27.0,31.0,1,1
2.973684210526316,96,0.02,1751.0,447.0,1,1
2.973684210526316,97,-0.0020000000000000018,52.0,319.0,1,1
2.973684210526316,98,0.0,393.0,543.0,1,1
2.973684210526316,99,0.0040000000000000036,69.0,383.0,1,1
2.973684210526316,100,0.027999999999999997,28.0,31.0,1,1
3.1789473684210527,1,-0.006000000000000005,50.0,63.0,1,1
3.1789473684210527,2,-0.034,49.0,63.0,1,1
3.1789473684210527,3,-0.017999999999999988,39.0,575.0,1,1
3.1789473684210527,4,-0.006000000000000005,55.0,511.0,1,1
3.1789473684210527,5,0.0,435.0,31.0,1,1
3.1789473684210527,6,0.027999999999999997,24.0,927.0,1,1
3.1789473684210527,7,0.016,27.0,31.0,1,1
3.1789473684210527,8,-0.016,46.0,479.0,1,1
3.1789473684210527,9,-0.033999999999999996,51.0,383.0,1,1
3.1789473684210527,10,0.020000000000000018,439.0,351.0,1,1
3.1789473684210527,11,0.027999999999999997,363.0,31.0,1,1
3.1789473684210527,12,-0.038000000000000006,196.0,287.0,1,1
3.1789473684210527,13,-0.031999999999999994,35.0,543.0,1,1
3.1789473684210527,14,-0.00399999999999999,465.0,511.0,1,1
3.1789473684210527,15,-0.007999999999999993,44.0,415.0,1,1
3.1789473684210527,16,-0.04000000000000001,72.0,63.0,1,1
3.1789473684210527,17,0.0,30.0,543.0,1,1
3.1789473684210527,18,-0.054000000000000006,306.0,383.0,1,1
3.1789473684210527,19,-0.019999999999999997,154.0,31.0,1,1
3.1789473684210527,20,-0.04200000000000001,207.0,63.0,1,1
3.1789473684210527,21,-0.04,39.0,511.0,1,1
3.1789473684210527,22,-0.038,45.0,319.0,1,1
3.1789473684210527,23,-0.048,388.0,255.0,1,1
3.1789473684210527,24,-0.006000000000000005,33.0,671.0,1,1
3.1789473684210527,25,-0.025999999999999995,81.0,351.0,1,1
3.1789473684210527,26,-0.006000000000000005,387.0,511.0,1,1
3.1789473684210527,27,0.010000000000000002,49.0,63.0,1,1
3.1789473684210527,28,-0.005999999999999998,29.0,31.0,1,1
3.1789473684210527,29,0.008,41.0,1663.0,1,1
3.1789473684210527,30,-0.03799999999999999,74.0,63.0,1,1
3.1789473684210527,31,-0.011999999999999997,33.0,1151.0,1,1
3.1789473684210527,32,0.013999999999999999,32.0,31.0,1,1
3.1789473684210527,33,-0.04000000000000001,204.0,31.0,1,1
3.1789473684210527,34,-0.008000000000000007,57.0,63.0,1,1
3.1789473684210527,35,-0.01200000000000001,369.0,383.0,1,1
3.1789473684210527,36,-0.022000000000000006,288.0,351.0,1,1
3.1789473684210527,37,0.0040000000000000036,40.0,639.0,1,1
3.1789473684210527,38,-0.009999999999999995,24.0,31.0,1,1
3.1789473684210527,39,-0.017999999999999995,311.0,63.0,1,1
3.1789473684210527,40,-0.022000000000000006,38.0,31.0,1,1
3.1789473684210527,41,-0.05400000000000002,336.0,415.0,1,1
3.1789473684210527,42,0.01200000000000001,601.0,607.0,1,1
3.1789473684210527,43,-0.025999999999999995,386.0,607.0,1,1
3.1789473684210527,44,0.007999999999999993,350.0,31.0,1,1
3.1789473684210527,45,-0.006000000000000005,29.0,31.0,1,1
3.1789473684210527,46,-0.08,53.0,63.0,1,1
3.1789473684210527,47,-0.022000000000000006,45.0,63.0,1,1
3.1789473684210527,48,-0.009999999999999995,90.0,95.0,1,1
3.1789473684210527,49,-0.001999999999999995,45.0,543.0,1,1
3.1789473684210527,50,-0.005999999999999998,37.0,479.0,1,1
3.1789473684210527,51,-0.024000000000000007,62.0,287.0,1,1
3.1789473684210527,52,0.052000000000000005,465.0,63.0,1,1
3.1789473684210527,53,-0.026000000000000002,449.0,479.0,1,1
3.1789473684210527,54,0.044,219.0,223.0,1,1
3.1789473684210527,55,0.018000000000000002,314.0,351.0,1,1
3.1789473684210527,56,0.02600000000000001,203.0,95.0,1,1
3.1789473684210527,57,-0.032000000000000015,123.0,351.0,1,1
3.1789473684210527,58,0.0,41.0,735.0,1,1
3.1789473684210527,59,-0.03,54.0,63.0,1,1
3.1789473684210527,60,-0.021999999999999992,53.0,63.0,1,1
3.1789473684210527,61,0.0,31.0,511.0,1,1
3.1789473684210527,62,-0.07200000000000001,73.0,31.0,1,1
3.1789473684210527,63,-0.057999999999999996,51.0,63.0,1,1
3.1789473684210527,64,-0.007999999999999993,57.0,479.0,1,1
3.1789473684210527,65,-0.03,46.0,415.0,1,1
3.1789473684210527,66,-0.025999999999999995,60.0,63.0,1,1
3.1789473684210527,67,-0.014000000000000005,45.0,607.0,1,1
3.1789473684210527,68,0.022000000000000006,28.0,31.0,1,1
3.1789473684210527,69,-0.009999999999999995,54.0,415.0,1,1
3.1789473684210527,70,-0.008000000000000007,253.0,31.0,1,1
3.1789473684210527,71,0.03,91.0,95.0,1,1
3.1789473684210527,72,-0.016,36.0,767.0,1,1
3.1789473684210527,73,-0.041999999999999996,264.0,575.0,1,1
3.1789473684210527,74,-0.027999999999999997,108.0,223.0,1,1
3.1789473684210527,75,0.003999999999999997,25.0,31.0,1,1
3.1789473684210527,76,0.009999999999999998,25.0,31.0,1,1
3.1789473684210527,77,0.066,969.0,127.0,1,1
3.1789473684210527,78,-0.0040000000000000036,20.0,31.0,1,1
3.1789473684210527,79,-0.0040000000000000036,49.0,415.0,1,1
3.1789473684210527,80,-0.003999999999999997,185.0,31.0,1,1
3.1789473684210527,81,-0.006000000000000005,34.0,479.0,1,1
3.1789473684210527,82,-0.009999999999999995,52.0,319.0,1,1
3.1789473684210527,83,-0.09,50.0,255.0,1,1
3.1789473684210527,84,-0.008000000000000007,40.0,351.0,1,1
3.1789473684210527,85,0.0040000000000000036,28.0,31.0,1,1
3.1789473684210527,86,-0.0020000000000000018,119.0,127.0,1,1
3.1789473684210527,87,0.001999999999999995,27.0,543.0,1,1
3.1789473684210527,88,-0.015999999999999986,37.0,415.0,1,1
3.1789473684210527,89,-0.017999999999999995,36.0,575.0,1,1
3.1789473684210527,90,0.0,31.0,31.0,1,1
3.1789473684210527,91,-0.008,25.0,319.0,1,1
3.1789473684210527,92,0.0020000000000000018,44.0,767.0,1,1
3.1789473684210527,93,-0.036000000000000004,40.0,319.0,1,1
3.1789473684210527,94,0.027999999999999983,552.0,31.0,1,1
3.1789473684210527,95,0.011999999999999997,27.0,31.0,1,1
3.1789473684210527,96,0.008000000000000004,1124.0,351.0,1,1
3.1789473684210527,97,-0.0020000000000000018,52.0,319.0,1,1
3.1789473684210527,98,0.0040000000000000036,401.0,575.0,1,1
3.1789473684210527,99,-0.0020000000000000018,69.0,351.0,1,1
3.1789473684210527,100,0.022000000000000006,28.0,31.0,1,1
3.3842105263157896,1,-0.006000000000000005,50.0,63.0,1,1
3.3842105263157896,2,-0.036000000000000004,49.0,63.0,1,1
3.3842105263157896,3,-0.031999999999999994,39.0,447.0,1,1
3.3842105263157896,4,-0.016000000000000007,60.0,383.0,1,1
3.3842105263157896,5,-0.0020000000000000018,428.0,31.0,1,1
3.3842105263157896,6,0.022,24.0,863.0,1,1
3.3842105263157896,7,0.014000000000000005,27.0,31.0,1,1
3.3842105263157896,8,-0.031999999999999994,46.0,383.0,1,1
3.3842105263157896,9,-0.033999999999999996,51.0,383.0,1,1
3.3842105263157896,10,0.036000000000000004,460.0,351.0,1,1
3.3842105263157896,11,0.021999999999999992,355.0,31.0,1,1
3.3842105263157896,12,-0.041999999999999996,190.0,287.0,1,1
3.3842105263157896,13,-0.039999999999999994,35.0,447.0,1,1
3.3842105263157896,14,-0.009999999999999995,367.0,479.0,1,1
3.3842105263157896,15,-0.023999999999999994,44.0,383.0,1,1
3.3842105263157896,16,-0.05,72.0,63.0,1,1
3.3842105263157896,17,-0.013999999999999999,30.0,383.0,1,1
3.3842105263157896,18,-0.05600000000000001,366.0,383.0,1,1
3.3842105263157896,19,-0.03,154.0,31.0,1,1
3.3842105263157896,20,-0.04400000000000001,207.0,63.0,1,1
3.3842105263157896,21,-0.049999999999999996,39.0,415.0,1,1
3.3842105263157896,22,-0.04,45.0,287.0,1,1
3.3842105263157896,23,-0.048,388.0,255.0,1,1
3.3842105263157896,24,-0.012000000000000004,33.0,639.0,1,1
3.3842105263157896,25,-0.025999999999999995,81.0,351.0,1,1
3.3842105263157896,26,-0.0020000000000000018,367.0,575.0,1,1
3.3842105263157896,27,0.008,49.0,63.0,1,1
3.3842105263157896,28,-0.008,29.0,31.0,1,1
3.3842105263157896,29,0.0040000000000000036,41.0,1151.0,1,1
3.3842105263157896,30,-0.041999999999999996,74.0,63.0,1,1
3.3842105263157896,31,-0.016,33.0,767.0,1,1
3.3842105263157896,32,0.005999999999999998,31.0,31.0,1,1
3.3842105263157896,33,-0.042,222.0,31.0,1,1
3.3842105263157896,34,-0.014000000000000005,57.0,63.0,1,1
3.3842105263157896,35,-0.01200000000000001,369.0,383.0,1,1
3.3842105263157896,36,-0.02600000000000001,285.0,351.0,1,1
3.3842105263157896,37,-0.011999999999999997,40.0,479.0,1,1
3.3842105263157896,38,-0.027999999999999997,23.0,31.0,1,1
3.3842105263157896,39,-0.023999999999999994,278.0,63.0,1,1
3.3842105263157896,40,-0.028000000000000004,38.0,31.0,1,1
3.3842105263157896,41,-0.062,329.0,383.0,1,1
3.3842105263157896,42,0.014000000000000012,554.0,575.0,1,1
3.3842105263157896,43,-0.03799999999999999,344.0,511.0,1,1
3.3842105263157896,44,0.0059999999999999915,350.0,31.0,1,1
3.3842105263157896,45,-0.012000000000000004,29.0,31.0,1,1
3.3842105263157896,46,-0.076,53.0,63.0,1,1
3.3842105263157896,47,-0.022000000000000006,45.0,63.0,1,1
3.3842105263157896,48,-0.007999999999999993,90.0,95.0,1,1
3.3842105263157896,49,-0.017999999999999995,45.0,447.0,1,1
3.3842105263157896,50,-0.013999999999999999,37.0,383.0,1,1
3.3842105263157896,51,-0.034,62.0,287.0,1,1
3.3842105263157896,52,0.05,468.0,63.0,1,1
3.3842105263157896,53,-0.03200000000000001,359.0,479.0,1,1
3.3842105263157896,54,0.039999999999999994,219.0,223.0,1,1
3.3842105263157896,55,0.016,314.0,351.0,1,1
3.3842105263157896,56,-0.008000000000000007,139.0,95.0,1,1
3.3842105263157896,57,-0.018000000000000016,158.0,351.0,1,1
3.3842105263157896,58,-0.012000000000000004,41.0,543.0,1,1
3.3842105263157896,59,-0.04000000000000001,54.0,63.0,1,1
3.3842105263157896,60,-0.023999999999999994,53.0,63.0,1,1
3.3842105263157896,61,-0.008,31.0,447.0,1,1
3.3842105263157896,62,-0.07600000000000001,73.0,31.0,1,1
3.3842105263157896,63,-0.06999999999999999,45.0,31.0,1,1
3.3842105263157896,64,-0.009999999999999995,57.0,479.0,1,1
3.3842105263157896,65,-0.03,46.0,415.0,1,1
3.3842105263157896,66,-0.018000000000000002,60.0,63.0,1,1
3.3842105263157896,67,-0.022000000000000006,45.0,511.0,1,1
3.3842105263157896,68,0.022000000000000006,28.0,31.0,1,1
3.3842105263157896,69,-0.007999999999999993,50.0,415.0,1,1
3.3842105263157896,70,-0.011999999999999997,265.0,31.0,1,1
3.3842105263157896,71,0.013999999999999999,92.0,95.0,1,1
3.3842105263157896,72,-0.019999999999999997,35.0,671.0,1,1
3.3842105263157896,73,-0.049999999999999996,264.0,479.0,1,1
3.3842105263157896,74,-0.03,108.0,223.0,1,1
3.3842105263157896,75,0.005999999999999998,25.0,31.0,1,1
3.3842105263157896,76,0.014000000000000002,25.0,31.0,1,1
3.3842105263157896,77,0.068,925.0,127.0,1,1
3.3842105263157896,78,-0.008,20.0,31.0,1,1
3.3842105263157896,79,-0.008000000000000007,49.0,383.0,1,1
3.3842105263157896,80,-0.003999999999999997,185.0,31.0,1,1
3.3842105263157896,81,-0.014000000000000005,34.0,415.0,1,1
3.3842105263157896,82,-0.027999999999999997,52.0,287.0,1,1
3.3842105263157896,83,-0.09,50.0,255.0,1,1
3.3842105263157896,84,-0.012000000000000004,40.0,351.0,1,1
3.3842105263157896,85,-0.011999999999999997,28.0,31.0,1,1
3.3842105263157896,86,-0.0020000000000000018,119.0,127.0,1,1
3.3842105263157896,87,0.0,27.0,543.0,1,1
3.3842105263157896,88,-0.015999999999999986,37.0,415.0,1,1
3.3842105263157896,89,-0.019999999999999997,36.0,575.0,1,1
3.3842105263157896,90,-0.0040000000000000036,31.0,31.0,1,1
3.3842105263157896,91,-0.016,25.0,255.0,1,1
3.3842105263157896,92,-0.005999999999999998,43.0,543.0,1,1
3.3842105263157896,93,-0.036000000000000004,40.0,319.0,1,1
3.3842105263157896,94,0.027999999999999983,560.0,31.0,1,1
3.3842105263157896,95,0.0020000000000000018,27.0,31.0,1,1
3.3842105263157896,96,0.0,2075.0,255.0,1,1
3.3842105263157896,97,-0.0020000000000000018,52.0,319.0,1,1
3.3842105263157896,98,-0.016,346.0,511.0,1,1
3.3842105263157896,99,-0.011999999999999997,63.0,63.0,1,1
3.3842105263157896,100,0.012000000000000004,28.0,31.0,1,1
3.5894736842105264,1,-0.011999999999999997,50.0,63.0,1,1
3.5894736842105264,2,-0.05,49.0,63.0,1,1
3.5894736842105264,3,-0.044,39.0,383.0,1,1
3.5894736842105264,4,-0.018000000000000002,55.0,415.0,1,1
3.5894736842105264,5,-0.0020000000000000018,428.0,31.0,1,1
3.5894736842105264,6,0.013999999999999999,24.0,639.0,1,1
3.5894736842105264,7,0.016,27.0,31.0,1,1
3.5894736842105264,8,-0.039999999999999994,46.0,319.0,1,1
3.5894736842105264,9,-0.036,51.0,383.0,1,1
3.5894736842105264,10,0.036000000000000004,460.0,351.0,1,1
3.5894736842105264,11,0.009999999999999995,314.0,31.0,1,1
3.5894736842105264,12,-0.056,186.0,287.0,1,1
3.5894736842105264,13,-0.047999999999999994,34.0,383.0,1,1
3.5894736842105264,14,-0.013999999999999999,357.0,447.0,1,1
3.5894736842105264,15,-0.027999999999999997,44.0,319.0,1,1
3.5894736842105264,16,-0.05,72.0,63.0,1,1
3.5894736842105264,17,-0.016,30.0,383.0,1,1
3.5894736842105264,18,-0.062000000000000006,310.0,383.0,1,1
3.5894736842105264,19,-0.03,154.0,31.0,1,1
3.5894736842105264,20,-0.038000000000000006,223.0,63.0,1,1
3.5894736842105264,21,-0.049999999999999996,39.0,415.0,1,1
3.5894736842105264,22,-0.044,45.0,287.0,1,1
3.5894736842105264,23,-0.048,388.0,255.0,1,1
3.5894736842105264,24,-0.012000000000000004,33.0,671.0,1,1
3.5894736842105264,25,-0.03,81.0,351.0,1,1
3.5894736842105264,26,-0.0020000000000000018,367.0,575.0,1,1
3.5894736842105264,27,-0.003999999999999997,49.0,447.0,1,1
3.5894736842105264,28,-0.008,29.0,31.0,1,1
3.5894736842105264,29,-0.001999999999999995,41.0,927.0,1,1
3.5894736842105264,30,-0.041999999999999996,74.0,63.0,1,1
3.5894736842105264,31,-0.016,33.0,735.0,1,1
3.5894736842105264,32,0.005999999999999998,31.0,31.0,1,1
3.5894736842105264,33,-0.054000000000000006,169.0,31.0,1,1
3.5894736842105264,34,-0.014000000000000005,57.0,63.0,1,1
3.5894736842105264,35,-0.02800000000000001,333.0,351.0,1,1
3.5894736842105264,36,-0.024000000000000007,293.0,351.0,1,1
3.5894736842105264,37,-0.013999999999999999,40.0,479.0,1,1
3.5894736842105264,38,-0.027999999999999997,23.0,31.0,1,1
3.5894736842105264,39,-0.027999999999999997,249.0,639.0,1,1
3.5894736842105264,40,-0.024000000000000007,31.0,31.0,1,1
3.5894736842105264,41,-0.062,329.0,383.0,1,1
3.5894736842105264,42,0.014000000000000012,554.0,575.0,1,1
3.5894736842105264,43,-0.03799999999999999,344.0,511.0,1,1
3.5894736842105264,44,0.009999999999999995,355.0,31.0,1,1
3.5894736842105264,45,-0.014000000000000005,29.0,31.0,1,1
3.5894736842105264,46,-0.09,51.0,63.0,1,1
3.5894736842105264,47,-0.036,45.0,383.0,1,1
3.5894736842105264,48,-0.009999999999999995,90.0,95.0,1,1
3.5894736842105264,49,-0.017999999999999995,45.0,447.0,1,1
3.5894736842105264,50,-0.013999999999999999,37.0,383.0,1,1
3.5894736842105264,51,-0.042,62.0,287.0,1,1
3.5894736842105264,52,0.048,471.0,95.0,1,1
3.5894736842105264,53,-0.034,359.0,415.0,1,1
3.5894736842105264,54,0.048,253.0,223.0,1,1
3.5894736842105264,55,0.016,314.0,351.0,1,1
3.5894736842105264,56,-0.011999999999999997,139.0,95.0,1,1
3.5894736842105264,57,-0.018000000000000016,158.0,351.0,1,1
3.5894736842105264,58,-0.014000000000000005,41.0,511.0,1,1
3.5894736842105264,59,-0.044,54.0,63.0,1,1
3.5894736842105264,60,-0.025999999999999995,53.0,63.0,1,1
3.5894736842105264,61,-0.011999999999999997,27.0,415.0,1,1
3.5894736842105264,62,-0.07600000000000001,73.0,31.0,1,1
3.5894736842105264,63,-0.06999999999999999,45.0,31.0,1,1
3.5894736842105264,64,0.08000000000000002,832.0,831.0,1,1
3.5894736842105264,65,-0.032,46.0,415.0,1,1
3.5894736842105264,66,-0.027999999999999997,61.0,63.0,1,1
3.5894736842105264,67,-0.022000000000000006,45.0,511.0,1,1
3.5894736842105264,68,0.0,28.0,31.0,1,1
3.5894736842105264,69,-0.015999999999999993,50.0,351.0,1,1
3.5894736842105264,70,-0.024000000000000007,259.0,31.0,1,1
3.5894736842105264,71,-0.0020000000000000018,92.0,95.0,1,1
3.5894736842105264,72,-0.034,35.0,447.0,1,1
3.5894736842105264,73,-0.049999999999999996,264.0,479.0,1,1
3.5894736842105264,74,-0.032,108.0,223.0,1,1
3.5894736842105264,75,-0.005999999999999998,25.0,31.0,1,1
3.5894736842105264,76,0.012,25.0,31.0,1,1
3.5894736842105264,77,-0.032,135.0,127.0,1,1
3.5894736842105264,78,-0.010000000000000002,20.0,31.0,1,1
3.5894736842105264,79,-0.012000000000000004,49.0,319.0,1,1
3.5894736842105264,80,-0.011999999999999997,185.0,31.0,1,1
3.5894736842105264,81,-0.016,34.0,383.0,1,1
3.5894736842105264,82,-0.032,52.0,255.0,1,1
3.5894736842105264,83,-0.09,50.0,255.0,1,1
3.5894736842105264,84,-0.012000000000000004,40.0,351.0,1,1
3.5894736842105264,85,-0.016,28.0,31.0,1,1
3.5894736842105264,86,-0.031999999999999994,51.0,319.0,1,1
3.5894736842105264,87,0.001999999999999995,27.0,543.0,1,1
3.5894736842105264,88,-0.021999999999999992,37.0,351.0,1,1
3.5894736842105264,89,-0.023999999999999994,36.0,543.0,1,1
3.5894736842105264,90,-0.020000000000000004,31.0,31.0,1,1
3.5894736842105264,91,-0.016,25.0,255.0,1,1
3.5894736842105264,92,-0.010000000000000002,43.0,479.0,1,1
3.5894736842105264,93,-0.036000000000000004,40.0,319.0,1,1
3.5894736842105264,94,0.0059999999999999915,446.0,31.0,1,1
3.5894736842105264,95,0.0020000000000000018,27.0,31.0,1,1
3.5894736842105264,96,-0.0019999999999999983,1855.0,255.0,1,1
3.5894736842105264,97,-0.0020000000000000018,52.0,319.0,1,1
3.5894736842105264,98,-0.016,341.0,63.0,1,1
3.5894736842105264,99,-0.013999999999999999,63.0,63.0,1,1
3.5894736842105264,100,0.0040000000000000036,28.0,31.0,1,1
3.794736842105263,1,-0.03,50.0,63.0,1,1
3.794736842105263,2,-0.05,49.0,63.0,1,1
3.794736842105263,3,-0.04599999999999999,39.0,319.0,1,1
3.794736842105263,4,-0.018000000000000002,55.0,415.0,1,1
3.794736842105263,5,-0.0020000000000000018,428.0,31.0,1,1
3.794736842105263,6,0.016,24.0,735.0,1,1
3.794736842105263,7,-0.008,27.0,31.0,1,1
3.794736842105263,8,-0.039999999999999994,46.0,319.0,1,1
3.794736842105263,9,-0.036,50.0,383.0,1,1
3.794736842105263,10,0.036000000000000004,460.0,351.0,1,1
3.794736842105263,11,0.007999999999999993,314.0,31.0,1,1
3.794736842105263,12,-0.066,186.0,287.0,1,1
3.794736842105263,13,-0.047999999999999994,34.0,383.0,1,1
3.794736842105263,14,-0.01999999999999999,357.0,415.0,1,1
3.794736842105263,15,-0.027999999999999997,44.0,319.0,1,1
3.794736842105263,16,-0.054000000000000006,72.0,63.0,1,1
3.794736842105263,17,-0.016,30.0,383.0,1,1
3.794736842105263,18,-0.064,310.0,383.0,1,1
3.794736842105263,19,-0.04,211.0,31.0,1,1
3.794736842105263,20,-0.04200000000000001,211.0,63.0,1,1
3.794736842105263,21,-0.049999999999999996,39.0,415.0,1,1
3.794736842105263,22,-0.044,45.0,287.0,1,1
3.794736842105263,23,-0.048,388.0,255.0,1,1
3.794736842105263,24,-0.014000000000000005,33.0,639.0,1,1
3.794736842105263,25,-0.03,81.0,351.0,1,1
3.794736842105263,26,-0.0020000000000000018,367.0,575.0,1,1
3.794736842105263,27,-0.008,49.0,415.0,1,1
3.794736842105263,28,-0.011999999999999997,29.0,31.0,1,1
3.794736842105263,29,-0.005999999999999998,41.0,799.0,1,1
3.794736842105263,30,-0.046,74.0,63.0,1,1
3.794736842105263,31,-0.017999999999999995,33.0,671.0,1,1
3.794736842105263,32,0.008,31.0,31.0,1,1
3.794736842105263,33,-0.054000000000000006,169.0,31.0,1,1
3.794736842105263,34,-0.014000000000000005,57.0,63.0,1,1
3.794736842105263,35,-0.034000000000000016,320.0,351.0,1,1
3.794736842105263,36,-0.02800000000000001,277.0,319.0,1,1
3.794736842105263,37,-0.017999999999999995,40.0,447.0,1,1
3.794736842105263,38,-0.027999999999999997,23.0,31.0,1,1
3.794736842105263,39,-0.027999999999999997,249.0,607.0,1,1
3.794736842105263,40,-0.024000000000000007,31.0,31.0,1,1
3.794736842105263,41,-0.064,329.0,383.0,1,1
3.794736842105263,42,0.014000000000000012,554.0,575.0,1,1
3.794736842105263,43,-0.039999999999999994,344.0,479.0,1,1
3.794736842105263,44,0.007999999999999993,346.0,31.0,1,1
3.794736842105263,45,-0.014000000000000005,29.0,31.0,1,1
3.794736842105263,46,-0.09,51.0,63.0,1,1
3.794736842105263,47,-0.044,45.0,351.0,1,1
3.794736842105263,48,-0.013999999999999992,90.0,95.0,1,1
3.794736842105263,49,-0.019999999999999997,45.0,415.0,1,1
3.794736842105263,50,-0.013999999999999999,37.0,383.0,1,1
3.794736842105263,51,-0.044000000000000004,62.0,287.0,1,1
3.794736842105263,52,0.048,485.0,95.0,1,1
3.794736842105263,53,-0.034,359.0,415.0,1,1
3.794736842105263,54,0.048,253.0,223.0,1,1
3.794736842105263,55,0.006000000000000005,293.0,351.0,1,1
3.794736842105263,56,-0.010000000000000009,134.0,95.0,1,1
3.794736842105263,57,-0.02800000000000001,158.0,319.0,1,1
3.794736842105263,58,-0.014000000000000005,41.0,511.0,1,1
3.794736842105263,59,-0.060000000000000005,54.0,63.0,1,1
3.794736842105263,60,-0.03,53.0,63.0,1,1
3.794736842105263,61,-0.011999999999999997,27.0,415.0,1,1
3.794736842105263,62,-0.082,73.0,31.0,1,1
3.794736842105263,63,-0.06999999999999999,45.0,31.0,1,1
3.794736842105263,64,0.07800000000000001,811.0,799.0,1,1
3.794736842105263,65,-0.032,46.0,415.0,1,1
3.794736842105263,66,-0.036000000000000004,61.0,63.0,1,1
3.794736842105263,67,-0.024000000000000007,45.0,479.0,1,1
3.794736842105263,68,-0.001999999999999995,25.0,31.0,1,1
3.794736842105263,69,-0.017999999999999995,50.0,383.0,1,1
3.794736842105263,70,-0.024000000000000007,259.0,31.0,1,1
3.794736842105263,71,-0.0020000000000000018,92.0,95.0,1,1
3.794736842105263,72,-0.034,35.0,447.0,1,1
3.794736842105263,73,-0.049999999999999996,264.0,479.0,1,1
3.794736842105263,74,-0.032,108.0,223.0,1,1
3.794736842105263,75,-0.005999999999999998,25.0,31.0,1,1
3.794736842105263,76,0.009999999999999998,25.0,31.0,1,1
3.794736842105263,77,0.066,928.0,127.0,1,1
3.794736842105263,78,-0.012,20.0,31.0,1,1
3.794736842105263,79,-0.016000000000000007,49.0,287.0,1,1
3.794736842105263,80,-0.018000000000000002,185.0,31.0,1,1
3.794736842105263,81,-0.024,34.0,351.0,1,1
3.794736842105263,82,-0.036,52.0,255.0,1,1
3.794736842105263,83,-0.09,50.0,255.0,1,1
3.794736842105263,84,-0.01800000000000001,40.0,319.0,1,1
3.794736842105263,85,-0.016,25.0,31.0,1,1
3.794736842105263,86,-0.038,51.0,287.0,1,1
3.794736842105263,87,-0.0040000000000000036,27.0,415.0,1,1
3.794736842105263,88,-0.021999999999999992,37.0,351.0,1,1
3.794736842105263,89,-0.025999999999999995,33.0,511.0,1,1
3.794736842105263,90,-0.020000000000000004,31.0,31.0,1,1
3.794736842105263,91,-0.016,25.0,255.0,1,1
3.794736842105263,92,-0.010000000000000002,43.0,479.0,1,1
3.794736842105263,93,-0.036000000000000004,40.0,319.0,1,1
3.794736842105263,94,0.0059999999999999915,446.0,31.0,1,1
3.794736842105263,95,0.0020000000000000018,27.0,31.0,1,1
3.794736842105263,96,-0.0019999999999999983,1744.0,255.0,1,1
3.794736842105263,97,0.0,52.0,351.0,1,1
3.794736842105263,98,-0.020000000000000004,327.0,63.0,1,1
3.794736842105263,99,-0.016,63.0,63.0,1,1
3.794736842105263,100,0.0,28.0,31.0,1,1
4.0,1,-0.03,50.0,63.0,1,1
4.0,2,-0.052000000000000005,49.0,63.0,1,1
4.0,3,-0.047999999999999994,39.0,319.0,1,1
4.0,4,-0.020000000000000004,55.0,415.0,1,1
4.0,5,-0.009999999999999981,407.0,31.0,1,1
4.0,6,0.008,24.0,575.0,1,1
4.0,7,-0.011999999999999997,27.0,31.0,1,1
4.0,8,-0.039999999999999994,46.0,319.0,1,1
4.0,9,-0.036,50.0,383.0,1,1
4.0,10,0.006000000000000005,430.0,351.0,1,1
4.0,11,0.007999999999999993,314.0,31.0,1,1
4.0,12,-0.07200000000000001,186.0,255.0,1,1
4.0,13,-0.047999999999999994,34.0,383.0,1,1
4.0,14,-0.01999999999999999,357.0,415.0,1,1
4.0,15,-0.029999999999999992,44.0,319.0,1,1
4.0,16,-0.054000000000000006,72.0,63.0,1,1
4.0,17,-0.016,30.0,383.0,1,1
4.0,18,-0.07200000000000001,253.0,319.0,1,1
4.0,19,-0.042,170.0,31.0,1,1
4.0,20,-0.04200000000000001,209.0,63.0,1,1
4.0,21,-0.052,39.0,415.0,1,1
4.0,22,-0.044,45.0,287.0,1,1
4.0,23,-0.048,388.0,255.0,1,1
4.0,24,-0.014000000000000005,33.0,639.0,1,1
4.0,25,-0.034,73.0,63.0,1,1
4.0,26,-0.009999999999999995,356.0,479.0,1,1
4.0,27,-0.010000000000000002,49.0,415.0,1,1
4.0,28,-0.011999999999999997,29.0,31.0,1,1
4.0,29,-0.005999999999999998,41.0,799.0,1,1
4.0,30,-0.04999999999999999,74.0,63.0,1,1
4.0,31,-0.017999999999999995,33.0,671.0,1,1
4.0,32,0.0040000000000000036,31.0,31.0,1,1
4.0,33,-0.054000000000000006,169.0,31.0,1,1
4.0,34,-0.016000000000000007,57.0,63.0,1,1
4.0,35,-0.03600000000000002,320.0,351.0,1,1
4.0,36,-0.032,261.0,319.0,1,1
4.0,37,-0.019999999999999997,40.0,447.0,1,1
4.0,38,-0.027999999999999997,23.0,31.0,1,1
4.0,39,-0.027999999999999997,249.0,607.0,1,1
4.0,40,-0.036000000000000004,31.0,31.0,1,1
4.0,41,-0.064,329.0,383.0,1,1
4.0,42,0.015999999999999986,551.0,575.0,1,1
4.0,43,-0.039999999999999994,344.0,479.0,1,1
4.0,44,0.007999999999999993,346.0,31.0,1,1
4.0,45,-0.014000000000000005,29.0,31.0,1,1
4.0,46,-0.09,51.0,63.0,1,1
4.0,47,-0.044,45.0,351.0,1,1
4.0,48,-0.013999999999999992,90.0,95.0,1,1
4.0,49,-0.019999999999999997,45.0,415.0,1,1
4.0,50,-0.013999999999999999,37.0,383.0,1,1
4.0,51,-0.04800000000000001,59.0,255.0,1,1
4.0,52,0.048,485.0,95.0,1,1
4.0,53,-0.036000000000000004,359.0,415.0,1,1
4.0,54,0.06,286.0,255.0,1,1
4.0,55,0.0040000000000000036,250.0,319.0,1,1
4.0,56,-0.010000000000000009,134.0,95.0,1,1
4.0,57,-0.02800000000000001,158.0,319.0,1,1
4.0,58,-0.018000000000000002,41.0,479.0,1,1
4.0,59,-0.060000000000000005,54.0,63.0,1,1
4.0,60,-0.032,53.0,63.0,1,1
4.0,61,-0.018000000000000002,27.0,383.0,1,1
4.0,62,-0.084,73.0,31.0,1,1
4.0,63,-0.06999999999999999,45.0,31.0,1,1
4.0,64,0.07200000000000001,805.0,799.0,1,1
4.0,65,-0.032,46.0,415.0,1,1
4.0,66,-0.04,61.0,63.0,1,1
4.0,67,-0.026000000000000002,45.0,479.0,1,1
4.0,68,-0.001999999999999995,25.0,31.0,1,1
4.0,69,-0.027999999999999997,50.0,319.0,1,1
4.0,70,-0.024000000000000007,259.0,31.0,1,1
4.0,71,-0.0020000000000000018,92.0,95.0,1,1
4.0,72,-0.034,35.0,447.0,1,1
4.0,73,-0.049999999999999996,264.0,479.0,1,1
4.0,74,-0.032,108.0,223.0,1,1
4.0,75,-0.005999999999999998,25.0,31.0,1,1
4.0,76,0.0019999999999999983,25.0,31.0,1,1
4.0,77,0.066,928.0,127.0,1,1
4.0,78,-0.012,20.0,31.0,1,1
4.0,79,-0.016000000000000007,49.0,287.0,1,1
4.0,80,-0.027999999999999997,185.0,31.0,1,1
4.0,81,-0.024,34.0,351.0,1,1
4.0,82,-0.036,52.0,255.0,1,1
4.0,83,-0.09,50.0,255.0,1,1
4.0,84,-0.022000000000000006,40.0,319.0,1,1
4.0,85,-0.016,25.0,31.0,1,1
4.0,86,-0.039999999999999994,51.0,287.0,1,1
4.0,87,-0.008,27.0,383.0,1,1
4.0,88,-0.031999999999999994,37.0,319.0,1,1
4.0,89,-0.025999999999999995,33.0,511.0,1,1
4.0,90,-0.020000000000000004,31.0,31.0,1,1
4.0,91,-0.016,25.0,255.0,1,1
4.0,92,-0.010000000000000002,43.0,479.0,1,1
4.0,93,-0.036000000000000004,40.0,319.0,1,1
4.0,94,0.0059999999999999915,446.0,31.0,1,1
4.0,95,0.0,27.0,31.0,1,1
4.0,96,-0.009999999999999998,598.0,223.0,1,1
4.0,97,-0.008,52.0,319.0,1,1
4.0,98,-0.020000000000000004,327.0,63.0,1,1
4.0,99,-0.016,63.0,63.0,1,1
4.0,100,-0.0020000000000000018,28.0,31.0,1,1
